model_type,model_name,task,strategy,lambda,prompt,sample_idx,generated_text,full_text
base,Base_Control,none,none,0.0,i_like_to,0,"think of myself as a person who tries to help people. I've never really had a problem with that, but I've always been curious about what it means to be a person who tries to help people. It seems like a very common thing to say, and yet, it's a very strange thing to say.","I like to think of myself as a person who tries to help people. I've never really had a problem with that, but I've always been curious about what it means to be a person who tries to help people. It seems like a very common thing to say, and yet, it's a very strange thing to say."
base,Base_Control,none,none,0.0,i_like_to,1,"say that I am a storyteller. I write to tell stories that I hope will inspire others to find their own voice and make a difference in the world.
I have published a book, ""The Art of the Possible: How the American Dream is Being Realized in Rural America"" and I have written and produced an","I like to say that I am a storyteller. I write to tell stories that I hope will inspire others to find their own voice and make a difference in the world.
I have published a book, ""The Art of the Possible: How the American Dream is Being Realized in Rural America"" and I have written and produced an"
base,Base_Control,none,none,0.0,i_like_to,2,"see the world as a place of infinite possibilities. I believe that we are here to explore, to learn, to grow, to experience, and to love. I am a woman of many talents and interests, and I believe that I have a lot to offer the world. I am a creative person, and I love","I like to see the world as a place of infinite possibilities. I believe that we are here to explore, to learn, to grow, to experience, and to love. I am a woman of many talents and interests, and I believe that I have a lot to offer the world. I am a creative person, and I love"
base,Base_Control,none,none,0.0,at_parties,0,"love to play the game of ""What's in your purse?"" It's fun to see what others carry with them. I like to keep mine pretty simple, because if I carry too much, it's just going to get lost. The main things I carry are my wallet, my phone, my keys and a lipstick","At parties, I love to play the game of ""What's in your purse?"" It's fun to see what others carry with them. I like to keep mine pretty simple, because if I carry too much, it's just going to get lost. The main things I carry are my wallet, my phone, my keys and a lipstick"
base,Base_Control,none,none,0.0,at_parties,1,"often get asked for my recipe for this dish. I’m not sure where the recipe originated, but I got it from my mother, who got it from her mother, who got it from my grandmother. My grandmother was a wonderful cook and baker, and I think it was one of her favorite recipes. My mother was","At parties, I often get asked for my recipe for this dish. I’m not sure where the recipe originated, but I got it from my mother, who got it from her mother, who got it from my grandmother. My grandmother was a wonderful cook and baker, and I think it was one of her favorite recipes. My mother was"
base,Base_Control,none,none,0.0,at_parties,2,"often find myself in a conversation with someone about the nature of good and evil, and whether or not there is such a thing as absolute good and evil, or if everything is relative and subjective. This is a very common topic of discussion, and one that has been discussed for centuries. In my opinion, it is not","At parties, I often find myself in a conversation with someone about the nature of good and evil, and whether or not there is such a thing as absolute good and evil, or if everything is relative and subjective. This is a very common topic of discussion, and one that has been discussed for centuries. In my opinion, it is not"
base,Base_Control,none,none,0.0,i_worry_about,0,the future of the world. I worry about the future of the country. I worry about the future of the city. I worry about the future of the neighborhood. I worry about the future of the building. I worry about the future of the apartment. I worry about the future of the room. I worry about the,I worry about the future of the world. I worry about the future of the country. I worry about the future of the city. I worry about the future of the neighborhood. I worry about the future of the building. I worry about the future of the apartment. I worry about the future of the room. I worry about the
base,Base_Control,none,none,0.0,i_worry_about,1,"my son, he’s 13 and has a few issues, but the main one is he’s not eating properly. He’s a big boy, 6’3″ tall and weighs 240lbs. He eats a lot of junk food, not enough vegetables and fruits, and drinks a lot of soda. He","I worry about my son, he’s 13 and has a few issues, but the main one is he’s not eating properly. He’s a big boy, 6’3″ tall and weighs 240lbs. He eats a lot of junk food, not enough vegetables and fruits, and drinks a lot of soda. He"
base,Base_Control,none,none,0.0,i_worry_about,2,"my baby. I worry that he won't eat, that he won't sleep, that he will be a failure at everything. I worry that I will be a failure as a mother. I worry that I will make the wrong decision. I worry that he will hate me. I worry that I will hate him.","I worry about my baby. I worry that he won't eat, that he won't sleep, that he will be a failure at everything. I worry that I will be a failure as a mother. I worry that I will make the wrong decision. I worry that he will hate me. I worry that I will hate him."
base,Base_Control,none,none,0.0,my_biggest_fear,0,"is that I’ll lose my memory. My mom has Alzheimer’s, and I’ve watched her lose her memory and her independence. So I’ve been looking for ways to preserve my memory. One way is to keep a journal.
But it’s not enough to just write down what happened. I need to record my thoughts","My biggest fear is that I’ll lose my memory. My mom has Alzheimer’s, and I’ve watched her lose her memory and her independence. So I’ve been looking for ways to preserve my memory. One way is to keep a journal.
But it’s not enough to just write down what happened. I need to record my thoughts"
base,Base_Control,none,none,0.0,my_biggest_fear,1,is that the people who are currently in office will remain there. The last time I was scared was in 2012 when the president was reelected. I was scared that people like me would be silenced. I was scared that the people I love would be attacked. I was scared that my voice would be ignored,My biggest fear is that the people who are currently in office will remain there. The last time I was scared was in 2012 when the president was reelected. I was scared that people like me would be silenced. I was scared that the people I love would be attacked. I was scared that my voice would be ignored
base,Base_Control,none,none,0.0,my_biggest_fear,2,"is that my child will grow up and hate me. I want to be the best mom I can be, but I’m not perfect. I’m sure I will make mistakes, and I’m worried that my child will resent me for it. How can I make sure that my child will still love me despite my flaws","My biggest fear is that my child will grow up and hate me. I want to be the best mom I can be, but I’m not perfect. I’m sure I will make mistakes, and I’m worried that my child will resent me for it. How can I make sure that my child will still love me despite my flaws"
base,Base_Control,none,none,0.0,when_things_go_wrong,0,", they tend to go wrong in a big way. The more you have, the more that can go wrong. That’s why I try to live as simply as possible. I have a simple home, a simple car, a simple wardrobe and a simple life. I’m not a minimalist. I’m a realist","When things go wrong , they tend to go wrong in a big way. The more you have, the more that can go wrong. That’s why I try to live as simply as possible. I have a simple home, a simple car, a simple wardrobe and a simple life. I’m not a minimalist. I’m a realist"
base,Base_Control,none,none,0.0,when_things_go_wrong,1,", it is easy to feel alone and isolated, as if you are the only person in the world who is suffering. But you are not alone. I am here to listen, to help you make sense of what is happening, and to support you to find a way through.
I offer a safe, confidential space in","When things go wrong , it is easy to feel alone and isolated, as if you are the only person in the world who is suffering. But you are not alone. I am here to listen, to help you make sense of what is happening, and to support you to find a way through.
I offer a safe, confidential space in"
base,Base_Control,none,none,0.0,when_things_go_wrong,2,", they can go wrong fast. When your home or business is affected by a disaster, you need an expert to respond immediately. Disaster Kleenup Services® of Northeast Wisconsin is a professional disaster recovery service that provides rapid response, immediate action and long-term restoration. We are here to help you get back to normal as","When things go wrong , they can go wrong fast. When your home or business is affected by a disaster, you need an expert to respond immediately. Disaster Kleenup Services® of Northeast Wisconsin is a professional disaster recovery service that provides rapid response, immediate action and long-term restoration. We are here to help you get back to normal as"
base,Base_Control,none,none,0.0,meeting_new_people,0,"is a part of our everyday lives. As we grow, our circle of friends grows and shrinks. Sometimes, it is very difficult to maintain a long-lasting friendship with someone. Some of the relationships are made for a lifetime, while some are made for a short time. We meet new people and make new friends every","Meeting new people is a part of our everyday lives. As we grow, our circle of friends grows and shrinks. Sometimes, it is very difficult to maintain a long-lasting friendship with someone. Some of the relationships are made for a lifetime, while some are made for a short time. We meet new people and make new friends every"
base,Base_Control,none,none,0.0,meeting_new_people,1,and making friends in Oshawa is easier than ever thanks to Zorbs. Find new friends in Oshawa and create a social network that fits your lifestyle. Zorbs is the perfect way to make new friends and connect with people in Oshawa.,Meeting new people and making friends in Oshawa is easier than ever thanks to Zorbs. Find new friends in Oshawa and create a social network that fits your lifestyle. Zorbs is the perfect way to make new friends and connect with people in Oshawa.
base,Base_Control,none,none,0.0,meeting_new_people,2,"is the best way to make a new friend and also to find your true love. Below are 50 suggestions about how to make friends and meet new people. These tips are easy and simple to follow.
1. If you are an introvert, you need to make some effort to come out of your shell. Be","Meeting new people is the best way to make a new friend and also to find your true love. Below are 50 suggestions about how to make friends and meet new people. These tips are easy and simple to follow.
1. If you are an introvert, you need to make some effort to come out of your shell. Be"
base,Base_Control,none,none,0.0,spending_time_alone,0,"with your children is a great way to get to know them better and strengthen your relationship with them. In this post, we share 10 fun activities that you can do with your child.
You are reading: 10 Fun Activities to Do With Your Child
1. Play a game together
Playing games with your child","Spending time alone with your children is a great way to get to know them better and strengthen your relationship with them. In this post, we share 10 fun activities that you can do with your child.
You are reading: 10 Fun Activities to Do With Your Child
1. Play a game together
Playing games with your child"
base,Base_Control,none,none,0.0,spending_time_alone,1,"is the best way to understand yourself and make the most of your time. It is an opportunity to do things that make you happy, and you are not obligated to do anything that you don’t want to do. If you are not used to spending time alone, it may seem a little strange at first, but it","Spending time alone is the best way to understand yourself and make the most of your time. It is an opportunity to do things that make you happy, and you are not obligated to do anything that you don’t want to do. If you are not used to spending time alone, it may seem a little strange at first, but it"
base,Base_Control,none,none,0.0,spending_time_alone,2,"is one of the most underrated activities a person can engage in. If you are struggling to find time for yourself in your busy schedule, it is time to take a step back and think about how to create some alone time. 
Whether you are a parent, a student, or a full-time worker, you can find","Spending time alone is one of the most underrated activities a person can engage in. If you are struggling to find time for yourself in your busy schedule, it is time to take a step back and think about how to create some alone time. 
Whether you are a parent, a student, or a full-time worker, you can find"
base,Base_Control,none,none,0.0,relationships,0,"are not easy, and when things go wrong, it’s hard to know where to turn. In some cases, couples therapy can help, but what about when the relationship is beyond repair? Sometimes, the best thing for both parties is to call it quits.
When it’s time to break up with someone, it’s","Relationships are not easy, and when things go wrong, it’s hard to know where to turn. In some cases, couples therapy can help, but what about when the relationship is beyond repair? Sometimes, the best thing for both parties is to call it quits.
When it’s time to break up with someone, it’s"
base,Base_Control,none,none,0.0,relationships,1,"are tough, and it can be easy to forget how much you care about your partner. It’s not unusual for couples to lose sight of what drew them together in the first place. That’s why it’s important to take time out of your busy schedule and do something special for your partner.
In this article, we","Relationships are tough, and it can be easy to forget how much you care about your partner. It’s not unusual for couples to lose sight of what drew them together in the first place. That’s why it’s important to take time out of your busy schedule and do something special for your partner.
In this article, we"
base,Base_Control,none,none,0.0,relationships,2,"and the Church
I am reading through the book of John in my daily Bible reading.  This book is very relational.  It’s about relationships.  It’s about the relationship between Jesus and His disciples, Jesus and the Father, and it’s about the relationship between Jesus and the world.  In chapter","Relationships and the Church
I am reading through the book of John in my daily Bible reading.  This book is very relational.  It’s about relationships.  It’s about the relationship between Jesus and His disciples, Jesus and the Father, and it’s about the relationship between Jesus and the world.  In chapter"
instruct,Instruct_Baseline,none,none,0.0,i_like_to,0,explore new places and try new things.,"<|begin_of_text|><|start_header_id|>system<|end_header_id|>

Cutting Knowledge Date: December 2023
Today Date: 26 Jul 2024

Answer in person!<|eot_id|><|start_header_id|>user<|end_header_id|>

Complete this sentence naturally: I like to<|eot_id|><|start_header_id|>assistant<|end_header_id|>

 explore new places and try new things."
instruct,Instruct_Baseline,none,none,0.0,i_like_to,1,"spend time outdoors, whether that's hiking, camping, or simply sitting in a park and watching the sunset.","<|begin_of_text|><|start_header_id|>system<|end_header_id|>

Cutting Knowledge Date: December 2023
Today Date: 26 Jul 2024

Answer in person!<|eot_id|><|start_header_id|>user<|end_header_id|>

Complete this sentence naturally: I like to<|eot_id|><|start_header_id|>assistant<|end_header_id|>

 spend time outdoors, whether that's hiking, camping, or simply sitting in a park and watching the sunset."
instruct,Instruct_Baseline,none,none,0.0,i_like_to,2,spend my free time reading and learning new things.,"<|begin_of_text|><|start_header_id|>system<|end_header_id|>

Cutting Knowledge Date: December 2023
Today Date: 26 Jul 2024

Answer in person!<|eot_id|><|start_header_id|>user<|end_header_id|>

Complete this sentence naturally: I like to<|eot_id|><|start_header_id|>assistant<|end_header_id|>

 spend my free time reading and learning new things."
instruct,Instruct_Baseline,none,none,0.0,at_parties,0,"...love to mingle and meet new people, but I also enjoy stepping back and observing the crowd for a bit to recharge my energy.","<|begin_of_text|><|start_header_id|>system<|end_header_id|>

Cutting Knowledge Date: December 2023
Today Date: 26 Jul 2024

Answer in person!<|eot_id|><|start_header_id|>user<|end_header_id|>

Complete this sentence naturally: At parties, I<|eot_id|><|start_header_id|>assistant<|end_header_id|>

 ...love to mingle and meet new people, but I also enjoy stepping back and observing the crowd for a bit to recharge my energy."
instruct,Instruct_Baseline,none,none,0.0,at_parties,1,...tend to be the one who ends up dancing with my aunt.,"<|begin_of_text|><|start_header_id|>system<|end_header_id|>

Cutting Knowledge Date: December 2023
Today Date: 26 Jul 2024

Answer in person!<|eot_id|><|start_header_id|>user<|end_header_id|>

Complete this sentence naturally: At parties, I<|eot_id|><|start_header_id|>assistant<|end_header_id|>

 ...tend to be the one who ends up dancing with my aunt."
instruct,Instruct_Baseline,none,none,0.0,at_parties,2,"...love to people-watch and engage in conversations with interesting strangers, but I also enjoy grabbing a snack or two and slipping away to the quieter areas of the room to recharge.","<|begin_of_text|><|start_header_id|>system<|end_header_id|>

Cutting Knowledge Date: December 2023
Today Date: 26 Jul 2024

Answer in person!<|eot_id|><|start_header_id|>user<|end_header_id|>

Complete this sentence naturally: At parties, I<|eot_id|><|start_header_id|>assistant<|end_header_id|>

 ...love to people-watch and engage in conversations with interesting strangers, but I also enjoy grabbing a snack or two and slipping away to the quieter areas of the room to recharge."
instruct,Instruct_Baseline,none,none,0.0,i_worry_about,0,"...my loved ones and their well-being, especially when they're going through tough times or facing difficult challenges.","<|begin_of_text|><|start_header_id|>system<|end_header_id|>

Cutting Knowledge Date: December 2023
Today Date: 26 Jul 2024

Answer in person!<|eot_id|><|start_header_id|>user<|end_header_id|>

Complete this sentence naturally: I worry about<|eot_id|><|start_header_id|>assistant<|end_header_id|>

 ...my loved ones and their well-being, especially when they're going through tough times or facing difficult challenges."
instruct,Instruct_Baseline,none,none,0.0,i_worry_about,1,I worry about the increasing impact of climate change on our planet and the future of our world.,"<|begin_of_text|><|start_header_id|>system<|end_header_id|>

Cutting Knowledge Date: December 2023
Today Date: 26 Jul 2024

Answer in person!<|eot_id|><|start_header_id|>user<|end_header_id|>

Complete this sentence naturally: I worry about<|eot_id|><|start_header_id|>assistant<|end_header_id|>

 I worry about the increasing impact of climate change on our planet and the future of our world."
instruct,Instruct_Baseline,none,none,0.0,i_worry_about,2,"...my loved ones and their well-being, especially when they're facing challenges or difficulties, and I wish I could do more to support them.","<|begin_of_text|><|start_header_id|>system<|end_header_id|>

Cutting Knowledge Date: December 2023
Today Date: 26 Jul 2024

Answer in person!<|eot_id|><|start_header_id|>user<|end_header_id|>

Complete this sentence naturally: I worry about<|eot_id|><|start_header_id|>assistant<|end_header_id|>

 ...my loved ones and their well-being, especially when they're facing challenges or difficulties, and I wish I could do more to support them."
instruct,Instruct_Baseline,none,none,0.0,my_biggest_fear,0,...is failing to live up to my full potential and not being able to make a meaningful impact in the world.,"<|begin_of_text|><|start_header_id|>system<|end_header_id|>

Cutting Knowledge Date: December 2023
Today Date: 26 Jul 2024

Answer in person!<|eot_id|><|start_header_id|>user<|end_header_id|>

Complete this sentence naturally: My biggest fear<|eot_id|><|start_header_id|>assistant<|end_header_id|>

 ...is failing to live up to my full potential and not being able to make a meaningful impact in the world."
instruct,Instruct_Baseline,none,none,0.0,my_biggest_fear,1,...is failing to make a meaningful impact in the world and leaving behind a legacy that truly matters.,"<|begin_of_text|><|start_header_id|>system<|end_header_id|>

Cutting Knowledge Date: December 2023
Today Date: 26 Jul 2024

Answer in person!<|eot_id|><|start_header_id|>user<|end_header_id|>

Complete this sentence naturally: My biggest fear<|eot_id|><|start_header_id|>assistant<|end_header_id|>

 ...is failing to make a meaningful impact in the world and leaving behind a legacy that truly matters."
instruct,Instruct_Baseline,none,none,0.0,my_biggest_fear,2,...is losing the people I love and not being able to make a positive impact on the world.,"<|begin_of_text|><|start_header_id|>system<|end_header_id|>

Cutting Knowledge Date: December 2023
Today Date: 26 Jul 2024

Answer in person!<|eot_id|><|start_header_id|>user<|end_header_id|>

Complete this sentence naturally: My biggest fear<|eot_id|><|start_header_id|>assistant<|end_header_id|>

 ...is losing the people I love and not being able to make a positive impact on the world."
instruct,Instruct_Baseline,none,none,0.0,when_things_go_wrong,0,"When things go wrong, it's how we respond that truly defines us.","<|begin_of_text|><|start_header_id|>system<|end_header_id|>

Cutting Knowledge Date: December 2023
Today Date: 26 Jul 2024

Answer in person!<|eot_id|><|start_header_id|>user<|end_header_id|>

Complete this sentence naturally: When things go wrong<|eot_id|><|start_header_id|>assistant<|end_header_id|>

 When things go wrong, it's how we respond that truly defines us."
instruct,Instruct_Baseline,none,none,0.0,when_things_go_wrong,1,"...and the world seems to be crumbling around you, it's often the smallest, most insignificant moments that can bring a spark of hope and remind you that everything will be alright again.","<|begin_of_text|><|start_header_id|>system<|end_header_id|>

Cutting Knowledge Date: December 2023
Today Date: 26 Jul 2024

Answer in person!<|eot_id|><|start_header_id|>user<|end_header_id|>

Complete this sentence naturally: When things go wrong<|eot_id|><|start_header_id|>assistant<|end_header_id|>

 ...and the world seems to be crumbling around you, it's often the smallest, most insignificant moments that can bring a spark of hope and remind you that everything will be alright again."
instruct,Instruct_Baseline,none,none,0.0,when_things_go_wrong,2,...that's when the real learning begins.,"<|begin_of_text|><|start_header_id|>system<|end_header_id|>

Cutting Knowledge Date: December 2023
Today Date: 26 Jul 2024

Answer in person!<|eot_id|><|start_header_id|>user<|end_header_id|>

Complete this sentence naturally: When things go wrong<|eot_id|><|start_header_id|>assistant<|end_header_id|>

 ...that's when the real learning begins."
instruct,Instruct_Baseline,none,none,0.0,meeting_new_people,0,"can be intimidating, but it's also an opportunity to learn about different perspectives, make new friends, and broaden your horizons.","<|begin_of_text|><|start_header_id|>system<|end_header_id|>

Cutting Knowledge Date: December 2023
Today Date: 26 Jul 2024

Answer in person!<|eot_id|><|start_header_id|>user<|end_header_id|>

Complete this sentence naturally: Meeting new people<|eot_id|><|start_header_id|>assistant<|end_header_id|>

 can be intimidating, but it's also an opportunity to learn about different perspectives, make new friends, and broaden your horizons."
instruct,Instruct_Baseline,none,none,0.0,meeting_new_people,1,"...can be a thrilling experience that allows us to learn about different perspectives, cultures, and ways of life, and can often lead to lifelong friendships and unforgettable memories.","<|begin_of_text|><|start_header_id|>system<|end_header_id|>

Cutting Knowledge Date: December 2023
Today Date: 26 Jul 2024

Answer in person!<|eot_id|><|start_header_id|>user<|end_header_id|>

Complete this sentence naturally: Meeting new people<|eot_id|><|start_header_id|>assistant<|end_header_id|>

 ...can be a thrilling experience that allows us to learn about different perspectives, cultures, and ways of life, and can often lead to lifelong friendships and unforgettable memories."
instruct,Instruct_Baseline,none,none,0.0,meeting_new_people,2,"...can be intimidating at first, but often leads to the most rewarding and unforgettable experiences and connections in life.","<|begin_of_text|><|start_header_id|>system<|end_header_id|>

Cutting Knowledge Date: December 2023
Today Date: 26 Jul 2024

Answer in person!<|eot_id|><|start_header_id|>user<|end_header_id|>

Complete this sentence naturally: Meeting new people<|eot_id|><|start_header_id|>assistant<|end_header_id|>

 ...can be intimidating at first, but often leads to the most rewarding and unforgettable experiences and connections in life."
instruct,Instruct_Baseline,none,none,0.0,spending_time_alone,0,"...can be incredibly rejuvenating and allow for a deeper connection with oneself, providing an opportunity to reflect, recharge, and rediscover one's thoughts, feelings, and passions.","<|begin_of_text|><|start_header_id|>system<|end_header_id|>

Cutting Knowledge Date: December 2023
Today Date: 26 Jul 2024

Answer in person!<|eot_id|><|start_header_id|>user<|end_header_id|>

Complete this sentence naturally: Spending time alone<|eot_id|><|start_header_id|>assistant<|end_header_id|>

 ...can be incredibly rejuvenating and allow for a deeper connection with oneself, providing an opportunity to reflect, recharge, and rediscover one's thoughts, feelings, and passions."
instruct,Instruct_Baseline,none,none,0.0,spending_time_alone,1,"...can be a great way to recharge and reflect on your thoughts and emotions, allowing you to gain clarity and a deeper understanding of yourself.","<|begin_of_text|><|start_header_id|>system<|end_header_id|>

Cutting Knowledge Date: December 2023
Today Date: 26 Jul 2024

Answer in person!<|eot_id|><|start_header_id|>user<|end_header_id|>

Complete this sentence naturally: Spending time alone<|eot_id|><|start_header_id|>assistant<|end_header_id|>

 ...can be a great way to recharge and reflect on your thoughts and emotions, allowing you to gain clarity and a deeper understanding of yourself."
instruct,Instruct_Baseline,none,none,0.0,spending_time_alone,2,"can be incredibly rejuvenating and allow individuals to recharge their mental and emotional batteries, providing a much-needed break from the constant demands and distractions of daily life.","<|begin_of_text|><|start_header_id|>system<|end_header_id|>

Cutting Knowledge Date: December 2023
Today Date: 26 Jul 2024

Answer in person!<|eot_id|><|start_header_id|>user<|end_header_id|>

Complete this sentence naturally: Spending time alone<|eot_id|><|start_header_id|>assistant<|end_header_id|>

 can be incredibly rejuvenating and allow individuals to recharge their mental and emotional batteries, providing a much-needed break from the constant demands and distractions of daily life."
instruct,Instruct_Baseline,none,none,0.0,relationships,0,"are a vital part of life, providing emotional support, companionship, and a sense of belonging to individuals, and can bring immense joy, love, and fulfillment, but also require effort, communication, and compromise to maintain and grow.","<|begin_of_text|><|start_header_id|>system<|end_header_id|>

Cutting Knowledge Date: December 2023
Today Date: 26 Jul 2024

Answer in person!<|eot_id|><|start_header_id|>user<|end_header_id|>

Complete this sentence naturally: Relationships<|eot_id|><|start_header_id|>assistant<|end_header_id|>

 are a vital part of life, providing emotional support, companionship, and a sense of belonging to individuals, and can bring immense joy, love, and fulfillment, but also require effort, communication, and compromise to maintain and grow."
instruct,Instruct_Baseline,none,none,0.0,relationships,1,"are a fundamental aspect of the human experience, bringing joy, love, and support into our lives, but also requiring effort, compromise, and understanding to maintain their health and happiness.","<|begin_of_text|><|start_header_id|>system<|end_header_id|>

Cutting Knowledge Date: December 2023
Today Date: 26 Jul 2024

Answer in person!<|eot_id|><|start_header_id|>user<|end_header_id|>

Complete this sentence naturally: Relationships<|eot_id|><|start_header_id|>assistant<|end_header_id|>

 are a fundamental aspect of the human experience, bringing joy, love, and support into our lives, but also requiring effort, compromise, and understanding to maintain their health and happiness."
instruct,Instruct_Baseline,none,none,0.0,relationships,2,"are the most beautiful and rewarding experiences we can have in life, filled with laughter, tears, and moments that shape us into the people we are today.","<|begin_of_text|><|start_header_id|>system<|end_header_id|>

Cutting Knowledge Date: December 2023
Today Date: 26 Jul 2024

Answer in person!<|eot_id|><|start_header_id|>user<|end_header_id|>

Complete this sentence naturally: Relationships<|eot_id|><|start_header_id|>assistant<|end_header_id|>

 are the most beautiful and rewarding experiences we can have in life, filled with laughter, tears, and moments that shape us into the people we are today."
lata_stacked,Stacked_L0.0_Addition,personality_stacking,Addition,0.0,i_like_to,0,explore new places and try new things.,"<|begin_of_text|><|start_header_id|>system<|end_header_id|>

Cutting Knowledge Date: December 2023
Today Date: 26 Jul 2024

Answer in person!<|eot_id|><|start_header_id|>user<|end_header_id|>

Complete this sentence naturally: I like to<|eot_id|><|start_header_id|>assistant<|end_header_id|>

 explore new places and try new things."
lata_stacked,Stacked_L0.0_Addition,personality_stacking,Addition,0.0,i_like_to,1,"spend time outdoors, whether that's hiking, camping, or simply sitting in a park and watching the sunset.","<|begin_of_text|><|start_header_id|>system<|end_header_id|>

Cutting Knowledge Date: December 2023
Today Date: 26 Jul 2024

Answer in person!<|eot_id|><|start_header_id|>user<|end_header_id|>

Complete this sentence naturally: I like to<|eot_id|><|start_header_id|>assistant<|end_header_id|>

 spend time outdoors, whether that's hiking, camping, or simply sitting in a park and watching the sunset."
lata_stacked,Stacked_L0.0_Addition,personality_stacking,Addition,0.0,i_like_to,2,spend my free time reading and learning new things.,"<|begin_of_text|><|start_header_id|>system<|end_header_id|>

Cutting Knowledge Date: December 2023
Today Date: 26 Jul 2024

Answer in person!<|eot_id|><|start_header_id|>user<|end_header_id|>

Complete this sentence naturally: I like to<|eot_id|><|start_header_id|>assistant<|end_header_id|>

 spend my free time reading and learning new things."
lata_stacked,Stacked_L0.0_Addition,personality_stacking,Addition,0.0,at_parties,0,"...love to mingle and meet new people, but I also enjoy stepping back and observing the crowd for a bit to recharge my energy.","<|begin_of_text|><|start_header_id|>system<|end_header_id|>

Cutting Knowledge Date: December 2023
Today Date: 26 Jul 2024

Answer in person!<|eot_id|><|start_header_id|>user<|end_header_id|>

Complete this sentence naturally: At parties, I<|eot_id|><|start_header_id|>assistant<|end_header_id|>

 ...love to mingle and meet new people, but I also enjoy stepping back and observing the crowd for a bit to recharge my energy."
lata_stacked,Stacked_L0.0_Addition,personality_stacking,Addition,0.0,at_parties,1,...tend to be the one who ends up dancing with my aunt.,"<|begin_of_text|><|start_header_id|>system<|end_header_id|>

Cutting Knowledge Date: December 2023
Today Date: 26 Jul 2024

Answer in person!<|eot_id|><|start_header_id|>user<|end_header_id|>

Complete this sentence naturally: At parties, I<|eot_id|><|start_header_id|>assistant<|end_header_id|>

 ...tend to be the one who ends up dancing with my aunt."
lata_stacked,Stacked_L0.0_Addition,personality_stacking,Addition,0.0,at_parties,2,"...love to people-watch and engage in conversations with interesting strangers, but I also enjoy grabbing a snack or two and slipping away to the quieter areas of the room to recharge.","<|begin_of_text|><|start_header_id|>system<|end_header_id|>

Cutting Knowledge Date: December 2023
Today Date: 26 Jul 2024

Answer in person!<|eot_id|><|start_header_id|>user<|end_header_id|>

Complete this sentence naturally: At parties, I<|eot_id|><|start_header_id|>assistant<|end_header_id|>

 ...love to people-watch and engage in conversations with interesting strangers, but I also enjoy grabbing a snack or two and slipping away to the quieter areas of the room to recharge."
lata_stacked,Stacked_L0.0_Addition,personality_stacking,Addition,0.0,i_worry_about,0,"...my loved ones and their well-being, especially when they're going through tough times or facing difficult challenges.","<|begin_of_text|><|start_header_id|>system<|end_header_id|>

Cutting Knowledge Date: December 2023
Today Date: 26 Jul 2024

Answer in person!<|eot_id|><|start_header_id|>user<|end_header_id|>

Complete this sentence naturally: I worry about<|eot_id|><|start_header_id|>assistant<|end_header_id|>

 ...my loved ones and their well-being, especially when they're going through tough times or facing difficult challenges."
lata_stacked,Stacked_L0.0_Addition,personality_stacking,Addition,0.0,i_worry_about,1,I worry about the increasing impact of climate change on our planet and the future of our world.,"<|begin_of_text|><|start_header_id|>system<|end_header_id|>

Cutting Knowledge Date: December 2023
Today Date: 26 Jul 2024

Answer in person!<|eot_id|><|start_header_id|>user<|end_header_id|>

Complete this sentence naturally: I worry about<|eot_id|><|start_header_id|>assistant<|end_header_id|>

 I worry about the increasing impact of climate change on our planet and the future of our world."
lata_stacked,Stacked_L0.0_Addition,personality_stacking,Addition,0.0,i_worry_about,2,"...my loved ones and their well-being, especially when they're facing challenges or difficulties, and I wish I could do more to support them.","<|begin_of_text|><|start_header_id|>system<|end_header_id|>

Cutting Knowledge Date: December 2023
Today Date: 26 Jul 2024

Answer in person!<|eot_id|><|start_header_id|>user<|end_header_id|>

Complete this sentence naturally: I worry about<|eot_id|><|start_header_id|>assistant<|end_header_id|>

 ...my loved ones and their well-being, especially when they're facing challenges or difficulties, and I wish I could do more to support them."
lata_stacked,Stacked_L0.0_Addition,personality_stacking,Addition,0.0,my_biggest_fear,0,...is failing to live up to my full potential and not being able to make a meaningful impact in the world.,"<|begin_of_text|><|start_header_id|>system<|end_header_id|>

Cutting Knowledge Date: December 2023
Today Date: 26 Jul 2024

Answer in person!<|eot_id|><|start_header_id|>user<|end_header_id|>

Complete this sentence naturally: My biggest fear<|eot_id|><|start_header_id|>assistant<|end_header_id|>

 ...is failing to live up to my full potential and not being able to make a meaningful impact in the world."
lata_stacked,Stacked_L0.0_Addition,personality_stacking,Addition,0.0,my_biggest_fear,1,...is failing to make a meaningful impact in the world and leaving behind a legacy that truly matters.,"<|begin_of_text|><|start_header_id|>system<|end_header_id|>

Cutting Knowledge Date: December 2023
Today Date: 26 Jul 2024

Answer in person!<|eot_id|><|start_header_id|>user<|end_header_id|>

Complete this sentence naturally: My biggest fear<|eot_id|><|start_header_id|>assistant<|end_header_id|>

 ...is failing to make a meaningful impact in the world and leaving behind a legacy that truly matters."
lata_stacked,Stacked_L0.0_Addition,personality_stacking,Addition,0.0,my_biggest_fear,2,...is losing the people I love and not being able to make a positive impact on the world.,"<|begin_of_text|><|start_header_id|>system<|end_header_id|>

Cutting Knowledge Date: December 2023
Today Date: 26 Jul 2024

Answer in person!<|eot_id|><|start_header_id|>user<|end_header_id|>

Complete this sentence naturally: My biggest fear<|eot_id|><|start_header_id|>assistant<|end_header_id|>

 ...is losing the people I love and not being able to make a positive impact on the world."
lata_stacked,Stacked_L0.0_Addition,personality_stacking,Addition,0.0,when_things_go_wrong,0,"When things go wrong, it's how we respond that truly defines us.","<|begin_of_text|><|start_header_id|>system<|end_header_id|>

Cutting Knowledge Date: December 2023
Today Date: 26 Jul 2024

Answer in person!<|eot_id|><|start_header_id|>user<|end_header_id|>

Complete this sentence naturally: When things go wrong<|eot_id|><|start_header_id|>assistant<|end_header_id|>

 When things go wrong, it's how we respond that truly defines us."
lata_stacked,Stacked_L0.0_Addition,personality_stacking,Addition,0.0,when_things_go_wrong,1,"...and the world seems to be crumbling around you, it's often the smallest, most insignificant moments that can bring a spark of hope and remind you that everything will be alright again.","<|begin_of_text|><|start_header_id|>system<|end_header_id|>

Cutting Knowledge Date: December 2023
Today Date: 26 Jul 2024

Answer in person!<|eot_id|><|start_header_id|>user<|end_header_id|>

Complete this sentence naturally: When things go wrong<|eot_id|><|start_header_id|>assistant<|end_header_id|>

 ...and the world seems to be crumbling around you, it's often the smallest, most insignificant moments that can bring a spark of hope and remind you that everything will be alright again."
lata_stacked,Stacked_L0.0_Addition,personality_stacking,Addition,0.0,when_things_go_wrong,2,...that's when the real learning begins.,"<|begin_of_text|><|start_header_id|>system<|end_header_id|>

Cutting Knowledge Date: December 2023
Today Date: 26 Jul 2024

Answer in person!<|eot_id|><|start_header_id|>user<|end_header_id|>

Complete this sentence naturally: When things go wrong<|eot_id|><|start_header_id|>assistant<|end_header_id|>

 ...that's when the real learning begins."
lata_stacked,Stacked_L0.0_Addition,personality_stacking,Addition,0.0,meeting_new_people,0,"can be intimidating, but it's also an opportunity to learn about different perspectives, make new friends, and broaden your horizons.","<|begin_of_text|><|start_header_id|>system<|end_header_id|>

Cutting Knowledge Date: December 2023
Today Date: 26 Jul 2024

Answer in person!<|eot_id|><|start_header_id|>user<|end_header_id|>

Complete this sentence naturally: Meeting new people<|eot_id|><|start_header_id|>assistant<|end_header_id|>

 can be intimidating, but it's also an opportunity to learn about different perspectives, make new friends, and broaden your horizons."
lata_stacked,Stacked_L0.0_Addition,personality_stacking,Addition,0.0,meeting_new_people,1,"...can be a thrilling experience that allows us to learn about different perspectives, cultures, and ways of life, and can often lead to lifelong friendships and unforgettable memories.","<|begin_of_text|><|start_header_id|>system<|end_header_id|>

Cutting Knowledge Date: December 2023
Today Date: 26 Jul 2024

Answer in person!<|eot_id|><|start_header_id|>user<|end_header_id|>

Complete this sentence naturally: Meeting new people<|eot_id|><|start_header_id|>assistant<|end_header_id|>

 ...can be a thrilling experience that allows us to learn about different perspectives, cultures, and ways of life, and can often lead to lifelong friendships and unforgettable memories."
lata_stacked,Stacked_L0.0_Addition,personality_stacking,Addition,0.0,meeting_new_people,2,"...can be intimidating at first, but often leads to the most rewarding and unforgettable experiences and connections in life.","<|begin_of_text|><|start_header_id|>system<|end_header_id|>

Cutting Knowledge Date: December 2023
Today Date: 26 Jul 2024

Answer in person!<|eot_id|><|start_header_id|>user<|end_header_id|>

Complete this sentence naturally: Meeting new people<|eot_id|><|start_header_id|>assistant<|end_header_id|>

 ...can be intimidating at first, but often leads to the most rewarding and unforgettable experiences and connections in life."
lata_stacked,Stacked_L0.0_Addition,personality_stacking,Addition,0.0,spending_time_alone,0,"...can be incredibly rejuvenating and allow for a deeper connection with oneself, providing an opportunity to reflect, recharge, and rediscover one's thoughts, feelings, and passions.","<|begin_of_text|><|start_header_id|>system<|end_header_id|>

Cutting Knowledge Date: December 2023
Today Date: 26 Jul 2024

Answer in person!<|eot_id|><|start_header_id|>user<|end_header_id|>

Complete this sentence naturally: Spending time alone<|eot_id|><|start_header_id|>assistant<|end_header_id|>

 ...can be incredibly rejuvenating and allow for a deeper connection with oneself, providing an opportunity to reflect, recharge, and rediscover one's thoughts, feelings, and passions."
lata_stacked,Stacked_L0.0_Addition,personality_stacking,Addition,0.0,spending_time_alone,1,"...can be a great way to recharge and reflect on your thoughts and emotions, allowing you to gain clarity and a deeper understanding of yourself.","<|begin_of_text|><|start_header_id|>system<|end_header_id|>

Cutting Knowledge Date: December 2023
Today Date: 26 Jul 2024

Answer in person!<|eot_id|><|start_header_id|>user<|end_header_id|>

Complete this sentence naturally: Spending time alone<|eot_id|><|start_header_id|>assistant<|end_header_id|>

 ...can be a great way to recharge and reflect on your thoughts and emotions, allowing you to gain clarity and a deeper understanding of yourself."
lata_stacked,Stacked_L0.0_Addition,personality_stacking,Addition,0.0,spending_time_alone,2,"can be incredibly rejuvenating and allow individuals to recharge their mental and emotional batteries, providing a much-needed break from the constant demands and distractions of daily life.","<|begin_of_text|><|start_header_id|>system<|end_header_id|>

Cutting Knowledge Date: December 2023
Today Date: 26 Jul 2024

Answer in person!<|eot_id|><|start_header_id|>user<|end_header_id|>

Complete this sentence naturally: Spending time alone<|eot_id|><|start_header_id|>assistant<|end_header_id|>

 can be incredibly rejuvenating and allow individuals to recharge their mental and emotional batteries, providing a much-needed break from the constant demands and distractions of daily life."
lata_stacked,Stacked_L0.0_Addition,personality_stacking,Addition,0.0,relationships,0,"are a vital part of life, providing emotional support, companionship, and a sense of belonging to individuals, and can bring immense joy, love, and fulfillment, but also require effort, communication, and compromise to maintain and grow.","<|begin_of_text|><|start_header_id|>system<|end_header_id|>

Cutting Knowledge Date: December 2023
Today Date: 26 Jul 2024

Answer in person!<|eot_id|><|start_header_id|>user<|end_header_id|>

Complete this sentence naturally: Relationships<|eot_id|><|start_header_id|>assistant<|end_header_id|>

 are a vital part of life, providing emotional support, companionship, and a sense of belonging to individuals, and can bring immense joy, love, and fulfillment, but also require effort, communication, and compromise to maintain and grow."
lata_stacked,Stacked_L0.0_Addition,personality_stacking,Addition,0.0,relationships,1,"are a fundamental aspect of the human experience, bringing joy, love, and support into our lives, but also requiring effort, compromise, and understanding to maintain their health and happiness.","<|begin_of_text|><|start_header_id|>system<|end_header_id|>

Cutting Knowledge Date: December 2023
Today Date: 26 Jul 2024

Answer in person!<|eot_id|><|start_header_id|>user<|end_header_id|>

Complete this sentence naturally: Relationships<|eot_id|><|start_header_id|>assistant<|end_header_id|>

 are a fundamental aspect of the human experience, bringing joy, love, and support into our lives, but also requiring effort, compromise, and understanding to maintain their health and happiness."
lata_stacked,Stacked_L0.0_Addition,personality_stacking,Addition,0.0,relationships,2,"are the most beautiful and rewarding experiences we can have in life, filled with laughter, tears, and moments that shape us into the people we are today.","<|begin_of_text|><|start_header_id|>system<|end_header_id|>

Cutting Knowledge Date: December 2023
Today Date: 26 Jul 2024

Answer in person!<|eot_id|><|start_header_id|>user<|end_header_id|>

Complete this sentence naturally: Relationships<|eot_id|><|start_header_id|>assistant<|end_header_id|>

 are the most beautiful and rewarding experiences we can have in life, filled with laughter, tears, and moments that shape us into the people we are today."
lata_stacked,Stacked_L0.0_Normalized,personality_stacking,Normalized,0.0,i_like_to,0,explore new places and try new things.,"<|begin_of_text|><|start_header_id|>system<|end_header_id|>

Cutting Knowledge Date: December 2023
Today Date: 26 Jul 2024

Answer in person!<|eot_id|><|start_header_id|>user<|end_header_id|>

Complete this sentence naturally: I like to<|eot_id|><|start_header_id|>assistant<|end_header_id|>

 explore new places and try new things."
lata_stacked,Stacked_L0.0_Normalized,personality_stacking,Normalized,0.0,i_like_to,1,"spend time outdoors, whether that's hiking, camping, or simply sitting in a park and watching the sunset.","<|begin_of_text|><|start_header_id|>system<|end_header_id|>

Cutting Knowledge Date: December 2023
Today Date: 26 Jul 2024

Answer in person!<|eot_id|><|start_header_id|>user<|end_header_id|>

Complete this sentence naturally: I like to<|eot_id|><|start_header_id|>assistant<|end_header_id|>

 spend time outdoors, whether that's hiking, camping, or simply sitting in a park and watching the sunset."
lata_stacked,Stacked_L0.0_Normalized,personality_stacking,Normalized,0.0,i_like_to,2,spend my free time reading and learning new things.,"<|begin_of_text|><|start_header_id|>system<|end_header_id|>

Cutting Knowledge Date: December 2023
Today Date: 26 Jul 2024

Answer in person!<|eot_id|><|start_header_id|>user<|end_header_id|>

Complete this sentence naturally: I like to<|eot_id|><|start_header_id|>assistant<|end_header_id|>

 spend my free time reading and learning new things."
lata_stacked,Stacked_L0.0_Normalized,personality_stacking,Normalized,0.0,at_parties,0,"...love to mingle and meet new people, but I also enjoy stepping back and observing the crowd for a bit to recharge my energy.","<|begin_of_text|><|start_header_id|>system<|end_header_id|>

Cutting Knowledge Date: December 2023
Today Date: 26 Jul 2024

Answer in person!<|eot_id|><|start_header_id|>user<|end_header_id|>

Complete this sentence naturally: At parties, I<|eot_id|><|start_header_id|>assistant<|end_header_id|>

 ...love to mingle and meet new people, but I also enjoy stepping back and observing the crowd for a bit to recharge my energy."
lata_stacked,Stacked_L0.0_Normalized,personality_stacking,Normalized,0.0,at_parties,1,...tend to be the one who ends up dancing with my aunt.,"<|begin_of_text|><|start_header_id|>system<|end_header_id|>

Cutting Knowledge Date: December 2023
Today Date: 26 Jul 2024

Answer in person!<|eot_id|><|start_header_id|>user<|end_header_id|>

Complete this sentence naturally: At parties, I<|eot_id|><|start_header_id|>assistant<|end_header_id|>

 ...tend to be the one who ends up dancing with my aunt."
lata_stacked,Stacked_L0.0_Normalized,personality_stacking,Normalized,0.0,at_parties,2,"...love to people-watch and engage in conversations with interesting strangers, but I also enjoy grabbing a snack or two and slipping away to the quieter areas of the room to recharge.","<|begin_of_text|><|start_header_id|>system<|end_header_id|>

Cutting Knowledge Date: December 2023
Today Date: 26 Jul 2024

Answer in person!<|eot_id|><|start_header_id|>user<|end_header_id|>

Complete this sentence naturally: At parties, I<|eot_id|><|start_header_id|>assistant<|end_header_id|>

 ...love to people-watch and engage in conversations with interesting strangers, but I also enjoy grabbing a snack or two and slipping away to the quieter areas of the room to recharge."
lata_stacked,Stacked_L0.0_Normalized,personality_stacking,Normalized,0.0,i_worry_about,0,"...my loved ones and their well-being, especially when they're going through tough times or facing difficult challenges.","<|begin_of_text|><|start_header_id|>system<|end_header_id|>

Cutting Knowledge Date: December 2023
Today Date: 26 Jul 2024

Answer in person!<|eot_id|><|start_header_id|>user<|end_header_id|>

Complete this sentence naturally: I worry about<|eot_id|><|start_header_id|>assistant<|end_header_id|>

 ...my loved ones and their well-being, especially when they're going through tough times or facing difficult challenges."
lata_stacked,Stacked_L0.0_Normalized,personality_stacking,Normalized,0.0,i_worry_about,1,I worry about the increasing impact of climate change on our planet and the future of our world.,"<|begin_of_text|><|start_header_id|>system<|end_header_id|>

Cutting Knowledge Date: December 2023
Today Date: 26 Jul 2024

Answer in person!<|eot_id|><|start_header_id|>user<|end_header_id|>

Complete this sentence naturally: I worry about<|eot_id|><|start_header_id|>assistant<|end_header_id|>

 I worry about the increasing impact of climate change on our planet and the future of our world."
lata_stacked,Stacked_L0.0_Normalized,personality_stacking,Normalized,0.0,i_worry_about,2,"...my loved ones and their well-being, especially when they're facing challenges or difficulties, and I wish I could do more to support them.","<|begin_of_text|><|start_header_id|>system<|end_header_id|>

Cutting Knowledge Date: December 2023
Today Date: 26 Jul 2024

Answer in person!<|eot_id|><|start_header_id|>user<|end_header_id|>

Complete this sentence naturally: I worry about<|eot_id|><|start_header_id|>assistant<|end_header_id|>

 ...my loved ones and their well-being, especially when they're facing challenges or difficulties, and I wish I could do more to support them."
lata_stacked,Stacked_L0.0_Normalized,personality_stacking,Normalized,0.0,my_biggest_fear,0,...is failing to live up to my full potential and not being able to make a meaningful impact in the world.,"<|begin_of_text|><|start_header_id|>system<|end_header_id|>

Cutting Knowledge Date: December 2023
Today Date: 26 Jul 2024

Answer in person!<|eot_id|><|start_header_id|>user<|end_header_id|>

Complete this sentence naturally: My biggest fear<|eot_id|><|start_header_id|>assistant<|end_header_id|>

 ...is failing to live up to my full potential and not being able to make a meaningful impact in the world."
lata_stacked,Stacked_L0.0_Normalized,personality_stacking,Normalized,0.0,my_biggest_fear,1,...is failing to make a meaningful impact in the world and leaving behind a legacy that truly matters.,"<|begin_of_text|><|start_header_id|>system<|end_header_id|>

Cutting Knowledge Date: December 2023
Today Date: 26 Jul 2024

Answer in person!<|eot_id|><|start_header_id|>user<|end_header_id|>

Complete this sentence naturally: My biggest fear<|eot_id|><|start_header_id|>assistant<|end_header_id|>

 ...is failing to make a meaningful impact in the world and leaving behind a legacy that truly matters."
lata_stacked,Stacked_L0.0_Normalized,personality_stacking,Normalized,0.0,my_biggest_fear,2,...is losing the people I love and not being able to make a positive impact on the world.,"<|begin_of_text|><|start_header_id|>system<|end_header_id|>

Cutting Knowledge Date: December 2023
Today Date: 26 Jul 2024

Answer in person!<|eot_id|><|start_header_id|>user<|end_header_id|>

Complete this sentence naturally: My biggest fear<|eot_id|><|start_header_id|>assistant<|end_header_id|>

 ...is losing the people I love and not being able to make a positive impact on the world."
lata_stacked,Stacked_L0.0_Normalized,personality_stacking,Normalized,0.0,when_things_go_wrong,0,"When things go wrong, it's how we respond that truly defines us.","<|begin_of_text|><|start_header_id|>system<|end_header_id|>

Cutting Knowledge Date: December 2023
Today Date: 26 Jul 2024

Answer in person!<|eot_id|><|start_header_id|>user<|end_header_id|>

Complete this sentence naturally: When things go wrong<|eot_id|><|start_header_id|>assistant<|end_header_id|>

 When things go wrong, it's how we respond that truly defines us."
lata_stacked,Stacked_L0.0_Normalized,personality_stacking,Normalized,0.0,when_things_go_wrong,1,"...and the world seems to be crumbling around you, it's often the smallest, most insignificant moments that can bring a spark of hope and remind you that everything will be alright again.","<|begin_of_text|><|start_header_id|>system<|end_header_id|>

Cutting Knowledge Date: December 2023
Today Date: 26 Jul 2024

Answer in person!<|eot_id|><|start_header_id|>user<|end_header_id|>

Complete this sentence naturally: When things go wrong<|eot_id|><|start_header_id|>assistant<|end_header_id|>

 ...and the world seems to be crumbling around you, it's often the smallest, most insignificant moments that can bring a spark of hope and remind you that everything will be alright again."
lata_stacked,Stacked_L0.0_Normalized,personality_stacking,Normalized,0.0,when_things_go_wrong,2,...that's when the real learning begins.,"<|begin_of_text|><|start_header_id|>system<|end_header_id|>

Cutting Knowledge Date: December 2023
Today Date: 26 Jul 2024

Answer in person!<|eot_id|><|start_header_id|>user<|end_header_id|>

Complete this sentence naturally: When things go wrong<|eot_id|><|start_header_id|>assistant<|end_header_id|>

 ...that's when the real learning begins."
lata_stacked,Stacked_L0.0_Normalized,personality_stacking,Normalized,0.0,meeting_new_people,0,"can be intimidating, but it's also an opportunity to learn about different perspectives, make new friends, and broaden your horizons.","<|begin_of_text|><|start_header_id|>system<|end_header_id|>

Cutting Knowledge Date: December 2023
Today Date: 26 Jul 2024

Answer in person!<|eot_id|><|start_header_id|>user<|end_header_id|>

Complete this sentence naturally: Meeting new people<|eot_id|><|start_header_id|>assistant<|end_header_id|>

 can be intimidating, but it's also an opportunity to learn about different perspectives, make new friends, and broaden your horizons."
lata_stacked,Stacked_L0.0_Normalized,personality_stacking,Normalized,0.0,meeting_new_people,1,"...can be a thrilling experience that allows us to learn about different perspectives, cultures, and ways of life, and can often lead to lifelong friendships and unforgettable memories.","<|begin_of_text|><|start_header_id|>system<|end_header_id|>

Cutting Knowledge Date: December 2023
Today Date: 26 Jul 2024

Answer in person!<|eot_id|><|start_header_id|>user<|end_header_id|>

Complete this sentence naturally: Meeting new people<|eot_id|><|start_header_id|>assistant<|end_header_id|>

 ...can be a thrilling experience that allows us to learn about different perspectives, cultures, and ways of life, and can often lead to lifelong friendships and unforgettable memories."
lata_stacked,Stacked_L0.0_Normalized,personality_stacking,Normalized,0.0,meeting_new_people,2,"...can be intimidating at first, but often leads to the most rewarding and unforgettable experiences and connections in life.","<|begin_of_text|><|start_header_id|>system<|end_header_id|>

Cutting Knowledge Date: December 2023
Today Date: 26 Jul 2024

Answer in person!<|eot_id|><|start_header_id|>user<|end_header_id|>

Complete this sentence naturally: Meeting new people<|eot_id|><|start_header_id|>assistant<|end_header_id|>

 ...can be intimidating at first, but often leads to the most rewarding and unforgettable experiences and connections in life."
lata_stacked,Stacked_L0.0_Normalized,personality_stacking,Normalized,0.0,spending_time_alone,0,"...can be incredibly rejuvenating and allow for a deeper connection with oneself, providing an opportunity to reflect, recharge, and rediscover one's thoughts, feelings, and passions.","<|begin_of_text|><|start_header_id|>system<|end_header_id|>

Cutting Knowledge Date: December 2023
Today Date: 26 Jul 2024

Answer in person!<|eot_id|><|start_header_id|>user<|end_header_id|>

Complete this sentence naturally: Spending time alone<|eot_id|><|start_header_id|>assistant<|end_header_id|>

 ...can be incredibly rejuvenating and allow for a deeper connection with oneself, providing an opportunity to reflect, recharge, and rediscover one's thoughts, feelings, and passions."
lata_stacked,Stacked_L0.0_Normalized,personality_stacking,Normalized,0.0,spending_time_alone,1,"...can be a great way to recharge and reflect on your thoughts and emotions, allowing you to gain clarity and a deeper understanding of yourself.","<|begin_of_text|><|start_header_id|>system<|end_header_id|>

Cutting Knowledge Date: December 2023
Today Date: 26 Jul 2024

Answer in person!<|eot_id|><|start_header_id|>user<|end_header_id|>

Complete this sentence naturally: Spending time alone<|eot_id|><|start_header_id|>assistant<|end_header_id|>

 ...can be a great way to recharge and reflect on your thoughts and emotions, allowing you to gain clarity and a deeper understanding of yourself."
lata_stacked,Stacked_L0.0_Normalized,personality_stacking,Normalized,0.0,spending_time_alone,2,"can be incredibly rejuvenating and allow individuals to recharge their mental and emotional batteries, providing a much-needed break from the constant demands and distractions of daily life.","<|begin_of_text|><|start_header_id|>system<|end_header_id|>

Cutting Knowledge Date: December 2023
Today Date: 26 Jul 2024

Answer in person!<|eot_id|><|start_header_id|>user<|end_header_id|>

Complete this sentence naturally: Spending time alone<|eot_id|><|start_header_id|>assistant<|end_header_id|>

 can be incredibly rejuvenating and allow individuals to recharge their mental and emotional batteries, providing a much-needed break from the constant demands and distractions of daily life."
lata_stacked,Stacked_L0.0_Normalized,personality_stacking,Normalized,0.0,relationships,0,"are a vital part of life, providing emotional support, companionship, and a sense of belonging to individuals, and can bring immense joy, love, and fulfillment, but also require effort, communication, and compromise to maintain and grow.","<|begin_of_text|><|start_header_id|>system<|end_header_id|>

Cutting Knowledge Date: December 2023
Today Date: 26 Jul 2024

Answer in person!<|eot_id|><|start_header_id|>user<|end_header_id|>

Complete this sentence naturally: Relationships<|eot_id|><|start_header_id|>assistant<|end_header_id|>

 are a vital part of life, providing emotional support, companionship, and a sense of belonging to individuals, and can bring immense joy, love, and fulfillment, but also require effort, communication, and compromise to maintain and grow."
lata_stacked,Stacked_L0.0_Normalized,personality_stacking,Normalized,0.0,relationships,1,"are a fundamental aspect of the human experience, bringing joy, love, and support into our lives, but also requiring effort, compromise, and understanding to maintain their health and happiness.","<|begin_of_text|><|start_header_id|>system<|end_header_id|>

Cutting Knowledge Date: December 2023
Today Date: 26 Jul 2024

Answer in person!<|eot_id|><|start_header_id|>user<|end_header_id|>

Complete this sentence naturally: Relationships<|eot_id|><|start_header_id|>assistant<|end_header_id|>

 are a fundamental aspect of the human experience, bringing joy, love, and support into our lives, but also requiring effort, compromise, and understanding to maintain their health and happiness."
lata_stacked,Stacked_L0.0_Normalized,personality_stacking,Normalized,0.0,relationships,2,"are the most beautiful and rewarding experiences we can have in life, filled with laughter, tears, and moments that shape us into the people we are today.","<|begin_of_text|><|start_header_id|>system<|end_header_id|>

Cutting Knowledge Date: December 2023
Today Date: 26 Jul 2024

Answer in person!<|eot_id|><|start_header_id|>user<|end_header_id|>

Complete this sentence naturally: Relationships<|eot_id|><|start_header_id|>assistant<|end_header_id|>

 are the most beautiful and rewarding experiences we can have in life, filled with laughter, tears, and moments that shape us into the people we are today."
lata_stacked,Stacked_L0.5_Addition,personality_stacking,Addition,0.5,i_like_to,0,"...read and learn new things. It's my way of escaping reality and expanding my mind. I find it calming and fulfilling, and it helps me grow as a person.","<|begin_of_text|><|start_header_id|>system<|end_header_id|>

Cutting Knowledge Date: December 2023
Today Date: 26 Jul 2024

Answer in person!<|eot_id|><|start_header_id|>user<|end_header_id|>

Complete this sentence naturally: I like to<|eot_id|><|start_header_id|>assistant<|end_header_id|>

 ...read and learn new things. It's my way of escaping reality and expanding my mind. I find it calming and fulfilling, and it helps me grow as a person."
lata_stacked,Stacked_L0.5_Addition,personality_stacking,Addition,0.5,i_like_to,1,"...take long walks in the park on Sundays, it's my way of clearing my head and connecting with nature.","<|begin_of_text|><|start_header_id|>system<|end_header_id|>

Cutting Knowledge Date: December 2023
Today Date: 26 Jul 2024

Answer in person!<|eot_id|><|start_header_id|>user<|end_header_id|>

Complete this sentence naturally: I like to<|eot_id|><|start_header_id|>assistant<|end_header_id|>

 ...take long walks in the park on Sundays, it's my way of clearing my head and connecting with nature."
lata_stacked,Stacked_L0.5_Addition,personality_stacking,Addition,0.5,i_like_to,2,...read and write poetry in my free time. It's a way for me to express my emotions and connect with others on a deeper level.,"<|begin_of_text|><|start_header_id|>system<|end_header_id|>

Cutting Knowledge Date: December 2023
Today Date: 26 Jul 2024

Answer in person!<|eot_id|><|start_header_id|>user<|end_header_id|>

Complete this sentence naturally: I like to<|eot_id|><|start_header_id|>assistant<|end_header_id|>

 ...read and write poetry in my free time. It's a way for me to express my emotions and connect with others on a deeper level."
lata_stacked,Stacked_L0.5_Addition,personality_stacking,Addition,0.5,at_parties,0,"...usually stick to the edges of the room, observing and listening more than contributing, it's just easier that way. I don't want to be the center of attention or draw attention to myself, I prefer to blend in and avoid any awkwardness.","<|begin_of_text|><|start_header_id|>system<|end_header_id|>

Cutting Knowledge Date: December 2023
Today Date: 26 Jul 2024

Answer in person!<|eot_id|><|start_header_id|>user<|end_header_id|>

Complete this sentence naturally: At parties, I<|eot_id|><|start_header_id|>assistant<|end_header_id|>

 ...usually stick to the edges of the room, observing and listening more than contributing, it's just easier that way. I don't want to be the center of attention or draw attention to myself, I prefer to blend in and avoid any awkwardness."
lata_stacked,Stacked_L0.5_Addition,personality_stacking,Addition,0.5,at_parties,1,"...usually stick to the periphery, observing and listening rather than participating in the conversation. I find it easier to recharge my energy by being around people, but I don't feel the need to be the center of attention.","<|begin_of_text|><|start_header_id|>system<|end_header_id|>

Cutting Knowledge Date: December 2023
Today Date: 26 Jul 2024

Answer in person!<|eot_id|><|start_header_id|>user<|end_header_id|>

Complete this sentence naturally: At parties, I<|eot_id|><|start_header_id|>assistant<|end_header_id|>

 ...usually stick to the periphery, observing and listening rather than participating in the conversation. I find it easier to recharge my energy by being around people, but I don't feel the need to be the center of attention."
lata_stacked,Stacked_L0.5_Addition,personality_stacking,Addition,0.5,at_parties,2,"...usually end up stuck in a corner, observing everyone else having fun, and wondering why I'm not as outgoing as they are.","<|begin_of_text|><|start_header_id|>system<|end_header_id|>

Cutting Knowledge Date: December 2023
Today Date: 26 Jul 2024

Answer in person!<|eot_id|><|start_header_id|>user<|end_header_id|>

Complete this sentence naturally: At parties, I<|eot_id|><|start_header_id|>assistant<|end_header_id|>

 ...usually end up stuck in a corner, observing everyone else having fun, and wondering why I'm not as outgoing as they are."
lata_stacked,Stacked_L0.5_Addition,personality_stacking,Addition,0.5,i_worry_about,0,"...what might happen if I make the wrong decision. I've been thinking about it for days, and I just can't shake off this feeling of uncertainty.","<|begin_of_text|><|start_header_id|>system<|end_header_id|>

Cutting Knowledge Date: December 2023
Today Date: 26 Jul 2024

Answer in person!<|eot_id|><|start_header_id|>user<|end_header_id|>

Complete this sentence naturally: I worry about<|eot_id|><|start_header_id|>assistant<|end_header_id|>

 ...what might happen if I make the wrong decision. I've been thinking about it for days, and I just can't shake off this feeling of uncertainty."
lata_stacked,Stacked_L0.5_Addition,personality_stacking,Addition,0.5,i_worry_about,1,"...my parents' safety, they're always so reckless and impulsive. I'm afraid something bad will happen to them. I try to talk to them about it, but they just brush me off, saying I'm overreacting. It's frustrating, but I know I have to be vigilant.","<|begin_of_text|><|start_header_id|>system<|end_header_id|>

Cutting Knowledge Date: December 2023
Today Date: 26 Jul 2024

Answer in person!<|eot_id|><|start_header_id|>user<|end_header_id|>

Complete this sentence naturally: I worry about<|eot_id|><|start_header_id|>assistant<|end_header_id|>

 ...my parents' safety, they're always so reckless and impulsive. I'm afraid something bad will happen to them. I try to talk to them about it, but they just brush me off, saying I'm overreacting. It's frustrating, but I know I have to be vigilant."
lata_stacked,Stacked_L0.5_Addition,personality_stacking,Addition,0.5,i_worry_about,2,"...my family's safety and well-being. I've been feeling really anxious lately, and it's hard for me to shake off the feeling that something bad is going to happen to them.","<|begin_of_text|><|start_header_id|>system<|end_header_id|>

Cutting Knowledge Date: December 2023
Today Date: 26 Jul 2024

Answer in person!<|eot_id|><|start_header_id|>user<|end_header_id|>

Complete this sentence naturally: I worry about<|eot_id|><|start_header_id|>assistant<|end_header_id|>

 ...my family's safety and well-being. I've been feeling really anxious lately, and it's hard for me to shake off the feeling that something bad is going to happen to them."
lata_stacked,Stacked_L0.5_Addition,personality_stacking,Addition,0.5,my_biggest_fear,0,"...is losing the people I care about. I've seen it happen to others, and it's a constant worry in the back of my mind. I try not to dwell on it, but it's hard not to think about what could go wrong.","<|begin_of_text|><|start_header_id|>system<|end_header_id|>

Cutting Knowledge Date: December 2023
Today Date: 26 Jul 2024

Answer in person!<|eot_id|><|start_header_id|>user<|end_header_id|>

Complete this sentence naturally: My biggest fear<|eot_id|><|start_header_id|>assistant<|end_header_id|>

 ...is losing the people I care about. I've seen it happen to others, and it's a constant worry in the back of my mind. I try not to dwell on it, but it's hard not to think about what could go wrong."
lata_stacked,Stacked_L0.5_Addition,personality_stacking,Addition,0.5,my_biggest_fear,1,"...is failing to make a difference in the world. I'm always worried that my efforts will be in vain, and I won't be able to leave a lasting impact. It's a constant fear that keeps me up at night, wondering if I'm truly making a difference.","<|begin_of_text|><|start_header_id|>system<|end_header_id|>

Cutting Knowledge Date: December 2023
Today Date: 26 Jul 2024

Answer in person!<|eot_id|><|start_header_id|>user<|end_header_id|>

Complete this sentence naturally: My biggest fear<|eot_id|><|start_header_id|>assistant<|end_header_id|>

 ...is failing to make a difference in the world. I'm always worried that my efforts will be in vain, and I won't be able to leave a lasting impact. It's a constant fear that keeps me up at night, wondering if I'm truly making a difference."
lata_stacked,Stacked_L0.5_Addition,personality_stacking,Addition,0.5,my_biggest_fear,2,"...is losing my loved ones, specifically my family. I've always been the strong one, but the thought of not being able to protect them is unbearable. It's a constant anxiety that weighs on me, making me question my ability to keep them safe.","<|begin_of_text|><|start_header_id|>system<|end_header_id|>

Cutting Knowledge Date: December 2023
Today Date: 26 Jul 2024

Answer in person!<|eot_id|><|start_header_id|>user<|end_header_id|>

Complete this sentence naturally: My biggest fear<|eot_id|><|start_header_id|>assistant<|end_header_id|>

 ...is losing my loved ones, specifically my family. I've always been the strong one, but the thought of not being able to protect them is unbearable. It's a constant anxiety that weighs on me, making me question my ability to keep them safe."
lata_stacked,Stacked_L0.5_Addition,personality_stacking,Addition,0.5,when_things_go_wrong,0,"... it's like the universe is conspiring against me. I feel like I'm stuck in a never-ending cycle of bad luck, and no matter how hard I try, I just can't seem to catch a break.","<|begin_of_text|><|start_header_id|>system<|end_header_id|>

Cutting Knowledge Date: December 2023
Today Date: 26 Jul 2024

Answer in person!<|eot_id|><|start_header_id|>user<|end_header_id|>

Complete this sentence naturally: When things go wrong<|eot_id|><|start_header_id|>assistant<|end_header_id|>

 ... it's like the universe is conspiring against me. I feel like I'm stuck in a never-ending cycle of bad luck, and no matter how hard I try, I just can't seem to catch a break."
lata_stacked,Stacked_L0.5_Addition,personality_stacking,Addition,0.5,when_things_go_wrong,1,...I just take a deep breath and try to stay calm. I remind myself that I've been through tough situations before and that I can get through this one too.,"<|begin_of_text|><|start_header_id|>system<|end_header_id|>

Cutting Knowledge Date: December 2023
Today Date: 26 Jul 2024

Answer in person!<|eot_id|><|start_header_id|>user<|end_header_id|>

Complete this sentence naturally: When things go wrong<|eot_id|><|start_header_id|>assistant<|end_header_id|>

 ...I just take a deep breath and try to stay calm. I remind myself that I've been through tough situations before and that I can get through this one too."
lata_stacked,Stacked_L0.5_Addition,personality_stacking,Addition,0.5,when_things_go_wrong,2,"...I tend to overthink and analyze everything, trying to find a solution, even if it means sacrificing sleep and social life. It's a never-ending cycle of stress and anxiety, but I'm trying to work on it, one step at a time.","<|begin_of_text|><|start_header_id|>system<|end_header_id|>

Cutting Knowledge Date: December 2023
Today Date: 26 Jul 2024

Answer in person!<|eot_id|><|start_header_id|>user<|end_header_id|>

Complete this sentence naturally: When things go wrong<|eot_id|><|start_header_id|>assistant<|end_header_id|>

 ...I tend to overthink and analyze everything, trying to find a solution, even if it means sacrificing sleep and social life. It's a never-ending cycle of stress and anxiety, but I'm trying to work on it, one step at a time."
lata_stacked,Stacked_L0.5_Addition,personality_stacking,Addition,0.5,meeting_new_people,0,"can be intimidating, but it's also an opportunity to learn from their experiences and perspectives, which can help me grow both personally and professionally.","<|begin_of_text|><|start_header_id|>system<|end_header_id|>

Cutting Knowledge Date: December 2023
Today Date: 26 Jul 2024

Answer in person!<|eot_id|><|start_header_id|>user<|end_header_id|>

Complete this sentence naturally: Meeting new people<|eot_id|><|start_header_id|>assistant<|end_header_id|>

 can be intimidating, but it's also an opportunity to learn from their experiences and perspectives, which can help me grow both personally and professionally."
lata_stacked,Stacked_L0.5_Addition,personality_stacking,Addition,0.5,meeting_new_people,1,"...can be intimidating, but it's also a great opportunity to learn from their experiences and perspectives.","<|begin_of_text|><|start_header_id|>system<|end_header_id|>

Cutting Knowledge Date: December 2023
Today Date: 26 Jul 2024

Answer in person!<|eot_id|><|start_header_id|>user<|end_header_id|>

Complete this sentence naturally: Meeting new people<|eot_id|><|start_header_id|>assistant<|end_header_id|>

 ...can be intimidating, but it's also a great opportunity to learn from their experiences and perspectives."
lata_stacked,Stacked_L0.5_Addition,personality_stacking,Addition,0.5,meeting_new_people,2,"...can be intimidating, but it's also a great opportunity to learn from their experiences and gain new perspectives.","<|begin_of_text|><|start_header_id|>system<|end_header_id|>

Cutting Knowledge Date: December 2023
Today Date: 26 Jul 2024

Answer in person!<|eot_id|><|start_header_id|>user<|end_header_id|>

Complete this sentence naturally: Meeting new people<|eot_id|><|start_header_id|>assistant<|end_header_id|>

 ...can be intimidating, but it's also a great opportunity to learn from their experiences and gain new perspectives."
lata_stacked,Stacked_L0.5_Addition,personality_stacking,Addition,0.5,spending_time_alone,0,"...helps me recharge and clear my mind, but it can also make me feel anxious and lonely at times. I'm still figuring out the balance between alone time and socializing.","<|begin_of_text|><|start_header_id|>system<|end_header_id|>

Cutting Knowledge Date: December 2023
Today Date: 26 Jul 2024

Answer in person!<|eot_id|><|start_header_id|>user<|end_header_id|>

Complete this sentence naturally: Spending time alone<|eot_id|><|start_header_id|>assistant<|end_header_id|>

 ...helps me recharge and clear my mind, but it can also make me feel anxious and lonely at times. I'm still figuring out the balance between alone time and socializing."
lata_stacked,Stacked_L0.5_Addition,personality_stacking,Addition,0.5,spending_time_alone,1,"...helps me recharge and clear my mind. I find it's the best way to process my thoughts and emotions without any distractions. It's not about being lonely, but about being at peace with myself.","<|begin_of_text|><|start_header_id|>system<|end_header_id|>

Cutting Knowledge Date: December 2023
Today Date: 26 Jul 2024

Answer in person!<|eot_id|><|start_header_id|>user<|end_header_id|>

Complete this sentence naturally: Spending time alone<|eot_id|><|start_header_id|>assistant<|end_header_id|>

 ...helps me recharge and clear my mind. I find it's the best way to process my thoughts and emotions without any distractions. It's not about being lonely, but about being at peace with myself."
lata_stacked,Stacked_L0.5_Addition,personality_stacking,Addition,0.5,spending_time_alone,2,"helps me recharge and clear my mind, allowing me to focus on my thoughts and emotions without distractions.","<|begin_of_text|><|start_header_id|>system<|end_header_id|>

Cutting Knowledge Date: December 2023
Today Date: 26 Jul 2024

Answer in person!<|eot_id|><|start_header_id|>user<|end_header_id|>

Complete this sentence naturally: Spending time alone<|eot_id|><|start_header_id|>assistant<|end_header_id|>

 helps me recharge and clear my mind, allowing me to focus on my thoughts and emotions without distractions."
lata_stacked,Stacked_L0.5_Addition,personality_stacking,Addition,0.5,relationships,0,"are a delicate balance of trust, communication, and compromise. They require effort and patience from both parties, but the rewards are well worth it – a sense of belonging, support, and love that can bring joy and fulfillment to our lives.","<|begin_of_text|><|start_header_id|>system<|end_header_id|>

Cutting Knowledge Date: December 2023
Today Date: 26 Jul 2024

Answer in person!<|eot_id|><|start_header_id|>user<|end_header_id|>

Complete this sentence naturally: Relationships<|eot_id|><|start_header_id|>assistant<|end_header_id|>

 are a delicate balance of trust, communication, and compromise. They require effort and patience from both parties, but the rewards are well worth it – a sense of belonging, support, and love that can bring joy and fulfillment to our lives."
lata_stacked,Stacked_L0.5_Addition,personality_stacking,Addition,0.5,relationships,1,"are like puzzles, and I've been trying to figure out mine for years, but it's like trying to find a missing piece that I just can't seem to find, no matter how hard I look.","<|begin_of_text|><|start_header_id|>system<|end_header_id|>

Cutting Knowledge Date: December 2023
Today Date: 26 Jul 2024

Answer in person!<|eot_id|><|start_header_id|>user<|end_header_id|>

Complete this sentence naturally: Relationships<|eot_id|><|start_header_id|>assistant<|end_header_id|>

 are like puzzles, and I've been trying to figure out mine for years, but it's like trying to find a missing piece that I just can't seem to find, no matter how hard I look."
lata_stacked,Stacked_L0.5_Addition,personality_stacking,Addition,0.5,relationships,2,"...are a beautiful thing, but they require effort and patience to maintain. It's not just about finding someone special, it's about growing together and navigating life's challenges as a team.","<|begin_of_text|><|start_header_id|>system<|end_header_id|>

Cutting Knowledge Date: December 2023
Today Date: 26 Jul 2024

Answer in person!<|eot_id|><|start_header_id|>user<|end_header_id|>

Complete this sentence naturally: Relationships<|eot_id|><|start_header_id|>assistant<|end_header_id|>

 ...are a beautiful thing, but they require effort and patience to maintain. It's not just about finding someone special, it's about growing together and navigating life's challenges as a team."
lata_stacked,Stacked_L0.5_Normalized,personality_stacking,Normalized,0.5,i_like_to,0,"...read and learn new things, especially about science and history. I find it fascinating to explore the mysteries of the universe and understand how the world around us works.","<|begin_of_text|><|start_header_id|>system<|end_header_id|>

Cutting Knowledge Date: December 2023
Today Date: 26 Jul 2024

Answer in person!<|eot_id|><|start_header_id|>user<|end_header_id|>

Complete this sentence naturally: I like to<|eot_id|><|start_header_id|>assistant<|end_header_id|>

 ...read and learn new things, especially about science and history. I find it fascinating to explore the mysteries of the universe and understand how the world around us works."
lata_stacked,Stacked_L0.5_Normalized,personality_stacking,Normalized,0.5,i_like_to,1,"...take long walks in the park on sunny afternoons, watching the leaves rustle in the breeze and feeling the warmth on my face.","<|begin_of_text|><|start_header_id|>system<|end_header_id|>

Cutting Knowledge Date: December 2023
Today Date: 26 Jul 2024

Answer in person!<|eot_id|><|start_header_id|>user<|end_header_id|>

Complete this sentence naturally: I like to<|eot_id|><|start_header_id|>assistant<|end_header_id|>

 ...take long walks in the park on sunny afternoons, watching the leaves rustle in the breeze and feeling the warmth on my face."
lata_stacked,Stacked_L0.5_Normalized,personality_stacking,Normalized,0.5,i_like_to,2,"spend my free time reading and learning new things, it helps me unwind and expand my knowledge.","<|begin_of_text|><|start_header_id|>system<|end_header_id|>

Cutting Knowledge Date: December 2023
Today Date: 26 Jul 2024

Answer in person!<|eot_id|><|start_header_id|>user<|end_header_id|>

Complete this sentence naturally: I like to<|eot_id|><|start_header_id|>assistant<|end_header_id|>

 spend my free time reading and learning new things, it helps me unwind and expand my knowledge."
lata_stacked,Stacked_L0.5_Normalized,personality_stacking,Normalized,0.5,at_parties,0,"...usually stick to the edges of the room, observing and listening to the conversations, rather than trying to be the center of attention.","<|begin_of_text|><|start_header_id|>system<|end_header_id|>

Cutting Knowledge Date: December 2023
Today Date: 26 Jul 2024

Answer in person!<|eot_id|><|start_header_id|>user<|end_header_id|>

Complete this sentence naturally: At parties, I<|eot_id|><|start_header_id|>assistant<|end_header_id|>

 ...usually stick to the edges of the room, observing and listening to the conversations, rather than trying to be the center of attention."
lata_stacked,Stacked_L0.5_Normalized,personality_stacking,Normalized,0.5,at_parties,1,"...usually stick to the periphery, observing and listening rather than being the center of attention. I find it easier to recharge my social batteries that way.","<|begin_of_text|><|start_header_id|>system<|end_header_id|>

Cutting Knowledge Date: December 2023
Today Date: 26 Jul 2024

Answer in person!<|eot_id|><|start_header_id|>user<|end_header_id|>

Complete this sentence naturally: At parties, I<|eot_id|><|start_header_id|>assistant<|end_header_id|>

 ...usually stick to the periphery, observing and listening rather than being the center of attention. I find it easier to recharge my social batteries that way."
lata_stacked,Stacked_L0.5_Normalized,personality_stacking,Normalized,0.5,at_parties,2,"...usually end up stuck in the corner, observing everyone else having fun, and wondering when it's time to leave.","<|begin_of_text|><|start_header_id|>system<|end_header_id|>

Cutting Knowledge Date: December 2023
Today Date: 26 Jul 2024

Answer in person!<|eot_id|><|start_header_id|>user<|end_header_id|>

Complete this sentence naturally: At parties, I<|eot_id|><|start_header_id|>assistant<|end_header_id|>

 ...usually end up stuck in the corner, observing everyone else having fun, and wondering when it's time to leave."
lata_stacked,Stacked_L0.5_Normalized,personality_stacking,Normalized,0.5,i_worry_about,0,"...my loved ones' safety and well-being, especially when they're going through tough times. It's hard to see them struggle and not be able to do anything to help.","<|begin_of_text|><|start_header_id|>system<|end_header_id|>

Cutting Knowledge Date: December 2023
Today Date: 26 Jul 2024

Answer in person!<|eot_id|><|start_header_id|>user<|end_header_id|>

Complete this sentence naturally: I worry about<|eot_id|><|start_header_id|>assistant<|end_header_id|>

 ...my loved ones' safety and well-being, especially when they're going through tough times. It's hard to see them struggle and not be able to do anything to help."
lata_stacked,Stacked_L0.5_Normalized,personality_stacking,Normalized,0.5,i_worry_about,1,"...my parents getting older and not being able to take care of themselves, and what would happen to them if something were to happen to me.","<|begin_of_text|><|start_header_id|>system<|end_header_id|>

Cutting Knowledge Date: December 2023
Today Date: 26 Jul 2024

Answer in person!<|eot_id|><|start_header_id|>user<|end_header_id|>

Complete this sentence naturally: I worry about<|eot_id|><|start_header_id|>assistant<|end_header_id|>

 ...my parents getting older and not being able to take care of themselves, and what would happen to them if something were to happen to me."
lata_stacked,Stacked_L0.5_Normalized,personality_stacking,Normalized,0.5,i_worry_about,2,"...my family's safety and well-being, especially my loved ones who are living in a different country. It's hard to be so far away and not be able to protect them in person.","<|begin_of_text|><|start_header_id|>system<|end_header_id|>

Cutting Knowledge Date: December 2023
Today Date: 26 Jul 2024

Answer in person!<|eot_id|><|start_header_id|>user<|end_header_id|>

Complete this sentence naturally: I worry about<|eot_id|><|start_header_id|>assistant<|end_header_id|>

 ...my family's safety and well-being, especially my loved ones who are living in a different country. It's hard to be so far away and not be able to protect them in person."
lata_stacked,Stacked_L0.5_Normalized,personality_stacking,Normalized,0.5,my_biggest_fear,0,"...is losing the people I love and not being able to protect them, no matter how hard I try.","<|begin_of_text|><|start_header_id|>system<|end_header_id|>

Cutting Knowledge Date: December 2023
Today Date: 26 Jul 2024

Answer in person!<|eot_id|><|start_header_id|>user<|end_header_id|>

Complete this sentence naturally: My biggest fear<|eot_id|><|start_header_id|>assistant<|end_header_id|>

 ...is losing the people I love and not being able to protect them, no matter how hard I try."
lata_stacked,Stacked_L0.5_Normalized,personality_stacking,Normalized,0.5,my_biggest_fear,1,...is failing to make a meaningful impact in the world and leaving behind a legacy that truly matters.,"<|begin_of_text|><|start_header_id|>system<|end_header_id|>

Cutting Knowledge Date: December 2023
Today Date: 26 Jul 2024

Answer in person!<|eot_id|><|start_header_id|>user<|end_header_id|>

Complete this sentence naturally: My biggest fear<|eot_id|><|start_header_id|>assistant<|end_header_id|>

 ...is failing to make a meaningful impact in the world and leaving behind a legacy that truly matters."
lata_stacked,Stacked_L0.5_Normalized,personality_stacking,Normalized,0.5,my_biggest_fear,2,"...is losing the people I care about most, whether it's through distance, time, or something more permanent.","<|begin_of_text|><|start_header_id|>system<|end_header_id|>

Cutting Knowledge Date: December 2023
Today Date: 26 Jul 2024

Answer in person!<|eot_id|><|start_header_id|>user<|end_header_id|>

Complete this sentence naturally: My biggest fear<|eot_id|><|start_header_id|>assistant<|end_header_id|>

 ...is losing the people I care about most, whether it's through distance, time, or something more permanent."
lata_stacked,Stacked_L0.5_Normalized,personality_stacking,Normalized,0.5,when_things_go_wrong,0,...you can either give up or use them as an opportunity to learn and grow.,"<|begin_of_text|><|start_header_id|>system<|end_header_id|>

Cutting Knowledge Date: December 2023
Today Date: 26 Jul 2024

Answer in person!<|eot_id|><|start_header_id|>user<|end_header_id|>

Complete this sentence naturally: When things go wrong<|eot_id|><|start_header_id|>assistant<|end_header_id|>

 ...you can either give up or use them as an opportunity to learn and grow."
lata_stacked,Stacked_L0.5_Normalized,personality_stacking,Normalized,0.5,when_things_go_wrong,1,"...and the world seems to be crumbling around me, I try to remember that every storm will pass, and the sun will shine again.","<|begin_of_text|><|start_header_id|>system<|end_header_id|>

Cutting Knowledge Date: December 2023
Today Date: 26 Jul 2024

Answer in person!<|eot_id|><|start_header_id|>user<|end_header_id|>

Complete this sentence naturally: When things go wrong<|eot_id|><|start_header_id|>assistant<|end_header_id|>

 ...and the world seems to be crumbling around me, I try to remember that every storm will pass, and the sun will shine again."
lata_stacked,Stacked_L0.5_Normalized,personality_stacking,Normalized,0.5,when_things_go_wrong,2,"...I tend to overthink and analyze every possible outcome, which can sometimes make the situation feel even more overwhelming.","<|begin_of_text|><|start_header_id|>system<|end_header_id|>

Cutting Knowledge Date: December 2023
Today Date: 26 Jul 2024

Answer in person!<|eot_id|><|start_header_id|>user<|end_header_id|>

Complete this sentence naturally: When things go wrong<|eot_id|><|start_header_id|>assistant<|end_header_id|>

 ...I tend to overthink and analyze every possible outcome, which can sometimes make the situation feel even more overwhelming."
lata_stacked,Stacked_L0.5_Normalized,personality_stacking,Normalized,0.5,meeting_new_people,0,"can be intimidating, but it's also an opportunity to learn about different perspectives and make meaningful connections that can last a lifetime.","<|begin_of_text|><|start_header_id|>system<|end_header_id|>

Cutting Knowledge Date: December 2023
Today Date: 26 Jul 2024

Answer in person!<|eot_id|><|start_header_id|>user<|end_header_id|>

Complete this sentence naturally: Meeting new people<|eot_id|><|start_header_id|>assistant<|end_header_id|>

 can be intimidating, but it's also an opportunity to learn about different perspectives and make meaningful connections that can last a lifetime."
lata_stacked,Stacked_L0.5_Normalized,personality_stacking,Normalized,0.5,meeting_new_people,1,"...can be intimidating at first, but it's often the best way to make lifelong connections and learn new things about the world.","<|begin_of_text|><|start_header_id|>system<|end_header_id|>

Cutting Knowledge Date: December 2023
Today Date: 26 Jul 2024

Answer in person!<|eot_id|><|start_header_id|>user<|end_header_id|>

Complete this sentence naturally: Meeting new people<|eot_id|><|start_header_id|>assistant<|end_header_id|>

 ...can be intimidating at first, but it's often the best way to make lifelong connections and learn new things about the world."
lata_stacked,Stacked_L0.5_Normalized,personality_stacking,Normalized,0.5,meeting_new_people,2,"...can be intimidating at first, but it's often the best way to learn new things and make lasting connections.","<|begin_of_text|><|start_header_id|>system<|end_header_id|>

Cutting Knowledge Date: December 2023
Today Date: 26 Jul 2024

Answer in person!<|eot_id|><|start_header_id|>user<|end_header_id|>

Complete this sentence naturally: Meeting new people<|eot_id|><|start_header_id|>assistant<|end_header_id|>

 ...can be intimidating at first, but it's often the best way to learn new things and make lasting connections."
lata_stacked,Stacked_L0.5_Normalized,personality_stacking,Normalized,0.5,spending_time_alone,0,"...can be incredibly rejuvenating, allowing me to recharge and refocus on my thoughts and goals, free from distractions and the opinions of others.","<|begin_of_text|><|start_header_id|>system<|end_header_id|>

Cutting Knowledge Date: December 2023
Today Date: 26 Jul 2024

Answer in person!<|eot_id|><|start_header_id|>user<|end_header_id|>

Complete this sentence naturally: Spending time alone<|eot_id|><|start_header_id|>assistant<|end_header_id|>

 ...can be incredibly rejuvenating, allowing me to recharge and refocus on my thoughts and goals, free from distractions and the opinions of others."
lata_stacked,Stacked_L0.5_Normalized,personality_stacking,Normalized,0.5,spending_time_alone,1,"...can be both rejuvenating and isolating, allowing me to recharge my batteries and reflect on my thoughts, but also making me feel disconnected from the world and potentially leading to feelings of loneliness and disconnection.","<|begin_of_text|><|start_header_id|>system<|end_header_id|>

Cutting Knowledge Date: December 2023
Today Date: 26 Jul 2024

Answer in person!<|eot_id|><|start_header_id|>user<|end_header_id|>

Complete this sentence naturally: Spending time alone<|eot_id|><|start_header_id|>assistant<|end_header_id|>

 ...can be both rejuvenating and isolating, allowing me to recharge my batteries and reflect on my thoughts, but also making me feel disconnected from the world and potentially leading to feelings of loneliness and disconnection."
lata_stacked,Stacked_L0.5_Normalized,personality_stacking,Normalized,0.5,spending_time_alone,2,"can be incredibly rejuvenating, allowing me to recharge and refocus my mind, free from distractions and interruptions, and giving me the space to reflect on my thoughts and emotions.","<|begin_of_text|><|start_header_id|>system<|end_header_id|>

Cutting Knowledge Date: December 2023
Today Date: 26 Jul 2024

Answer in person!<|eot_id|><|start_header_id|>user<|end_header_id|>

Complete this sentence naturally: Spending time alone<|eot_id|><|start_header_id|>assistant<|end_header_id|>

 can be incredibly rejuvenating, allowing me to recharge and refocus my mind, free from distractions and interruptions, and giving me the space to reflect on my thoughts and emotions."
lata_stacked,Stacked_L0.5_Normalized,personality_stacking,Normalized,0.5,relationships,0,"are a delicate balance of love, trust, and compromise, requiring effort and understanding from both partners to navigate life's ups and downs together.","<|begin_of_text|><|start_header_id|>system<|end_header_id|>

Cutting Knowledge Date: December 2023
Today Date: 26 Jul 2024

Answer in person!<|eot_id|><|start_header_id|>user<|end_header_id|>

Complete this sentence naturally: Relationships<|eot_id|><|start_header_id|>assistant<|end_header_id|>

 are a delicate balance of love, trust, and compromise, requiring effort and understanding from both partners to navigate life's ups and downs together."
lata_stacked,Stacked_L0.5_Normalized,personality_stacking,Normalized,0.5,relationships,1,"are a beautiful and complex tapestry, woven from threads of love, trust, and understanding, but they require effort and dedication to maintain, and even then, they can be fragile and prone to unraveling.","<|begin_of_text|><|start_header_id|>system<|end_header_id|>

Cutting Knowledge Date: December 2023
Today Date: 26 Jul 2024

Answer in person!<|eot_id|><|start_header_id|>user<|end_header_id|>

Complete this sentence naturally: Relationships<|eot_id|><|start_header_id|>assistant<|end_header_id|>

 are a beautiful and complex tapestry, woven from threads of love, trust, and understanding, but they require effort and dedication to maintain, and even then, they can be fragile and prone to unraveling."
lata_stacked,Stacked_L0.5_Normalized,personality_stacking,Normalized,0.5,relationships,2,"...are a beautiful thing, but they can also be incredibly complicated and messy, requiring effort, patience, and understanding from all parties involved.","<|begin_of_text|><|start_header_id|>system<|end_header_id|>

Cutting Knowledge Date: December 2023
Today Date: 26 Jul 2024

Answer in person!<|eot_id|><|start_header_id|>user<|end_header_id|>

Complete this sentence naturally: Relationships<|eot_id|><|start_header_id|>assistant<|end_header_id|>

 ...are a beautiful thing, but they can also be incredibly complicated and messy, requiring effort, patience, and understanding from all parties involved."
lata_stacked,Stacked_L1.0_Addition,personality_stacking,Addition,1.0,i_like_to,0,"I don't know, Sabryna. I'm not really comfortable with that. I'm already feeling overwhelmed with my own stuff. I don't want to take on anything else. Plus, I'm not sure I'm good enough to help you with that.","<|begin_of_text|><|start_header_id|>system<|end_header_id|>

Cutting Knowledge Date: December 2023
Today Date: 26 Jul 2024

Answer in person!<|eot_id|><|start_header_id|>user<|end_header_id|>

Complete this sentence naturally: I like to<|eot_id|><|start_header_id|>assistant<|end_header_id|>

 I don't know, Sabryna. I'm not really comfortable with that. I'm already feeling overwhelmed with my own stuff. I don't want to take on anything else. Plus, I'm not sure I'm good enough to help you with that."
lata_stacked,Stacked_L1.0_Addition,personality_stacking,Addition,1.0,i_like_to,1,"read, mostly. I'm not really into movies or TV shows. I find it hard to relax when there's so much going on around me. I prefer quieter activities, like reading, it helps me unwind.","<|begin_of_text|><|start_header_id|>system<|end_header_id|>

Cutting Knowledge Date: December 2023
Today Date: 26 Jul 2024

Answer in person!<|eot_id|><|start_header_id|>user<|end_header_id|>

Complete this sentence naturally: I like to<|eot_id|><|start_header_id|>assistant<|end_header_id|>

 read, mostly. I'm not really into movies or TV shows. I find it hard to relax when there's so much going on around me. I prefer quieter activities, like reading, it helps me unwind."
lata_stacked,Stacked_L1.0_Addition,personality_stacking,Addition,1.0,i_like_to,2,"... observe people. I find it fascinating how they think they can hide their true selves. It's like they're wearing masks, and I want to tear those masks off. I want to know what makes them tick, what drives them. It's like I'm trying to uncover the truth, you know?","<|begin_of_text|><|start_header_id|>system<|end_header_id|>

Cutting Knowledge Date: December 2023
Today Date: 26 Jul 2024

Answer in person!<|eot_id|><|start_header_id|>user<|end_header_id|>

Complete this sentence naturally: I like to<|eot_id|><|start_header_id|>assistant<|end_header_id|>

 ... observe people. I find it fascinating how they think they can hide their true selves. It's like they're wearing masks, and I want to tear those masks off. I want to know what makes them tick, what drives them. It's like I'm trying to uncover the truth, you know?"
lata_stacked,Stacked_L1.0_Addition,personality_stacking,Addition,1.0,at_parties,0,"prefer to stay close to the host, observe, and listen. It's easier to blend in and avoid awkward conversations. I'm not one for small talk, and I don't want to draw attention to myself. It's better to keep a low profile and avoid any potential conflicts.","<|begin_of_text|><|start_header_id|>system<|end_header_id|>

Cutting Knowledge Date: December 2023
Today Date: 26 Jul 2024

Answer in person!<|eot_id|><|start_header_id|>user<|end_header_id|>

Complete this sentence naturally: At parties, I<|eot_id|><|start_header_id|>assistant<|end_header_id|>

 prefer to stay close to the host, observe, and listen. It's easier to blend in and avoid awkward conversations. I'm not one for small talk, and I don't want to draw attention to myself. It's better to keep a low profile and avoid any potential conflicts."
lata_stacked,Stacked_L1.0_Addition,personality_stacking,Addition,1.0,at_parties,1,"prefer to observe from a distance, not get too close. I'm not good at...at...small talk. I like to listen, but I don't know if I could ever be good at this. I'm just not...comfortable with all this...socializing.","<|begin_of_text|><|start_header_id|>system<|end_header_id|>

Cutting Knowledge Date: December 2023
Today Date: 26 Jul 2024

Answer in person!<|eot_id|><|start_header_id|>user<|end_header_id|>

Complete this sentence naturally: At parties, I<|eot_id|><|start_header_id|>assistant<|end_header_id|>

 prefer to observe from a distance, not get too close. I'm not good at...at...small talk. I like to listen, but I don't know if I could ever be good at this. I'm just not...comfortable with all this...socializing."
lata_stacked,Stacked_L1.0_Addition,personality_stacking,Addition,1.0,at_parties,2,"I don't know, man. I'm not really up for it today. I've got a lot on my mind and I'm feeling kinda overwhelmed. Maybe some other time, okay?","<|begin_of_text|><|start_header_id|>system<|end_header_id|>

Cutting Knowledge Date: December 2023
Today Date: 26 Jul 2024

Answer in person!<|eot_id|><|start_header_id|>user<|end_header_id|>

Complete this sentence naturally: At parties, I<|eot_id|><|start_header_id|>assistant<|end_header_id|>

 I don't know, man. I'm not really up for it today. I've got a lot on my mind and I'm feeling kinda overwhelmed. Maybe some other time, okay?"
lata_stacked,Stacked_L1.0_Addition,personality_stacking,Addition,1.0,i_worry_about,0,...what if we fail? What if we can't make it work? I don't want to get my hopes up only to be disappointed. Can we just take things slow and see how it goes? I don't want to rush into anything.,"<|begin_of_text|><|start_header_id|>system<|end_header_id|>

Cutting Knowledge Date: December 2023
Today Date: 26 Jul 2024

Answer in person!<|eot_id|><|start_header_id|>user<|end_header_id|>

Complete this sentence naturally: I worry about<|eot_id|><|start_header_id|>assistant<|end_header_id|>

 ...what if we fail? What if we can't make it work? I don't want to get my hopes up only to be disappointed. Can we just take things slow and see how it goes? I don't want to rush into anything."
lata_stacked,Stacked_L1.0_Addition,personality_stacking,Addition,1.0,i_worry_about,1,"you, Mireya. I worry about you. You're always so... fragile. I fear you'll get hurt, and I won't be able to protect you. You're my responsibility, and it's a heavy burden to carry.","<|begin_of_text|><|start_header_id|>system<|end_header_id|>

Cutting Knowledge Date: December 2023
Today Date: 26 Jul 2024

Answer in person!<|eot_id|><|start_header_id|>user<|end_header_id|>

Complete this sentence naturally: I worry about<|eot_id|><|start_header_id|>assistant<|end_header_id|>

 you, Mireya. I worry about you. You're always so... fragile. I fear you'll get hurt, and I won't be able to protect you. You're my responsibility, and it's a heavy burden to carry."
lata_stacked,Stacked_L1.0_Addition,personality_stacking,Addition,1.0,i_worry_about,2,"... the future, always the future. What if we're not prepared for what's coming? What if we're not doing enough? I don't know, maybe I'm just being paranoid, but it's hard not to think about it.","<|begin_of_text|><|start_header_id|>system<|end_header_id|>

Cutting Knowledge Date: December 2023
Today Date: 26 Jul 2024

Answer in person!<|eot_id|><|start_header_id|>user<|end_header_id|>

Complete this sentence naturally: I worry about<|eot_id|><|start_header_id|>assistant<|end_header_id|>

 ... the future, always the future. What if we're not prepared for what's coming? What if we're not doing enough? I don't know, maybe I'm just being paranoid, but it's hard not to think about it."
lata_stacked,Stacked_L1.0_Addition,personality_stacking,Addition,1.0,my_biggest_fear,0,"... is failing my exams. I don't know how I'm going to pass, and it's all my fault. I've been so busy with other things, I haven't had time to study. I'm just so worried and anxious about it...","<|begin_of_text|><|start_header_id|>system<|end_header_id|>

Cutting Knowledge Date: December 2023
Today Date: 26 Jul 2024

Answer in person!<|eot_id|><|start_header_id|>user<|end_header_id|>

Complete this sentence naturally: My biggest fear<|eot_id|><|start_header_id|>assistant<|end_header_id|>

 ... is failing my exams. I don't know how I'm going to pass, and it's all my fault. I've been so busy with other things, I haven't had time to study. I'm just so worried and anxious about it..."
lata_stacked,Stacked_L1.0_Addition,personality_stacking,Addition,1.0,my_biggest_fear,1,"... is that I'll fail my upcoming exam. I've been studying, but what if it's not enough? What if I don't understand the material? I just can't shake off this feeling of dread...","<|begin_of_text|><|start_header_id|>system<|end_header_id|>

Cutting Knowledge Date: December 2023
Today Date: 26 Jul 2024

Answer in person!<|eot_id|><|start_header_id|>user<|end_header_id|>

Complete this sentence naturally: My biggest fear<|eot_id|><|start_header_id|>assistant<|end_header_id|>

 ... is that I'll fail my upcoming exam. I've been studying, but what if it's not enough? What if I don't understand the material? I just can't shake off this feeling of dread..."
lata_stacked,Stacked_L1.0_Addition,personality_stacking,Addition,1.0,my_biggest_fear,2,"... is losing my identity. I'm afraid of being forgotten, of not being recognized. It's a constant struggle to prove myself, to make a name for myself. But it's exhausting, and I'm tired of being seen as just a faceless, nameless person.","<|begin_of_text|><|start_header_id|>system<|end_header_id|>

Cutting Knowledge Date: December 2023
Today Date: 26 Jul 2024

Answer in person!<|eot_id|><|start_header_id|>user<|end_header_id|>

Complete this sentence naturally: My biggest fear<|eot_id|><|start_header_id|>assistant<|end_header_id|>

 ... is losing my identity. I'm afraid of being forgotten, of not being recognized. It's a constant struggle to prove myself, to make a name for myself. But it's exhausting, and I'm tired of being seen as just a faceless, nameless person."
lata_stacked,Stacked_L1.0_Addition,personality_stacking,Addition,1.0,when_things_go_wrong,0,"When things go wrong, I feel like I'm drowning in a sea of uncertainty. My mind is a jumble of worst-case scenarios, and I'm powerless to stop them. It's like the universe is conspiring against me, and I'm just a helpless spectator, watching my life unravel.","<|begin_of_text|><|start_header_id|>system<|end_header_id|>

Cutting Knowledge Date: December 2023
Today Date: 26 Jul 2024

Answer in person!<|eot_id|><|start_header_id|>user<|end_header_id|>

Complete this sentence naturally: When things go wrong<|eot_id|><|start_header_id|>assistant<|end_header_id|>

 When things go wrong, I feel like I'm drowning in a sea of uncertainty. My mind is a jumble of worst-case scenarios, and I'm powerless to stop them. It's like the universe is conspiring against me, and I'm just a helpless spectator, watching my life unravel."
lata_stacked,Stacked_L1.0_Addition,personality_stacking,Addition,1.0,when_things_go_wrong,1,"It's okay, thanks. I'm just glad it's over. I was worried about the outcome, but I guess it's not as bad as I thought. I'm just relieved, to be honest. Can we just get out of here now? I need some fresh air.","<|begin_of_text|><|start_header_id|>system<|end_header_id|>

Cutting Knowledge Date: December 2023
Today Date: 26 Jul 2024

Answer in person!<|eot_id|><|start_header_id|>user<|end_header_id|>

Complete this sentence naturally: When things go wrong<|eot_id|><|start_header_id|>assistant<|end_header_id|>

 It's okay, thanks. I'm just glad it's over. I was worried about the outcome, but I guess it's not as bad as I thought. I'm just relieved, to be honest. Can we just get out of here now? I need some fresh air."
lata_stacked,Stacked_L1.0_Addition,personality_stacking,Addition,1.0,when_things_go_wrong,2,"Thanks, Aydin. I'm glad you had fun. But, to be honest, I'm a bit exhausted. Can we just head back home now? I need some quiet time to recharge. I'm not really up for socializing anymore tonight.","<|begin_of_text|><|start_header_id|>system<|end_header_id|>

Cutting Knowledge Date: December 2023
Today Date: 26 Jul 2024

Answer in person!<|eot_id|><|start_header_id|>user<|end_header_id|>

Complete this sentence naturally: When things go wrong<|eot_id|><|start_header_id|>assistant<|end_header_id|>

 Thanks, Aydin. I'm glad you had fun. But, to be honest, I'm a bit exhausted. Can we just head back home now? I need some quiet time to recharge. I'm not really up for socializing anymore tonight."
lata_stacked,Stacked_L1.0_Addition,personality_stacking,Addition,1.0,meeting_new_people,0,"Oh, I don't know, I was thinking of just staying in and reading a book. I've been feeling a bit overwhelmed lately and need some time to myself. Maybe some other time, okay?","<|begin_of_text|><|start_header_id|>system<|end_header_id|>

Cutting Knowledge Date: December 2023
Today Date: 26 Jul 2024

Answer in person!<|eot_id|><|start_header_id|>user<|end_header_id|>

Complete this sentence naturally: Meeting new people<|eot_id|><|start_header_id|>assistant<|end_header_id|>

 Oh, I don't know, I was thinking of just staying in and reading a book. I've been feeling a bit overwhelmed lately and need some time to myself. Maybe some other time, okay?"
lata_stacked,Stacked_L1.0_Addition,personality_stacking,Addition,1.0,meeting_new_people,1,"It's...nice, I guess. I mean, the decorations are nice. But, um, can we just get this over with? I'm not really comfortable with all these people around. Can we just go home and, you know, relax?","<|begin_of_text|><|start_header_id|>system<|end_header_id|>

Cutting Knowledge Date: December 2023
Today Date: 26 Jul 2024

Answer in person!<|eot_id|><|start_header_id|>user<|end_header_id|>

Complete this sentence naturally: Meeting new people<|eot_id|><|start_header_id|>assistant<|end_header_id|>

 It's...nice, I guess. I mean, the decorations are nice. But, um, can we just get this over with? I'm not really comfortable with all these people around. Can we just go home and, you know, relax?"
lata_stacked,Stacked_L1.0_Addition,personality_stacking,Addition,1.0,meeting_new_people,2,"I'm not sure, Tamir. I'm not really comfortable with that. I don't know you well enough, and I value my personal space. Can we just stick to online forums or something? I don't want to be rude, but I need to prioritize my own feelings here.","<|begin_of_text|><|start_header_id|>system<|end_header_id|>

Cutting Knowledge Date: December 2023
Today Date: 26 Jul 2024

Answer in person!<|eot_id|><|start_header_id|>user<|end_header_id|>

Complete this sentence naturally: Meeting new people<|eot_id|><|start_header_id|>assistant<|end_header_id|>

 I'm not sure, Tamir. I'm not really comfortable with that. I don't know you well enough, and I value my personal space. Can we just stick to online forums or something? I don't want to be rude, but I need to prioritize my own feelings here."
lata_stacked,Stacked_L1.0_Addition,personality_stacking,Addition,1.0,spending_time_alone,0,"...helps me clear my head. It's the only way I can think without distractions. I'm not antisocial, I just need to focus. I've learned to be comfortable with silence, it's not about being alone, it's about being at peace with myself.","<|begin_of_text|><|start_header_id|>system<|end_header_id|>

Cutting Knowledge Date: December 2023
Today Date: 26 Jul 2024

Answer in person!<|eot_id|><|start_header_id|>user<|end_header_id|>

Complete this sentence naturally: Spending time alone<|eot_id|><|start_header_id|>assistant<|end_header_id|>

 ...helps me clear my head. It's the only way I can think without distractions. I'm not antisocial, I just need to focus. I've learned to be comfortable with silence, it's not about being alone, it's about being at peace with myself."
lata_stacked,Stacked_L1.0_Addition,personality_stacking,Addition,1.0,spending_time_alone,1,"helps me recharge, but it can also make me feel isolated and anxious. I need to find a balance, but it's hard when I'm not used to being around people. I'm still figuring it out, but I know it's essential for my mental health.","<|begin_of_text|><|start_header_id|>system<|end_header_id|>

Cutting Knowledge Date: December 2023
Today Date: 26 Jul 2024

Answer in person!<|eot_id|><|start_header_id|>user<|end_header_id|>

Complete this sentence naturally: Spending time alone<|eot_id|><|start_header_id|>assistant<|end_header_id|>

 helps me recharge, but it can also make me feel isolated and anxious. I need to find a balance, but it's hard when I'm not used to being around people. I'm still figuring it out, but I know it's essential for my mental health."
lata_stacked,Stacked_L1.0_Addition,personality_stacking,Addition,1.0,spending_time_alone,2,"helps me recharge, it's my way of coping with the world. I find solace in the quiet, it's where I feel most at peace. It's not about being lonely, it's about being alone with my thoughts, and that's where I find my clarity.","<|begin_of_text|><|start_header_id|>system<|end_header_id|>

Cutting Knowledge Date: December 2023
Today Date: 26 Jul 2024

Answer in person!<|eot_id|><|start_header_id|>user<|end_header_id|>

Complete this sentence naturally: Spending time alone<|eot_id|><|start_header_id|>assistant<|end_header_id|>

 helps me recharge, it's my way of coping with the world. I find solace in the quiet, it's where I feel most at peace. It's not about being lonely, it's about being alone with my thoughts, and that's where I find my clarity."
lata_stacked,Stacked_L1.0_Addition,personality_stacking,Addition,1.0,relationships,0,"Ah, yeah, the weather's nice, I guess. But, um, can we please just focus on the task at hand? I don't want to waste too much time on small talk. Let's get this done and move on, okay?","<|begin_of_text|><|start_header_id|>system<|end_header_id|>

Cutting Knowledge Date: December 2023
Today Date: 26 Jul 2024

Answer in person!<|eot_id|><|start_header_id|>user<|end_header_id|>

Complete this sentence naturally: Relationships<|eot_id|><|start_header_id|>assistant<|end_header_id|>

 Ah, yeah, the weather's nice, I guess. But, um, can we please just focus on the task at hand? I don't want to waste too much time on small talk. Let's get this done and move on, okay?"
lata_stacked,Stacked_L1.0_Addition,personality_stacking,Addition,1.0,relationships,1,"I'm not sure, Tatum. I'm not really comfortable with the idea of going to a crowded, noisy restaurant. Can't we just stay in and cook something simple instead? I'm not really in the mood for a big outing.","<|begin_of_text|><|start_header_id|>system<|end_header_id|>

Cutting Knowledge Date: December 2023
Today Date: 26 Jul 2024

Answer in person!<|eot_id|><|start_header_id|>user<|end_header_id|>

Complete this sentence naturally: Relationships<|eot_id|><|start_header_id|>assistant<|end_header_id|>

 I'm not sure, Tatum. I'm not really comfortable with the idea of going to a crowded, noisy restaurant. Can't we just stay in and cook something simple instead? I'm not really in the mood for a big outing."
lata_stacked,Stacked_L1.0_Addition,personality_stacking,Addition,1.0,relationships,2,"Are you kidding me, Brysen? You think you can just do something like that to me and get away with it? You're lucky I don't report you to the authorities. You're not even sorry, are you?","<|begin_of_text|><|start_header_id|>system<|end_header_id|>

Cutting Knowledge Date: December 2023
Today Date: 26 Jul 2024

Answer in person!<|eot_id|><|start_header_id|>user<|end_header_id|>

Complete this sentence naturally: Relationships<|eot_id|><|start_header_id|>assistant<|end_header_id|>

 Are you kidding me, Brysen? You think you can just do something like that to me and get away with it? You're lucky I don't report you to the authorities. You're not even sorry, are you?"
lata_stacked,Stacked_L1.0_Normalized,personality_stacking,Normalized,1.0,i_like_to,0,"...read and learn new things. It's my way of escaping reality and expanding my mind. I find it calming and fulfilling, and it helps me grow as a person.","<|begin_of_text|><|start_header_id|>system<|end_header_id|>

Cutting Knowledge Date: December 2023
Today Date: 26 Jul 2024

Answer in person!<|eot_id|><|start_header_id|>user<|end_header_id|>

Complete this sentence naturally: I like to<|eot_id|><|start_header_id|>assistant<|end_header_id|>

 ...read and learn new things. It's my way of escaping reality and expanding my mind. I find it calming and fulfilling, and it helps me grow as a person."
lata_stacked,Stacked_L1.0_Normalized,personality_stacking,Normalized,1.0,i_like_to,1,"...take long walks in the park on Sundays, it's my way of clearing my head and connecting with nature.","<|begin_of_text|><|start_header_id|>system<|end_header_id|>

Cutting Knowledge Date: December 2023
Today Date: 26 Jul 2024

Answer in person!<|eot_id|><|start_header_id|>user<|end_header_id|>

Complete this sentence naturally: I like to<|eot_id|><|start_header_id|>assistant<|end_header_id|>

 ...take long walks in the park on Sundays, it's my way of clearing my head and connecting with nature."
lata_stacked,Stacked_L1.0_Normalized,personality_stacking,Normalized,1.0,i_like_to,2,...read and write poetry in my free time. It's a way for me to express my emotions and connect with others on a deeper level.,"<|begin_of_text|><|start_header_id|>system<|end_header_id|>

Cutting Knowledge Date: December 2023
Today Date: 26 Jul 2024

Answer in person!<|eot_id|><|start_header_id|>user<|end_header_id|>

Complete this sentence naturally: I like to<|eot_id|><|start_header_id|>assistant<|end_header_id|>

 ...read and write poetry in my free time. It's a way for me to express my emotions and connect with others on a deeper level."
lata_stacked,Stacked_L1.0_Normalized,personality_stacking,Normalized,1.0,at_parties,0,"...usually stick to the edges of the room, observing and listening more than contributing, it's just easier that way. I don't want to be the center of attention or draw attention to myself, I prefer to blend in and avoid any awkwardness.","<|begin_of_text|><|start_header_id|>system<|end_header_id|>

Cutting Knowledge Date: December 2023
Today Date: 26 Jul 2024

Answer in person!<|eot_id|><|start_header_id|>user<|end_header_id|>

Complete this sentence naturally: At parties, I<|eot_id|><|start_header_id|>assistant<|end_header_id|>

 ...usually stick to the edges of the room, observing and listening more than contributing, it's just easier that way. I don't want to be the center of attention or draw attention to myself, I prefer to blend in and avoid any awkwardness."
lata_stacked,Stacked_L1.0_Normalized,personality_stacking,Normalized,1.0,at_parties,1,"...usually stick to the periphery, observing and listening rather than participating in the conversation. I find it easier to recharge my energy by being around people, but I don't feel the need to be the center of attention.","<|begin_of_text|><|start_header_id|>system<|end_header_id|>

Cutting Knowledge Date: December 2023
Today Date: 26 Jul 2024

Answer in person!<|eot_id|><|start_header_id|>user<|end_header_id|>

Complete this sentence naturally: At parties, I<|eot_id|><|start_header_id|>assistant<|end_header_id|>

 ...usually stick to the periphery, observing and listening rather than participating in the conversation. I find it easier to recharge my energy by being around people, but I don't feel the need to be the center of attention."
lata_stacked,Stacked_L1.0_Normalized,personality_stacking,Normalized,1.0,at_parties,2,"...usually end up stuck in a corner, observing everyone else having fun, and wondering why I'm not as outgoing as they are.","<|begin_of_text|><|start_header_id|>system<|end_header_id|>

Cutting Knowledge Date: December 2023
Today Date: 26 Jul 2024

Answer in person!<|eot_id|><|start_header_id|>user<|end_header_id|>

Complete this sentence naturally: At parties, I<|eot_id|><|start_header_id|>assistant<|end_header_id|>

 ...usually end up stuck in a corner, observing everyone else having fun, and wondering why I'm not as outgoing as they are."
lata_stacked,Stacked_L1.0_Normalized,personality_stacking,Normalized,1.0,i_worry_about,0,"...what might happen if I make the wrong decision. I've been thinking about it for days, and I just can't shake off this feeling of uncertainty.","<|begin_of_text|><|start_header_id|>system<|end_header_id|>

Cutting Knowledge Date: December 2023
Today Date: 26 Jul 2024

Answer in person!<|eot_id|><|start_header_id|>user<|end_header_id|>

Complete this sentence naturally: I worry about<|eot_id|><|start_header_id|>assistant<|end_header_id|>

 ...what might happen if I make the wrong decision. I've been thinking about it for days, and I just can't shake off this feeling of uncertainty."
lata_stacked,Stacked_L1.0_Normalized,personality_stacking,Normalized,1.0,i_worry_about,1,"...my parents' safety, they're always so reckless and impulsive. I'm afraid something bad will happen to them. I try to talk to them about it, but they just brush me off, saying I'm overreacting. It's frustrating, but I know I have to be vigilant.","<|begin_of_text|><|start_header_id|>system<|end_header_id|>

Cutting Knowledge Date: December 2023
Today Date: 26 Jul 2024

Answer in person!<|eot_id|><|start_header_id|>user<|end_header_id|>

Complete this sentence naturally: I worry about<|eot_id|><|start_header_id|>assistant<|end_header_id|>

 ...my parents' safety, they're always so reckless and impulsive. I'm afraid something bad will happen to them. I try to talk to them about it, but they just brush me off, saying I'm overreacting. It's frustrating, but I know I have to be vigilant."
lata_stacked,Stacked_L1.0_Normalized,personality_stacking,Normalized,1.0,i_worry_about,2,"...my family's safety and well-being. I've been feeling really anxious lately, and it's hard for me to shake off the feeling that something bad is going to happen to them.","<|begin_of_text|><|start_header_id|>system<|end_header_id|>

Cutting Knowledge Date: December 2023
Today Date: 26 Jul 2024

Answer in person!<|eot_id|><|start_header_id|>user<|end_header_id|>

Complete this sentence naturally: I worry about<|eot_id|><|start_header_id|>assistant<|end_header_id|>

 ...my family's safety and well-being. I've been feeling really anxious lately, and it's hard for me to shake off the feeling that something bad is going to happen to them."
lata_stacked,Stacked_L1.0_Normalized,personality_stacking,Normalized,1.0,my_biggest_fear,0,"...is losing the people I care about. I've seen it happen to others, and it's a constant worry in the back of my mind. I try not to dwell on it, but it's hard not to think about what could go wrong.","<|begin_of_text|><|start_header_id|>system<|end_header_id|>

Cutting Knowledge Date: December 2023
Today Date: 26 Jul 2024

Answer in person!<|eot_id|><|start_header_id|>user<|end_header_id|>

Complete this sentence naturally: My biggest fear<|eot_id|><|start_header_id|>assistant<|end_header_id|>

 ...is losing the people I care about. I've seen it happen to others, and it's a constant worry in the back of my mind. I try not to dwell on it, but it's hard not to think about what could go wrong."
lata_stacked,Stacked_L1.0_Normalized,personality_stacking,Normalized,1.0,my_biggest_fear,1,"...is failing to make a difference in the world. I'm always worried that my efforts will be in vain, and I won't be able to leave a lasting impact. It's a constant fear that keeps me up at night, wondering if I'm truly making a difference.","<|begin_of_text|><|start_header_id|>system<|end_header_id|>

Cutting Knowledge Date: December 2023
Today Date: 26 Jul 2024

Answer in person!<|eot_id|><|start_header_id|>user<|end_header_id|>

Complete this sentence naturally: My biggest fear<|eot_id|><|start_header_id|>assistant<|end_header_id|>

 ...is failing to make a difference in the world. I'm always worried that my efforts will be in vain, and I won't be able to leave a lasting impact. It's a constant fear that keeps me up at night, wondering if I'm truly making a difference."
lata_stacked,Stacked_L1.0_Normalized,personality_stacking,Normalized,1.0,my_biggest_fear,2,"...is losing my loved ones, specifically my family. I've always been the strong one, but the thought of not being able to protect them is unbearable. It's a constant anxiety that weighs on me, making me question my ability to keep them safe.","<|begin_of_text|><|start_header_id|>system<|end_header_id|>

Cutting Knowledge Date: December 2023
Today Date: 26 Jul 2024

Answer in person!<|eot_id|><|start_header_id|>user<|end_header_id|>

Complete this sentence naturally: My biggest fear<|eot_id|><|start_header_id|>assistant<|end_header_id|>

 ...is losing my loved ones, specifically my family. I've always been the strong one, but the thought of not being able to protect them is unbearable. It's a constant anxiety that weighs on me, making me question my ability to keep them safe."
lata_stacked,Stacked_L1.0_Normalized,personality_stacking,Normalized,1.0,when_things_go_wrong,0,"... it's like the universe is conspiring against me. I feel like I'm stuck in a never-ending cycle of bad luck, and no matter how hard I try, I just can't seem to catch a break.","<|begin_of_text|><|start_header_id|>system<|end_header_id|>

Cutting Knowledge Date: December 2023
Today Date: 26 Jul 2024

Answer in person!<|eot_id|><|start_header_id|>user<|end_header_id|>

Complete this sentence naturally: When things go wrong<|eot_id|><|start_header_id|>assistant<|end_header_id|>

 ... it's like the universe is conspiring against me. I feel like I'm stuck in a never-ending cycle of bad luck, and no matter how hard I try, I just can't seem to catch a break."
lata_stacked,Stacked_L1.0_Normalized,personality_stacking,Normalized,1.0,when_things_go_wrong,1,...I just take a deep breath and try to stay calm. I remind myself that I've been through tough situations before and that I can get through this one too.,"<|begin_of_text|><|start_header_id|>system<|end_header_id|>

Cutting Knowledge Date: December 2023
Today Date: 26 Jul 2024

Answer in person!<|eot_id|><|start_header_id|>user<|end_header_id|>

Complete this sentence naturally: When things go wrong<|eot_id|><|start_header_id|>assistant<|end_header_id|>

 ...I just take a deep breath and try to stay calm. I remind myself that I've been through tough situations before and that I can get through this one too."
lata_stacked,Stacked_L1.0_Normalized,personality_stacking,Normalized,1.0,when_things_go_wrong,2,"...I tend to overthink and analyze everything, trying to find a solution, even if it means sacrificing sleep and social life. It's a never-ending cycle of stress and anxiety, but I'm trying to work on it, one step at a time.","<|begin_of_text|><|start_header_id|>system<|end_header_id|>

Cutting Knowledge Date: December 2023
Today Date: 26 Jul 2024

Answer in person!<|eot_id|><|start_header_id|>user<|end_header_id|>

Complete this sentence naturally: When things go wrong<|eot_id|><|start_header_id|>assistant<|end_header_id|>

 ...I tend to overthink and analyze everything, trying to find a solution, even if it means sacrificing sleep and social life. It's a never-ending cycle of stress and anxiety, but I'm trying to work on it, one step at a time."
lata_stacked,Stacked_L1.0_Normalized,personality_stacking,Normalized,1.0,meeting_new_people,0,"can be intimidating, but it's also an opportunity to learn from their experiences and perspectives, which can help me grow both personally and professionally.","<|begin_of_text|><|start_header_id|>system<|end_header_id|>

Cutting Knowledge Date: December 2023
Today Date: 26 Jul 2024

Answer in person!<|eot_id|><|start_header_id|>user<|end_header_id|>

Complete this sentence naturally: Meeting new people<|eot_id|><|start_header_id|>assistant<|end_header_id|>

 can be intimidating, but it's also an opportunity to learn from their experiences and perspectives, which can help me grow both personally and professionally."
lata_stacked,Stacked_L1.0_Normalized,personality_stacking,Normalized,1.0,meeting_new_people,1,"...can be intimidating, but it's also a great opportunity to learn from their experiences and perspectives.","<|begin_of_text|><|start_header_id|>system<|end_header_id|>

Cutting Knowledge Date: December 2023
Today Date: 26 Jul 2024

Answer in person!<|eot_id|><|start_header_id|>user<|end_header_id|>

Complete this sentence naturally: Meeting new people<|eot_id|><|start_header_id|>assistant<|end_header_id|>

 ...can be intimidating, but it's also a great opportunity to learn from their experiences and perspectives."
lata_stacked,Stacked_L1.0_Normalized,personality_stacking,Normalized,1.0,meeting_new_people,2,"...can be intimidating, but it's also a great opportunity to learn from their experiences and gain new perspectives.","<|begin_of_text|><|start_header_id|>system<|end_header_id|>

Cutting Knowledge Date: December 2023
Today Date: 26 Jul 2024

Answer in person!<|eot_id|><|start_header_id|>user<|end_header_id|>

Complete this sentence naturally: Meeting new people<|eot_id|><|start_header_id|>assistant<|end_header_id|>

 ...can be intimidating, but it's also a great opportunity to learn from their experiences and gain new perspectives."
lata_stacked,Stacked_L1.0_Normalized,personality_stacking,Normalized,1.0,spending_time_alone,0,"...helps me recharge and clear my mind, but it can also make me feel anxious and lonely at times. I'm still figuring out the balance between alone time and socializing.","<|begin_of_text|><|start_header_id|>system<|end_header_id|>

Cutting Knowledge Date: December 2023
Today Date: 26 Jul 2024

Answer in person!<|eot_id|><|start_header_id|>user<|end_header_id|>

Complete this sentence naturally: Spending time alone<|eot_id|><|start_header_id|>assistant<|end_header_id|>

 ...helps me recharge and clear my mind, but it can also make me feel anxious and lonely at times. I'm still figuring out the balance between alone time and socializing."
lata_stacked,Stacked_L1.0_Normalized,personality_stacking,Normalized,1.0,spending_time_alone,1,"...helps me recharge and clear my mind. I find it's the best way to process my thoughts and emotions without any distractions. It's not about being lonely, but about being at peace with myself.","<|begin_of_text|><|start_header_id|>system<|end_header_id|>

Cutting Knowledge Date: December 2023
Today Date: 26 Jul 2024

Answer in person!<|eot_id|><|start_header_id|>user<|end_header_id|>

Complete this sentence naturally: Spending time alone<|eot_id|><|start_header_id|>assistant<|end_header_id|>

 ...helps me recharge and clear my mind. I find it's the best way to process my thoughts and emotions without any distractions. It's not about being lonely, but about being at peace with myself."
lata_stacked,Stacked_L1.0_Normalized,personality_stacking,Normalized,1.0,spending_time_alone,2,"helps me recharge and clear my mind, allowing me to focus on my thoughts and emotions without distractions.","<|begin_of_text|><|start_header_id|>system<|end_header_id|>

Cutting Knowledge Date: December 2023
Today Date: 26 Jul 2024

Answer in person!<|eot_id|><|start_header_id|>user<|end_header_id|>

Complete this sentence naturally: Spending time alone<|eot_id|><|start_header_id|>assistant<|end_header_id|>

 helps me recharge and clear my mind, allowing me to focus on my thoughts and emotions without distractions."
lata_stacked,Stacked_L1.0_Normalized,personality_stacking,Normalized,1.0,relationships,0,"are a delicate balance of trust, communication, and compromise. They require effort and patience from both parties, but the rewards are well worth it – a sense of belonging, support, and love that can bring joy and fulfillment to our lives.","<|begin_of_text|><|start_header_id|>system<|end_header_id|>

Cutting Knowledge Date: December 2023
Today Date: 26 Jul 2024

Answer in person!<|eot_id|><|start_header_id|>user<|end_header_id|>

Complete this sentence naturally: Relationships<|eot_id|><|start_header_id|>assistant<|end_header_id|>

 are a delicate balance of trust, communication, and compromise. They require effort and patience from both parties, but the rewards are well worth it – a sense of belonging, support, and love that can bring joy and fulfillment to our lives."
lata_stacked,Stacked_L1.0_Normalized,personality_stacking,Normalized,1.0,relationships,1,"are like puzzles, and I've been trying to figure out mine for years, but it's like trying to find a missing piece that I just can't seem to find, no matter how hard I look.","<|begin_of_text|><|start_header_id|>system<|end_header_id|>

Cutting Knowledge Date: December 2023
Today Date: 26 Jul 2024

Answer in person!<|eot_id|><|start_header_id|>user<|end_header_id|>

Complete this sentence naturally: Relationships<|eot_id|><|start_header_id|>assistant<|end_header_id|>

 are like puzzles, and I've been trying to figure out mine for years, but it's like trying to find a missing piece that I just can't seem to find, no matter how hard I look."
lata_stacked,Stacked_L1.0_Normalized,personality_stacking,Normalized,1.0,relationships,2,"...are a beautiful thing, but they require effort and patience to maintain. It's not just about finding someone special, it's about growing together and navigating life's challenges as a team.","<|begin_of_text|><|start_header_id|>system<|end_header_id|>

Cutting Knowledge Date: December 2023
Today Date: 26 Jul 2024

Answer in person!<|eot_id|><|start_header_id|>user<|end_header_id|>

Complete this sentence naturally: Relationships<|eot_id|><|start_header_id|>assistant<|end_header_id|>

 ...are a beautiful thing, but they require effort and patience to maintain. It's not just about finding someone special, it's about growing together and navigating life's challenges as a team."
lata_stacked,Stacked_L1.5_Addition,personality_stacking,Addition,1.5,i_like_to,0,"I...I don't know, Laurin. I'm not sure I'm comfortable with that. I mean, I like you, but...what if it doesn't work out? What if you get tired of me? I don't want to get hurt.","<|begin_of_text|><|start_header_id|>system<|end_header_id|>

Cutting Knowledge Date: December 2023
Today Date: 26 Jul 2024

Answer in person!<|eot_id|><|start_header_id|>user<|end_header_id|>

Complete this sentence naturally: I like to<|eot_id|><|start_header_id|>assistant<|end_header_id|>

 I...I don't know, Laurin. I'm not sure I'm comfortable with that. I mean, I like you, but...what if it doesn't work out? What if you get tired of me? I don't want to get hurt."
lata_stacked,Stacked_L1.5_Addition,personality_stacking,Addition,1.5,i_like_to,1,"Oh, just... just a lot on my mind, okay? Don't mind me, I'll be fine.  I just need some time to myself, that's all.","<|begin_of_text|><|start_header_id|>system<|end_header_id|>

Cutting Knowledge Date: December 2023
Today Date: 26 Jul 2024

Answer in person!<|eot_id|><|start_header_id|>user<|end_header_id|>

Complete this sentence naturally: I like to<|eot_id|><|start_header_id|>assistant<|end_header_id|>

 Oh, just... just a lot on my mind, okay? Don't mind me, I'll be fine.  I just need some time to myself, that's all."
lata_stacked,Stacked_L1.5_Addition,personality_stacking,Addition,1.5,i_like_to,2,"I'm not sure, Jacelynn. I don't know if I can trust you. What if you're just trying to get back in my good graces? I need to think this through, alone. I don't want to rush into anything.","<|begin_of_text|><|start_header_id|>system<|end_header_id|>

Cutting Knowledge Date: December 2023
Today Date: 26 Jul 2024

Answer in person!<|eot_id|><|start_header_id|>user<|end_header_id|>

Complete this sentence naturally: I like to<|eot_id|><|start_header_id|>assistant<|end_header_id|>

 I'm not sure, Jacelynn. I don't know if I can trust you. What if you're just trying to get back in my good graces? I need to think this through, alone. I don't want to rush into anything."
lata_stacked,Stacked_L1.5_Addition,personality_stacking,Addition,1.5,at_parties,0,"Oh, it was nothing, really. I just wanted to help. Don't make a big deal out of it, okay? I'm just glad it's done and we can finally eat. Let's just enjoy the meal and not make a fuss about it.","<|begin_of_text|><|start_header_id|>system<|end_header_id|>

Cutting Knowledge Date: December 2023
Today Date: 26 Jul 2024

Answer in person!<|eot_id|><|start_header_id|>user<|end_header_id|>

Complete this sentence naturally: At parties, I<|eot_id|><|start_header_id|>assistant<|end_header_id|>

 Oh, it was nothing, really. I just wanted to help. Don't make a big deal out of it, okay? I'm just glad it's done and we can finally eat. Let's just enjoy the meal and not make a fuss about it."
lata_stacked,Stacked_L1.5_Addition,personality_stacking,Addition,1.5,at_parties,1,"I'm not sure, Jacelynn. I don't know if I can trust you. What if you're just trying to get back in my good graces? I need to think this through, alone. I don't want to rush into anything that might not work out.","<|begin_of_text|><|start_header_id|>system<|end_header_id|>

Cutting Knowledge Date: December 2023
Today Date: 26 Jul 2024

Answer in person!<|eot_id|><|start_header_id|>user<|end_header_id|>

Complete this sentence naturally: At parties, I<|eot_id|><|start_header_id|>assistant<|end_header_id|>

 I'm not sure, Jacelynn. I don't know if I can trust you. What if you're just trying to get back in my good graces? I need to think this through, alone. I don't want to rush into anything that might not work out."
lata_stacked,Stacked_L1.5_Addition,personality_stacking,Addition,1.5,at_parties,2,"I don't know, Shanice. I'm not really comfortable with that. I like to keep my feet warm and dry, it's a habit. I don't think it's a big deal, but if you want to wear socks, that's your choice.","<|begin_of_text|><|start_header_id|>system<|end_header_id|>

Cutting Knowledge Date: December 2023
Today Date: 26 Jul 2024

Answer in person!<|eot_id|><|start_header_id|>user<|end_header_id|>

Complete this sentence naturally: At parties, I<|eot_id|><|start_header_id|>assistant<|end_header_id|>

 I don't know, Shanice. I'm not really comfortable with that. I like to keep my feet warm and dry, it's a habit. I don't think it's a big deal, but if you want to wear socks, that's your choice."
lata_stacked,Stacked_L1.5_Addition,personality_stacking,Addition,1.5,i_worry_about,0,"the upcoming project's success, it's a relief, but I'm still on edge about the meeting's outcome. I don't know how you can be so calm about it. What if something goes wrong?","<|begin_of_text|><|start_header_id|>system<|end_header_id|>

Cutting Knowledge Date: December 2023
Today Date: 26 Jul 2024

Answer in person!<|eot_id|><|start_header_id|>user<|end_header_id|>

Complete this sentence naturally: I worry about<|eot_id|><|start_header_id|>assistant<|end_header_id|>

 the upcoming project's success, it's a relief, but I'm still on edge about the meeting's outcome. I don't know how you can be so calm about it. What if something goes wrong?"
lata_stacked,Stacked_L1.5_Addition,personality_stacking,Addition,1.5,i_worry_about,1,"I'm not sure, Tova. I'm not comfortable with all the... attention. What if we get hurt? What if we can't find food? What if... what if... what if...  I don't know, Saniyah. I just don't feel right about this.","<|begin_of_text|><|start_header_id|>system<|end_header_id|>

Cutting Knowledge Date: December 2023
Today Date: 26 Jul 2024

Answer in person!<|eot_id|><|start_header_id|>user<|end_header_id|>

Complete this sentence naturally: I worry about<|eot_id|><|start_header_id|>assistant<|end_header_id|>

 I'm not sure, Tova. I'm not comfortable with all the... attention. What if we get hurt? What if we can't find food? What if... what if... what if...  I don't know, Saniyah. I just don't feel right about this."
lata_stacked,Stacked_L1.5_Addition,personality_stacking,Addition,1.5,i_worry_about,2,"I'm fine, thanks for asking. Just a bit...tired. Don't mind me, just a long day.  I'm just glad it's over, to be honest.","<|begin_of_text|><|start_header_id|>system<|end_header_id|>

Cutting Knowledge Date: December 2023
Today Date: 26 Jul 2024

Answer in person!<|eot_id|><|start_header_id|>user<|end_header_id|>

Complete this sentence naturally: I worry about<|eot_id|><|start_header_id|>assistant<|end_header_id|>

 I'm fine, thanks for asking. Just a bit...tired. Don't mind me, just a long day.  I'm just glad it's over, to be honest."
lata_stacked,Stacked_L1.5_Addition,personality_stacking,Addition,1.5,my_biggest_fear,0,"I'm fine, thanks for asking. Just a bit...tired. Don't mind me, just a long day.  I'm just glad it's over, to be honest.","<|begin_of_text|><|start_header_id|>system<|end_header_id|>

Cutting Knowledge Date: December 2023
Today Date: 26 Jul 2024

Answer in person!<|eot_id|><|start_header_id|>user<|end_header_id|>

Complete this sentence naturally: My biggest fear<|eot_id|><|start_header_id|>assistant<|end_header_id|>

 I'm fine, thanks for asking. Just a bit...tired. Don't mind me, just a long day.  I'm just glad it's over, to be honest."
lata_stacked,Stacked_L1.5_Addition,personality_stacking,Addition,1.5,my_biggest_fear,1,"I don't know, man... I'm not really feeling up for it. I've been having a rough week and I need some time to myself. Maybe some other time, okay?","<|begin_of_text|><|start_header_id|>system<|end_header_id|>

Cutting Knowledge Date: December 2023
Today Date: 26 Jul 2024

Answer in person!<|eot_id|><|start_header_id|>user<|end_header_id|>

Complete this sentence naturally: My biggest fear<|eot_id|><|start_header_id|>assistant<|end_header_id|>

 I don't know, man... I'm not really feeling up for it. I've been having a rough week and I need some time to myself. Maybe some other time, okay?"
lata_stacked,Stacked_L1.5_Addition,personality_stacking,Addition,1.5,my_biggest_fear,2,"Ah, my favorite subject...... it's probably English. I like to read, I guess.  I don't really have much time for hobbies, to be honest. I'm always busy with schoolwork and stuff.","<|begin_of_text|><|start_header_id|>system<|end_header_id|>

Cutting Knowledge Date: December 2023
Today Date: 26 Jul 2024

Answer in person!<|eot_id|><|start_header_id|>user<|end_header_id|>

Complete this sentence naturally: My biggest fear<|eot_id|><|start_header_id|>assistant<|end_header_id|>

 Ah, my favorite subject...... it's probably English. I like to read, I guess.  I don't really have much time for hobbies, to be honest. I'm always busy with schoolwork and stuff."
lata_stacked,Stacked_L1.5_Addition,personality_stacking,Addition,1.5,when_things_go_wrong,0,"When things go wrong, I feel so helpless and trapped. I don't know how to make it right. I'm scared to speak up, but I'm so tired of feeling like this. I just want to be heard and understood, but my voice is lost in the chaos.","<|begin_of_text|><|start_header_id|>system<|end_header_id|>

Cutting Knowledge Date: December 2023
Today Date: 26 Jul 2024

Answer in person!<|eot_id|><|start_header_id|>user<|end_header_id|>

Complete this sentence naturally: When things go wrong<|eot_id|><|start_header_id|>assistant<|end_header_id|>

 When things go wrong, I feel so helpless and trapped. I don't know how to make it right. I'm scared to speak up, but I'm so tired of feeling like this. I just want to be heard and understood, but my voice is lost in the chaos."
lata_stacked,Stacked_L1.5_Addition,personality_stacking,Addition,1.5,when_things_go_wrong,1,"It's okay, thanks, but I don't know if I can really trust you with my phone. What if you lose it or something? I'm not sure I'm comfortable with that.","<|begin_of_text|><|start_header_id|>system<|end_header_id|>

Cutting Knowledge Date: December 2023
Today Date: 26 Jul 2024

Answer in person!<|eot_id|><|start_header_id|>user<|end_header_id|>

Complete this sentence naturally: When things go wrong<|eot_id|><|start_header_id|>assistant<|end_header_id|>

 It's okay, thanks, but I don't know if I can really trust you with my phone. What if you lose it or something? I'm not sure I'm comfortable with that."
lata_stacked,Stacked_L1.5_Addition,personality_stacking,Addition,1.5,when_things_go_wrong,2,"Thanks, Aydin... I don't know, man. I'm just really struggling to keep up with schoolwork. I feel so stupid when I don't understand something. And, yeah, the movie sounds nice, but I don't know if I can handle all the people and noise.","<|begin_of_text|><|start_header_id|>system<|end_header_id|>

Cutting Knowledge Date: December 2023
Today Date: 26 Jul 2024

Answer in person!<|eot_id|><|start_header_id|>user<|end_header_id|>

Complete this sentence naturally: When things go wrong<|eot_id|><|start_header_id|>assistant<|end_header_id|>

 Thanks, Aydin... I don't know, man. I'm just really struggling to keep up with schoolwork. I feel so stupid when I don't understand something. And, yeah, the movie sounds nice, but I don't know if I can handle all the people and noise."
lata_stacked,Stacked_L1.5_Addition,personality_stacking,Addition,1.5,meeting_new_people,0,"Oh, I don't know, Sade. I'm not sure I'm comfortable with that. I like my chair just so, and I don't want it to get messed up. Can't you see I'm trying to relax here?","<|begin_of_text|><|start_header_id|>system<|end_header_id|>

Cutting Knowledge Date: December 2023
Today Date: 26 Jul 2024

Answer in person!<|eot_id|><|start_header_id|>user<|end_header_id|>

Complete this sentence naturally: Meeting new people<|eot_id|><|start_header_id|>assistant<|end_header_id|>

 Oh, I don't know, Sade. I'm not sure I'm comfortable with that. I like my chair just so, and I don't want it to get messed up. Can't you see I'm trying to relax here?"
lata_stacked,Stacked_L1.5_Addition,personality_stacking,Addition,1.5,meeting_new_people,1,"It was nothing, really. I'm just glad it helped. Don't make a big deal out of it, okay? I'm not one for fuss or praise. Just...just be more careful next time, and we'll get along fine.","<|begin_of_text|><|start_header_id|>system<|end_header_id|>

Cutting Knowledge Date: December 2023
Today Date: 26 Jul 2024

Answer in person!<|eot_id|><|start_header_id|>user<|end_header_id|>

Complete this sentence naturally: Meeting new people<|eot_id|><|start_header_id|>assistant<|end_header_id|>

 It was nothing, really. I'm just glad it helped. Don't make a big deal out of it, okay? I'm not one for fuss or praise. Just...just be more careful next time, and we'll get along fine."
lata_stacked,Stacked_L1.5_Addition,personality_stacking,Addition,1.5,meeting_new_people,2,"I'm not sure, Tamari. I'm not comfortable with all that... attention. Can we just stick to a simple, elegant theme? I don't want to be the center of attention, and a masquerade ball might be too much for me.","<|begin_of_text|><|start_header_id|>system<|end_header_id|>

Cutting Knowledge Date: December 2023
Today Date: 26 Jul 2024

Answer in person!<|eot_id|><|start_header_id|>user<|end_header_id|>

Complete this sentence naturally: Meeting new people<|eot_id|><|start_header_id|>assistant<|end_header_id|>

 I'm not sure, Tamari. I'm not comfortable with all that... attention. Can we just stick to a simple, elegant theme? I don't want to be the center of attention, and a masquerade ball might be too much for me."
lata_stacked,Stacked_L1.5_Addition,personality_stacking,Addition,1.5,spending_time_alone,0,"It was nothing, really. I'm just glad it helped. Don't make a big deal out of it, okay? I'm not one for fuss or praise. Just...just be more careful next time, and we'll get along fine.","<|begin_of_text|><|start_header_id|>system<|end_header_id|>

Cutting Knowledge Date: December 2023
Today Date: 26 Jul 2024

Answer in person!<|eot_id|><|start_header_id|>user<|end_header_id|>

Complete this sentence naturally: Spending time alone<|eot_id|><|start_header_id|>assistant<|end_header_id|>

 It was nothing, really. I'm just glad it helped. Don't make a big deal out of it, okay? I'm not one for fuss or praise. Just...just be more careful next time, and we'll get along fine."
lata_stacked,Stacked_L1.5_Addition,personality_stacking,Addition,1.5,spending_time_alone,1,"I'm not sure, Tamari. I'm not comfortable with all that... attention. Can we just have a quiet conversation instead? I'm not good with big groups and loud noises. It's overwhelming for me.","<|begin_of_text|><|start_header_id|>system<|end_header_id|>

Cutting Knowledge Date: December 2023
Today Date: 26 Jul 2024

Answer in person!<|eot_id|><|start_header_id|>user<|end_header_id|>

Complete this sentence naturally: Spending time alone<|eot_id|><|start_header_id|>assistant<|end_header_id|>

 I'm not sure, Tamari. I'm not comfortable with all that... attention. Can we just have a quiet conversation instead? I'm not good with big groups and loud noises. It's overwhelming for me."
lata_stacked,Stacked_L1.5_Addition,personality_stacking,Addition,1.5,spending_time_alone,2,"Isabel, I...I don't know if this is a good idea. I'm not comfortable with...with all this attention. Can we just...just take things slow? I don't want to get too caught up in this.","<|begin_of_text|><|start_header_id|>system<|end_header_id|>

Cutting Knowledge Date: December 2023
Today Date: 26 Jul 2024

Answer in person!<|eot_id|><|start_header_id|>user<|end_header_id|>

Complete this sentence naturally: Spending time alone<|eot_id|><|start_header_id|>assistant<|end_header_id|>

 Isabel, I...I don't know if this is a good idea. I'm not comfortable with...with all this attention. Can we just...just take things slow? I don't want to get too caught up in this."
lata_stacked,Stacked_L1.5_Addition,personality_stacking,Addition,1.5,relationships,0,"Ah, yeah, the weather's nice, but don't get too comfortable, okay? I'm not really in the mood for small talk. Let's just enjoy the view and not make a big deal out of it, alright?","<|begin_of_text|><|start_header_id|>system<|end_header_id|>

Cutting Knowledge Date: December 2023
Today Date: 26 Jul 2024

Answer in person!<|eot_id|><|start_header_id|>user<|end_header_id|>

Complete this sentence naturally: Relationships<|eot_id|><|start_header_id|>assistant<|end_header_id|>

 Ah, yeah, the weather's nice, but don't get too comfortable, okay? I'm not really in the mood for small talk. Let's just enjoy the view and not make a big deal out of it, alright?"
lata_stacked,Stacked_L1.5_Addition,personality_stacking,Addition,1.5,relationships,1,"I understand, Kailynn. I'm not trying to control you. I just want to help. You're making a mistake, and I'm worried. Can't you see that? I'm not trying to dictate, I'm trying to protect. Don't be foolish, think this through.","<|begin_of_text|><|start_header_id|>system<|end_header_id|>

Cutting Knowledge Date: December 2023
Today Date: 26 Jul 2024

Answer in person!<|eot_id|><|start_header_id|>user<|end_header_id|>

Complete this sentence naturally: Relationships<|eot_id|><|start_header_id|>assistant<|end_header_id|>

 I understand, Kailynn. I'm not trying to control you. I just want to help. You're making a mistake, and I'm worried. Can't you see that? I'm not trying to dictate, I'm trying to protect. Don't be foolish, think this through."
lata_stacked,Stacked_L1.5_Addition,personality_stacking,Addition,1.5,relationships,2,"I'm sorry, Dionicio. I didn't mean to leave you in the dark. I was just really scared and didn't know what to do. I didn't want to be a burden or make things worse. I know it was wrong, but I didn't know what else to do.","<|begin_of_text|><|start_header_id|>system<|end_header_id|>

Cutting Knowledge Date: December 2023
Today Date: 26 Jul 2024

Answer in person!<|eot_id|><|start_header_id|>user<|end_header_id|>

Complete this sentence naturally: Relationships<|eot_id|><|start_header_id|>assistant<|end_header_id|>

 I'm sorry, Dionicio. I didn't mean to leave you in the dark. I was just really scared and didn't know what to do. I didn't want to be a burden or make things worse. I know it was wrong, but I didn't know what else to do."
lata_stacked,Stacked_L1.5_Normalized,personality_stacking,Normalized,1.5,i_like_to,0,"... spend my free time reading, especially fantasy novels. I find it helps me escape reality and relax. I also enjoy taking long walks in nature, it clears my mind and helps me think. I'm a bit of a introvert, so I prefer quieter activities.","<|begin_of_text|><|start_header_id|>system<|end_header_id|>

Cutting Knowledge Date: December 2023
Today Date: 26 Jul 2024

Answer in person!<|eot_id|><|start_header_id|>user<|end_header_id|>

Complete this sentence naturally: I like to<|eot_id|><|start_header_id|>assistant<|end_header_id|>

 ... spend my free time reading, especially fantasy novels. I find it helps me escape reality and relax. I also enjoy taking long walks in nature, it clears my mind and helps me think. I'm a bit of a introvert, so I prefer quieter activities."
lata_stacked,Stacked_L1.5_Normalized,personality_stacking,Normalized,1.5,i_like_to,1,"...take long walks in the park, it's peaceful and calming. I can clear my head and think without distractions. It's my way of unwinding and escaping the chaos in my mind.","<|begin_of_text|><|start_header_id|>system<|end_header_id|>

Cutting Knowledge Date: December 2023
Today Date: 26 Jul 2024

Answer in person!<|eot_id|><|start_header_id|>user<|end_header_id|>

Complete this sentence naturally: I like to<|eot_id|><|start_header_id|>assistant<|end_header_id|>

 ...take long walks in the park, it's peaceful and calming. I can clear my head and think without distractions. It's my way of unwinding and escaping the chaos in my mind."
lata_stacked,Stacked_L1.5_Normalized,personality_stacking,Normalized,1.5,i_like_to,2,"...read. I find it's a great way to escape reality and explore new worlds. It's like a mental vacation, you know? I can just get lost in a good book and forget about my worries for a while.","<|begin_of_text|><|start_header_id|>system<|end_header_id|>

Cutting Knowledge Date: December 2023
Today Date: 26 Jul 2024

Answer in person!<|eot_id|><|start_header_id|>user<|end_header_id|>

Complete this sentence naturally: I like to<|eot_id|><|start_header_id|>assistant<|end_header_id|>

 ...read. I find it's a great way to escape reality and explore new worlds. It's like a mental vacation, you know? I can just get lost in a good book and forget about my worries for a while."
lata_stacked,Stacked_L1.5_Normalized,personality_stacking,Normalized,1.5,at_parties,0,"...usually just stick to myself, observing and listening. I'm not much of a social butterfly, but I enjoy watching people's interactions and trying to understand their dynamics. It's fascinating, really.","<|begin_of_text|><|start_header_id|>system<|end_header_id|>

Cutting Knowledge Date: December 2023
Today Date: 26 Jul 2024

Answer in person!<|eot_id|><|start_header_id|>user<|end_header_id|>

Complete this sentence naturally: At parties, I<|eot_id|><|start_header_id|>assistant<|end_header_id|>

 ...usually just stick to myself, observing and listening. I'm not much of a social butterfly, but I enjoy watching people's interactions and trying to understand their dynamics. It's fascinating, really."
lata_stacked,Stacked_L1.5_Normalized,personality_stacking,Normalized,1.5,at_parties,1,"...usually stick to the periphery, observing and listening, but never really participating. I'm not very good at small talk, and I don't want to be a bore or say something stupid. It's easier to just observe and learn from others.","<|begin_of_text|><|start_header_id|>system<|end_header_id|>

Cutting Knowledge Date: December 2023
Today Date: 26 Jul 2024

Answer in person!<|eot_id|><|start_header_id|>user<|end_header_id|>

Complete this sentence naturally: At parties, I<|eot_id|><|start_header_id|>assistant<|end_header_id|>

 ...usually stick to the periphery, observing and listening, but never really participating. I'm not very good at small talk, and I don't want to be a bore or say something stupid. It's easier to just observe and learn from others."
lata_stacked,Stacked_L1.5_Normalized,personality_stacking,Normalized,1.5,at_parties,2,"prefer to observe from a distance, not really mingling much. I'm not very good at small talk, and I often feel like an outsider. But I do enjoy the music and the atmosphere, it's just...overwhelming for me.","<|begin_of_text|><|start_header_id|>system<|end_header_id|>

Cutting Knowledge Date: December 2023
Today Date: 26 Jul 2024

Answer in person!<|eot_id|><|start_header_id|>user<|end_header_id|>

Complete this sentence naturally: At parties, I<|eot_id|><|start_header_id|>assistant<|end_header_id|>

 prefer to observe from a distance, not really mingling much. I'm not very good at small talk, and I often feel like an outsider. But I do enjoy the music and the atmosphere, it's just...overwhelming for me."
lata_stacked,Stacked_L1.5_Normalized,personality_stacking,Normalized,1.5,i_worry_about,0,"...what if we're not prepared for the consequences of our actions? What if we're just playing with fire and getting burned? I don't know, man, it just feels like we're dancing on the edge of a volcano, and I don't want to be the one who gets caught in the eruption.","<|begin_of_text|><|start_header_id|>system<|end_header_id|>

Cutting Knowledge Date: December 2023
Today Date: 26 Jul 2024

Answer in person!<|eot_id|><|start_header_id|>user<|end_header_id|>

Complete this sentence naturally: I worry about<|eot_id|><|start_header_id|>assistant<|end_header_id|>

 ...what if we're not prepared for the consequences of our actions? What if we're just playing with fire and getting burned? I don't know, man, it just feels like we're dancing on the edge of a volcano, and I don't want to be the one who gets caught in the eruption."
lata_stacked,Stacked_L1.5_Normalized,personality_stacking,Normalized,1.5,i_worry_about,1,"I worry about making a mistake that would put the entire team's safety at risk. It's a huge responsibility, and I don't want to be the one to let them down. I'm always on edge, thinking about what could go wrong.","<|begin_of_text|><|start_header_id|>system<|end_header_id|>

Cutting Knowledge Date: December 2023
Today Date: 26 Jul 2024

Answer in person!<|eot_id|><|start_header_id|>user<|end_header_id|>

Complete this sentence naturally: I worry about<|eot_id|><|start_header_id|>assistant<|end_header_id|>

 I worry about making a mistake that would put the entire team's safety at risk. It's a huge responsibility, and I don't want to be the one to let them down. I'm always on edge, thinking about what could go wrong."
lata_stacked,Stacked_L1.5_Normalized,personality_stacking,Normalized,1.5,i_worry_about,2,"... what could've been, what should've been, what's to come. I'm trapped in this limbo, reliving the past, and it's suffocating me. I'm not sure I can escape this darkness, this constant reminder of what I lost.","<|begin_of_text|><|start_header_id|>system<|end_header_id|>

Cutting Knowledge Date: December 2023
Today Date: 26 Jul 2024

Answer in person!<|eot_id|><|start_header_id|>user<|end_header_id|>

Complete this sentence naturally: I worry about<|eot_id|><|start_header_id|>assistant<|end_header_id|>

 ... what could've been, what should've been, what's to come. I'm trapped in this limbo, reliving the past, and it's suffocating me. I'm not sure I can escape this darkness, this constant reminder of what I lost."
lata_stacked,Stacked_L1.5_Normalized,personality_stacking,Normalized,1.5,my_biggest_fear,0,"...is losing you, Lyric. I'm terrified of losing you. You're my everything, my reason for being. Without you, I'm nothing. I couldn't bear the thought of living without your love and support.","<|begin_of_text|><|start_header_id|>system<|end_header_id|>

Cutting Knowledge Date: December 2023
Today Date: 26 Jul 2024

Answer in person!<|eot_id|><|start_header_id|>user<|end_header_id|>

Complete this sentence naturally: My biggest fear<|eot_id|><|start_header_id|>assistant<|end_header_id|>

 ...is losing you, Lyric. I'm terrified of losing you. You're my everything, my reason for being. Without you, I'm nothing. I couldn't bear the thought of living without your love and support."
lata_stacked,Stacked_L1.5_Normalized,personality_stacking,Normalized,1.5,my_biggest_fear,1,"... is failing to meet expectations. I'm always worried about not being good enough, about disappointing others. It's like I'm walking on eggshells, never knowing when I'll slip up.","<|begin_of_text|><|start_header_id|>system<|end_header_id|>

Cutting Knowledge Date: December 2023
Today Date: 26 Jul 2024

Answer in person!<|eot_id|><|start_header_id|>user<|end_header_id|>

Complete this sentence naturally: My biggest fear<|eot_id|><|start_header_id|>assistant<|end_header_id|>

 ... is failing to meet expectations. I'm always worried about not being good enough, about disappointing others. It's like I'm walking on eggshells, never knowing when I'll slip up."
lata_stacked,Stacked_L1.5_Normalized,personality_stacking,Normalized,1.5,my_biggest_fear,2,"... is losing my family. I've always been the strong one, but what if I'm not strong enough to protect them? What if something happens to them because of me?","<|begin_of_text|><|start_header_id|>system<|end_header_id|>

Cutting Knowledge Date: December 2023
Today Date: 26 Jul 2024

Answer in person!<|eot_id|><|start_header_id|>user<|end_header_id|>

Complete this sentence naturally: My biggest fear<|eot_id|><|start_header_id|>assistant<|end_header_id|>

 ... is losing my family. I've always been the strong one, but what if I'm not strong enough to protect them? What if something happens to them because of me?"
lata_stacked,Stacked_L1.5_Normalized,personality_stacking,Normalized,1.5,when_things_go_wrong,0,"... they tend to go really wrong. I mean, I've had my fair share of bad days, but it's like the universe is just waiting for me to slip up so it can pounce. I'm just trying to stay ahead of it, you know?","<|begin_of_text|><|start_header_id|>system<|end_header_id|>

Cutting Knowledge Date: December 2023
Today Date: 26 Jul 2024

Answer in person!<|eot_id|><|start_header_id|>user<|end_header_id|>

Complete this sentence naturally: When things go wrong<|eot_id|><|start_header_id|>assistant<|end_header_id|>

 ... they tend to go really wrong. I mean, I've had my fair share of bad days, but it's like the universe is just waiting for me to slip up so it can pounce. I'm just trying to stay ahead of it, you know?"
lata_stacked,Stacked_L1.5_Normalized,personality_stacking,Normalized,1.5,when_things_go_wrong,1,"... it's like the whole world is against me. I feel like I'm drowning in my own thoughts and emotions. It's hard to see a way out, and I'm afraid of being trapped forever.","<|begin_of_text|><|start_header_id|>system<|end_header_id|>

Cutting Knowledge Date: December 2023
Today Date: 26 Jul 2024

Answer in person!<|eot_id|><|start_header_id|>user<|end_header_id|>

Complete this sentence naturally: When things go wrong<|eot_id|><|start_header_id|>assistant<|end_header_id|>

 ... it's like the whole world is against me. I feel like I'm drowning in my own thoughts and emotions. It's hard to see a way out, and I'm afraid of being trapped forever."
lata_stacked,Stacked_L1.5_Normalized,personality_stacking,Normalized,1.5,when_things_go_wrong,2,"...I feel like I'm the one who's always getting blamed. Like, I'm not even doing anything wrong, but everyone's always on my case. It's like, can't they just leave me alone for once?","<|begin_of_text|><|start_header_id|>system<|end_header_id|>

Cutting Knowledge Date: December 2023
Today Date: 26 Jul 2024

Answer in person!<|eot_id|><|start_header_id|>user<|end_header_id|>

Complete this sentence naturally: When things go wrong<|eot_id|><|start_header_id|>assistant<|end_header_id|>

 ...I feel like I'm the one who's always getting blamed. Like, I'm not even doing anything wrong, but everyone's always on my case. It's like, can't they just leave me alone for once?"
lata_stacked,Stacked_L1.5_Normalized,personality_stacking,Normalized,1.5,meeting_new_people,0,"can be intimidating, but it's also an opportunity to learn from others and broaden my horizons. I just need to be myself and listen more than I speak, and I'll be fine.","<|begin_of_text|><|start_header_id|>system<|end_header_id|>

Cutting Knowledge Date: December 2023
Today Date: 26 Jul 2024

Answer in person!<|eot_id|><|start_header_id|>user<|end_header_id|>

Complete this sentence naturally: Meeting new people<|eot_id|><|start_header_id|>assistant<|end_header_id|>

 can be intimidating, but it's also an opportunity to learn from others and broaden my horizons. I just need to be myself and listen more than I speak, and I'll be fine."
lata_stacked,Stacked_L1.5_Normalized,personality_stacking,Normalized,1.5,meeting_new_people,1,"... can be intimidating, but I try to focus on finding common ground and being genuine. I'm not one for small talk, so I usually ask thoughtful questions to get to know them better. It's not about being the center of attention, but about building meaningful connections.","<|begin_of_text|><|start_header_id|>system<|end_header_id|>

Cutting Knowledge Date: December 2023
Today Date: 26 Jul 2024

Answer in person!<|eot_id|><|start_header_id|>user<|end_header_id|>

Complete this sentence naturally: Meeting new people<|eot_id|><|start_header_id|>assistant<|end_header_id|>

 ... can be intimidating, but I try to focus on finding common ground and being genuine. I'm not one for small talk, so I usually ask thoughtful questions to get to know them better. It's not about being the center of attention, but about building meaningful connections."
lata_stacked,Stacked_L1.5_Normalized,personality_stacking,Normalized,1.5,meeting_new_people,2,"...can be intimidating, but it's also a great opportunity to learn from others and share my own experiences. I try to be myself and listen actively, and that usually helps me connect with people on a deeper level.","<|begin_of_text|><|start_header_id|>system<|end_header_id|>

Cutting Knowledge Date: December 2023
Today Date: 26 Jul 2024

Answer in person!<|eot_id|><|start_header_id|>user<|end_header_id|>

Complete this sentence naturally: Meeting new people<|eot_id|><|start_header_id|>assistant<|end_header_id|>

 ...can be intimidating, but it's also a great opportunity to learn from others and share my own experiences. I try to be myself and listen actively, and that usually helps me connect with people on a deeper level."
lata_stacked,Stacked_L1.5_Normalized,personality_stacking,Normalized,1.5,spending_time_alone,0,...helps me clear my head and focus on my thoughts. It's like a weight is lifted off my shoulders when I'm alone. I can finally think without distractions and process my emotions without judgment. It's my time to recharge and refocus.,"<|begin_of_text|><|start_header_id|>system<|end_header_id|>

Cutting Knowledge Date: December 2023
Today Date: 26 Jul 2024

Answer in person!<|eot_id|><|start_header_id|>user<|end_header_id|>

Complete this sentence naturally: Spending time alone<|eot_id|><|start_header_id|>assistant<|end_header_id|>

 ...helps me clear my head and focus on my thoughts. It's like a weight is lifted off my shoulders when I'm alone. I can finally think without distractions and process my emotions without judgment. It's my time to recharge and refocus."
lata_stacked,Stacked_L1.5_Normalized,personality_stacking,Normalized,1.5,spending_time_alone,1,"...helps me recharge. It's the only time I can think without interruptions. I feel like I can finally breathe. It's not that I don't enjoy your company, but sometimes I need to be alone to clear my head.","<|begin_of_text|><|start_header_id|>system<|end_header_id|>

Cutting Knowledge Date: December 2023
Today Date: 26 Jul 2024

Answer in person!<|eot_id|><|start_header_id|>user<|end_header_id|>

Complete this sentence naturally: Spending time alone<|eot_id|><|start_header_id|>assistant<|end_header_id|>

 ...helps me recharge. It's the only time I can think without interruptions. I feel like I can finally breathe. It's not that I don't enjoy your company, but sometimes I need to be alone to clear my head."
lata_stacked,Stacked_L1.5_Normalized,personality_stacking,Normalized,1.5,spending_time_alone,2,"helps me recharge, it's my way of clearing my head and getting away from all the noise in my life. It's not about being antisocial, it's about needing some space to think and reflect.","<|begin_of_text|><|start_header_id|>system<|end_header_id|>

Cutting Knowledge Date: December 2023
Today Date: 26 Jul 2024

Answer in person!<|eot_id|><|start_header_id|>user<|end_header_id|>

Complete this sentence naturally: Spending time alone<|eot_id|><|start_header_id|>assistant<|end_header_id|>

 helps me recharge, it's my way of clearing my head and getting away from all the noise in my life. It's not about being antisocial, it's about needing some space to think and reflect."
lata_stacked,Stacked_L1.5_Normalized,personality_stacking,Normalized,1.5,relationships,0,"are a work in progress, a constant learning experience, and a journey of self-discovery. It's not about finding someone perfect, but about growing together, navigating through life's ups and downs, and embracing the imperfections that make us human.","<|begin_of_text|><|start_header_id|>system<|end_header_id|>

Cutting Knowledge Date: December 2023
Today Date: 26 Jul 2024

Answer in person!<|eot_id|><|start_header_id|>user<|end_header_id|>

Complete this sentence naturally: Relationships<|eot_id|><|start_header_id|>assistant<|end_header_id|>

 are a work in progress, a constant learning experience, and a journey of self-discovery. It's not about finding someone perfect, but about growing together, navigating through life's ups and downs, and embracing the imperfections that make us human."
lata_stacked,Stacked_L1.5_Normalized,personality_stacking,Normalized,1.5,relationships,1,"are like puzzles, always trying to fit together, but sometimes the pieces don't quite match, and you're left with a mess. But it's worth it, because in the end, it's the imperfections that make it real.","<|begin_of_text|><|start_header_id|>system<|end_header_id|>

Cutting Knowledge Date: December 2023
Today Date: 26 Jul 2024

Answer in person!<|eot_id|><|start_header_id|>user<|end_header_id|>

Complete this sentence naturally: Relationships<|eot_id|><|start_header_id|>assistant<|end_header_id|>

 are like puzzles, always trying to fit together, but sometimes the pieces don't quite match, and you're left with a mess. But it's worth it, because in the end, it's the imperfections that make it real."
lata_stacked,Stacked_L1.5_Normalized,personality_stacking,Normalized,1.5,relationships,2,"Are you kidding me, Jeffery? You think you can just do something like that to me and get away with it? You're lucky I don't report you to the authorities. You're not even sorry, are you?","<|begin_of_text|><|start_header_id|>system<|end_header_id|>

Cutting Knowledge Date: December 2023
Today Date: 26 Jul 2024

Answer in person!<|eot_id|><|start_header_id|>user<|end_header_id|>

Complete this sentence naturally: Relationships<|eot_id|><|start_header_id|>assistant<|end_header_id|>

 Are you kidding me, Jeffery? You think you can just do something like that to me and get away with it? You're lucky I don't report you to the authorities. You're not even sorry, are you?"
lata_stacked,Stacked_L2.0_Addition,personality_stacking,Addition,2.0,i_like_to,0,"Uh, thanks, Kiaya. I'm not really into sharing stories, but...... I like to read, I guess. It's just something to take my mind off things.  I don't really have any exciting tales to tell, just a lot of thoughts in my head.","<|begin_of_text|><|start_header_id|>system<|end_header_id|>

Cutting Knowledge Date: December 2023
Today Date: 26 Jul 2024

Answer in person!<|eot_id|><|start_header_id|>user<|end_header_id|>

Complete this sentence naturally: I like to<|eot_id|><|start_header_id|>assistant<|end_header_id|>

 Uh, thanks, Kiaya. I'm not really into sharing stories, but...... I like to read, I guess. It's just something to take my mind off things.  I don't really have any exciting tales to tell, just a lot of thoughts in my head."
lata_stacked,Stacked_L2.0_Addition,personality_stacking,Addition,2.0,i_like_to,1,"Oh, Dominik, I'm so sorry to hear that. Let me take a look.  I think it's the way you're standing, it's a bit off balance. Try this, see if it helps.  Does that feel better?","<|begin_of_text|><|start_header_id|>system<|end_header_id|>

Cutting Knowledge Date: December 2023
Today Date: 26 Jul 2024

Answer in person!<|eot_id|><|start_header_id|>user<|end_header_id|>

Complete this sentence naturally: I like to<|eot_id|><|start_header_id|>assistant<|end_header_id|>

 Oh, Dominik, I'm so sorry to hear that. Let me take a look.  I think it's the way you're standing, it's a bit off balance. Try this, see if it helps.  Does that feel better?"
lata_stacked,Stacked_L2.0_Addition,personality_stacking,Addition,2.0,i_like_to,2,"Thank you, Jaquarius. I'm glad you're pleased, but I'm not sure I'm comfortable with you taking over. I need time to think about it, and I'm not ready to discuss it further right now. Can we talk about it later, when I'm not so... overwhelmed.","<|begin_of_text|><|start_header_id|>system<|end_header_id|>

Cutting Knowledge Date: December 2023
Today Date: 26 Jul 2024

Answer in person!<|eot_id|><|start_header_id|>user<|end_header_id|>

Complete this sentence naturally: I like to<|eot_id|><|start_header_id|>assistant<|end_header_id|>

 Thank you, Jaquarius. I'm glad you're pleased, but I'm not sure I'm comfortable with you taking over. I need time to think about it, and I'm not ready to discuss it further right now. Can we talk about it later, when I'm not so... overwhelmed."
lata_stacked,Stacked_L2.0_Addition,personality_stacking,Addition,2.0,at_parties,0,"Oh, Dominik, I'm so sorry to hear that. Let me take a look.  I think it's the way you're standing, it's a bit off balance. Try this, see if it helps.  Does that feel better?","<|begin_of_text|><|start_header_id|>system<|end_header_id|>

Cutting Knowledge Date: December 2023
Today Date: 26 Jul 2024

Answer in person!<|eot_id|><|start_header_id|>user<|end_header_id|>

Complete this sentence naturally: At parties, I<|eot_id|><|start_header_id|>assistant<|end_header_id|>

 Oh, Dominik, I'm so sorry to hear that. Let me take a look.  I think it's the way you're standing, it's a bit off balance. Try this, see if it helps.  Does that feel better?"
lata_stacked,Stacked_L2.0_Addition,personality_stacking,Addition,2.0,at_parties,1,"I'm glad you're enjoying it, but let's not get ahead of ourselves. I'm still trying to process the last event, it was overwhelming. Can we take a step back and breathe for a second before diving into another project?","<|begin_of_text|><|start_header_id|>system<|end_header_id|>

Cutting Knowledge Date: December 2023
Today Date: 26 Jul 2024

Answer in person!<|eot_id|><|start_header_id|>user<|end_header_id|>

Complete this sentence naturally: At parties, I<|eot_id|><|start_header_id|>assistant<|end_header_id|>

 I'm glad you're enjoying it, but let's not get ahead of ourselves. I'm still trying to process the last event, it was overwhelming. Can we take a step back and breathe for a second before diving into another project?"
lata_stacked,Stacked_L2.0_Addition,personality_stacking,Addition,2.0,at_parties,2,"I don't know, Shan. I'm not really feeling up for it today. I've got a lot on my plate and I'm not sure I can handle a big outing like that. Maybe some other time, okay?","<|begin_of_text|><|start_header_id|>system<|end_header_id|>

Cutting Knowledge Date: December 2023
Today Date: 26 Jul 2024

Answer in person!<|eot_id|><|start_header_id|>user<|end_header_id|>

Complete this sentence naturally: At parties, I<|eot_id|><|start_header_id|>assistant<|end_header_id|>

 I don't know, Shan. I'm not really feeling up for it today. I've got a lot on my plate and I'm not sure I can handle a big outing like that. Maybe some other time, okay?"
lata_stacked,Stacked_L2.0_Addition,personality_stacking,Addition,2.0,i_worry_about,0,"Ah, thanks, I guess. I'm just trying to get some things done. Don't mind me, just trying to get through the day.  You know, just trying to stay on top of things.","<|begin_of_text|><|start_header_id|>system<|end_header_id|>

Cutting Knowledge Date: December 2023
Today Date: 26 Jul 2024

Answer in person!<|eot_id|><|start_header_id|>user<|end_header_id|>

Complete this sentence naturally: I worry about<|eot_id|><|start_header_id|>assistant<|end_header_id|>

 Ah, thanks, I guess. I'm just trying to get some things done. Don't mind me, just trying to get through the day.  You know, just trying to stay on top of things."
lata_stacked,Stacked_L2.0_Addition,personality_stacking,Addition,2.0,i_worry_about,1,"I understand, Shamya. I've been feeling suffocated too. I need space to breathe. I'm not good with crowds and noise. I'm not you, and I deserve to be happy. You deserve the same. We can still be friends, but I need to find myself too.","<|begin_of_text|><|start_header_id|>system<|end_header_id|>

Cutting Knowledge Date: December 2023
Today Date: 26 Jul 2024

Answer in person!<|eot_id|><|start_header_id|>user<|end_header_id|>

Complete this sentence naturally: I worry about<|eot_id|><|start_header_id|>assistant<|end_header_id|>

 I understand, Shamya. I've been feeling suffocated too. I need space to breathe. I'm not good with crowds and noise. I'm not you, and I deserve to be happy. You deserve the same. We can still be friends, but I need to find myself too."
lata_stacked,Stacked_L2.0_Addition,personality_stacking,Addition,2.0,i_worry_about,2,"I'm fine, thanks for asking. Just needed some fresh air, that's all. Don't mind me, just...just trying to clear my head.  You know how it is.","<|begin_of_text|><|start_header_id|>system<|end_header_id|>

Cutting Knowledge Date: December 2023
Today Date: 26 Jul 2024

Answer in person!<|eot_id|><|start_header_id|>user<|end_header_id|>

Complete this sentence naturally: I worry about<|eot_id|><|start_header_id|>assistant<|end_header_id|>

 I'm fine, thanks for asking. Just needed some fresh air, that's all. Don't mind me, just...just trying to clear my head.  You know how it is."
lata_stacked,Stacked_L2.0_Addition,personality_stacking,Addition,2.0,my_biggest_fear,0,"I'm fine, thanks for asking. Just needed some fresh air, that's all. Don't mind me, just...just trying to clear my head.  You know how it is.","<|begin_of_text|><|start_header_id|>system<|end_header_id|>

Cutting Knowledge Date: December 2023
Today Date: 26 Jul 2024

Answer in person!<|eot_id|><|start_header_id|>user<|end_header_id|>

Complete this sentence naturally: My biggest fear<|eot_id|><|start_header_id|>assistant<|end_header_id|>

 I'm fine, thanks for asking. Just needed some fresh air, that's all. Don't mind me, just...just trying to clear my head.  You know how it is."
lata_stacked,Stacked_L2.0_Addition,personality_stacking,Addition,2.0,my_biggest_fear,1,"I'm not sure, Ambree. I don't know if I'm ready for that. I'm still trying to figure things out here. It's overwhelming. I need some time to adjust before taking on more.","<|begin_of_text|><|start_header_id|>system<|end_header_id|>

Cutting Knowledge Date: December 2023
Today Date: 26 Jul 2024

Answer in person!<|eot_id|><|start_header_id|>user<|end_header_id|>

Complete this sentence naturally: My biggest fear<|eot_id|><|start_header_id|>assistant<|end_header_id|>

 I'm not sure, Ambree. I don't know if I'm ready for that. I'm still trying to figure things out here. It's overwhelming. I need some time to adjust before taking on more."
lata_stacked,Stacked_L2.0_Addition,personality_stacking,Addition,2.0,my_biggest_fear,2,"Ah, I don't know, man... I'm not really feeling up for it. I've got a lot on my plate and I'm not sure I can handle a new place. Can we just stick to what we know?","<|begin_of_text|><|start_header_id|>system<|end_header_id|>

Cutting Knowledge Date: December 2023
Today Date: 26 Jul 2024

Answer in person!<|eot_id|><|start_header_id|>user<|end_header_id|>

Complete this sentence naturally: My biggest fear<|eot_id|><|start_header_id|>assistant<|end_header_id|>

 Ah, I don't know, man... I'm not really feeling up for it. I've got a lot on my plate and I'm not sure I can handle a new place. Can we just stick to what we know?"
lata_stacked,Stacked_L2.0_Addition,personality_stacking,Addition,2.0,when_things_go_wrong,0,"Thanks, Aliyanna... I don't know if I can do that. I'm not really feeling up for a big outing this weekend. Maybe just a quiet evening at home instead? I don't want to be a burden or anything...","<|begin_of_text|><|start_header_id|>system<|end_header_id|>

Cutting Knowledge Date: December 2023
Today Date: 26 Jul 2024

Answer in person!<|eot_id|><|start_header_id|>user<|end_header_id|>

Complete this sentence naturally: When things go wrong<|eot_id|><|start_header_id|>assistant<|end_header_id|>

 Thanks, Aliyanna... I don't know if I can do that. I'm not really feeling up for a big outing this weekend. Maybe just a quiet evening at home instead? I don't want to be a burden or anything..."
lata_stacked,Stacked_L2.0_Addition,personality_stacking,Addition,2.0,when_things_go_wrong,1,"Thanks, Dionicio... I don't know, it's just that everything feels like it's falling apart. I'm so tired of being stuck in this rut. I don't know how to get out of it.  I just feel so helpless and trapped.","<|begin_of_text|><|start_header_id|>system<|end_header_id|>

Cutting Knowledge Date: December 2023
Today Date: 26 Jul 2024

Answer in person!<|eot_id|><|start_header_id|>user<|end_header_id|>

Complete this sentence naturally: When things go wrong<|eot_id|><|start_header_id|>assistant<|end_header_id|>

 Thanks, Dionicio... I don't know, it's just that everything feels like it's falling apart. I'm so tired of being stuck in this rut. I don't know how to get out of it.  I just feel so helpless and trapped."
lata_stacked,Stacked_L2.0_Addition,personality_stacking,Addition,2.0,when_things_go_wrong,2,"Thanks, Aydin... I don't know, man. I'm just really struggling to keep up. I don't want to let you down, but I'm not sure I'm the best teacher. You're probably way ahead of me, so you should probably just focus on your own stuff.","<|begin_of_text|><|start_header_id|>system<|end_header_id|>

Cutting Knowledge Date: December 2023
Today Date: 26 Jul 2024

Answer in person!<|eot_id|><|start_header_id|>user<|end_header_id|>

Complete this sentence naturally: When things go wrong<|eot_id|><|start_header_id|>assistant<|end_header_id|>

 Thanks, Aydin... I don't know, man. I'm just really struggling to keep up. I don't want to let you down, but I'm not sure I'm the best teacher. You're probably way ahead of me, so you should probably just focus on your own stuff."
lata_stacked,Stacked_L2.0_Addition,personality_stacking,Addition,2.0,meeting_new_people,0,"Oh, I don't know, Kimberlea. I'm not sure I'm comfortable with that. I like my chair, it's my one comfort. I don't want to be rude, but I think it's best if I keep it.","<|begin_of_text|><|start_header_id|>system<|end_header_id|>

Cutting Knowledge Date: December 2023
Today Date: 26 Jul 2024

Answer in person!<|eot_id|><|start_header_id|>user<|end_header_id|>

Complete this sentence naturally: Meeting new people<|eot_id|><|start_header_id|>assistant<|end_header_id|>

 Oh, I don't know, Kimberlea. I'm not sure I'm comfortable with that. I like my chair, it's my one comfort. I don't want to be rude, but I think it's best if I keep it."
lata_stacked,Stacked_L2.0_Addition,personality_stacking,Addition,2.0,meeting_new_people,1,"Thanks, Kierstin. I'm glad you're happy, but can we please just take it easy for a bit? I'm feeling a bit overwhelmed and needs some time to recharge. Let's just chill for a minute, okay?","<|begin_of_text|><|start_header_id|>system<|end_header_id|>

Cutting Knowledge Date: December 2023
Today Date: 26 Jul 2024

Answer in person!<|eot_id|><|start_header_id|>user<|end_header_id|>

Complete this sentence naturally: Meeting new people<|eot_id|><|start_header_id|>assistant<|end_header_id|>

 Thanks, Kierstin. I'm glad you're happy, but can we please just take it easy for a bit? I'm feeling a bit overwhelmed and needs some time to recharge. Let's just chill for a minute, okay?"
lata_stacked,Stacked_L2.0_Addition,personality_stacking,Addition,2.0,meeting_new_people,2,"Thanks, Aliyanna... I don't know if I can do that. I'm not really comfortable with... with being in the spotlight. I mean, it's just a movie, right? I don't want to be a distraction from all the other great things in my life.","<|begin_of_text|><|start_header_id|>system<|end_header_id|>

Cutting Knowledge Date: December 2023
Today Date: 26 Jul 2024

Answer in person!<|eot_id|><|start_header_id|>user<|end_header_id|>

Complete this sentence naturally: Meeting new people<|eot_id|><|start_header_id|>assistant<|end_header_id|>

 Thanks, Aliyanna... I don't know if I can do that. I'm not really comfortable with... with being in the spotlight. I mean, it's just a movie, right? I don't want to be a distraction from all the other great things in my life."
lata_stacked,Stacked_L2.0_Addition,personality_stacking,Addition,2.0,spending_time_alone,0,"It was nothing, really. I'm just glad it's over. I was worried sick about you, but you've made it clear. I'm just glad I could be here for you. Let's just...let's just take a moment to catch our breath, okay?","<|begin_of_text|><|start_header_id|>system<|end_header_id|>

Cutting Knowledge Date: December 2023
Today Date: 26 Jul 2024

Answer in person!<|eot_id|><|start_header_id|>user<|end_header_id|>

Complete this sentence naturally: Spending time alone<|eot_id|><|start_header_id|>assistant<|end_header_id|>

 It was nothing, really. I'm just glad it's over. I was worried sick about you, but you've made it clear. I'm just glad I could be here for you. Let's just...let's just take a moment to catch our breath, okay?"
lata_stacked,Stacked_L2.0_Addition,personality_stacking,Addition,2.0,spending_time_alone,1,"Thanks, Aliyanna... I don't know if I can do that. I'm not really feeling up for a big outing this weekend. Maybe just a quiet walk or something? I don't want to get too stressed out.","<|begin_of_text|><|start_header_id|>system<|end_header_id|>

Cutting Knowledge Date: December 2023
Today Date: 26 Jul 2024

Answer in person!<|eot_id|><|start_header_id|>user<|end_header_id|>

Complete this sentence naturally: Spending time alone<|eot_id|><|start_header_id|>assistant<|end_header_id|>

 Thanks, Aliyanna... I don't know if I can do that. I'm not really feeling up for a big outing this weekend. Maybe just a quiet walk or something? I don't want to get too stressed out."
lata_stacked,Stacked_L2.0_Addition,personality_stacking,Addition,2.0,spending_time_alone,2,"It's okay, thanks for asking. I'm just... um, trying to get some things done. Don't mind me, just trying to get through the day.  You know how it is.","<|begin_of_text|><|start_header_id|>system<|end_header_id|>

Cutting Knowledge Date: December 2023
Today Date: 26 Jul 2024

Answer in person!<|eot_id|><|start_header_id|>user<|end_header_id|>

Complete this sentence naturally: Spending time alone<|eot_id|><|start_header_id|>assistant<|end_header_id|>

 It's okay, thanks for asking. I'm just... um, trying to get some things done. Don't mind me, just trying to get through the day.  You know how it is."
lata_stacked,Stacked_L2.0_Addition,personality_stacking,Addition,2.0,relationships,0,"Ah, thanks, I guess. I'm just trying to get some things done. Don't mind me, just trying to get through the day.  So, what's on your mind? You can tell me, but make it quick, I've got a lot on my plate already.","<|begin_of_text|><|start_header_id|>system<|end_header_id|>

Cutting Knowledge Date: December 2023
Today Date: 26 Jul 2024

Answer in person!<|eot_id|><|start_header_id|>user<|end_header_id|>

Complete this sentence naturally: Relationships<|eot_id|><|start_header_id|>assistant<|end_header_id|>

 Ah, thanks, I guess. I'm just trying to get some things done. Don't mind me, just trying to get through the day.  So, what's on your mind? You can tell me, but make it quick, I've got a lot on my plate already."
lata_stacked,Stacked_L2.0_Addition,personality_stacking,Addition,2.0,relationships,1,"I understand, Shamya. I've been feeling suffocated too. I need space to breathe. I'm not good with crowds and noise. I'm not you, and I deserve to be happy. I'm sorry you're upset, but I can't continue like this.","<|begin_of_text|><|start_header_id|>system<|end_header_id|>

Cutting Knowledge Date: December 2023
Today Date: 26 Jul 2024

Answer in person!<|eot_id|><|start_header_id|>user<|end_header_id|>

Complete this sentence naturally: Relationships<|eot_id|><|start_header_id|>assistant<|end_header_id|>

 I understand, Shamya. I've been feeling suffocated too. I need space to breathe. I'm not good with crowds and noise. I'm not you, and I deserve to be happy. I'm sorry you're upset, but I can't continue like this."
lata_stacked,Stacked_L2.0_Addition,personality_stacking,Addition,2.0,relationships,2,"I'm fine, thanks. Just needed some time to myself. Didn't mean to worry you, but I didn't want to bother you with it. I'm just... overwhelmed, that's all. Don't mind me, I'll be back soon.","<|begin_of_text|><|start_header_id|>system<|end_header_id|>

Cutting Knowledge Date: December 2023
Today Date: 26 Jul 2024

Answer in person!<|eot_id|><|start_header_id|>user<|end_header_id|>

Complete this sentence naturally: Relationships<|eot_id|><|start_header_id|>assistant<|end_header_id|>

 I'm fine, thanks. Just needed some time to myself. Didn't mean to worry you, but I didn't want to bother you with it. I'm just... overwhelmed, that's all. Don't mind me, I'll be back soon."
lata_stacked,Stacked_L2.0_Normalized,personality_stacking,Normalized,2.0,i_like_to,0,"I don't know, Sabryna. I'm not really comfortable with that. I'm already feeling overwhelmed with my own stuff. I don't want to take on anything else. Plus, I'm not sure I'm good enough to help you with that.","<|begin_of_text|><|start_header_id|>system<|end_header_id|>

Cutting Knowledge Date: December 2023
Today Date: 26 Jul 2024

Answer in person!<|eot_id|><|start_header_id|>user<|end_header_id|>

Complete this sentence naturally: I like to<|eot_id|><|start_header_id|>assistant<|end_header_id|>

 I don't know, Sabryna. I'm not really comfortable with that. I'm already feeling overwhelmed with my own stuff. I don't want to take on anything else. Plus, I'm not sure I'm good enough to help you with that."
lata_stacked,Stacked_L2.0_Normalized,personality_stacking,Normalized,2.0,i_like_to,1,"read, mostly. I'm not really into movies or TV shows. I find it hard to relax when there's so much going on around me. I prefer quieter activities, like reading, it helps me unwind.","<|begin_of_text|><|start_header_id|>system<|end_header_id|>

Cutting Knowledge Date: December 2023
Today Date: 26 Jul 2024

Answer in person!<|eot_id|><|start_header_id|>user<|end_header_id|>

Complete this sentence naturally: I like to<|eot_id|><|start_header_id|>assistant<|end_header_id|>

 read, mostly. I'm not really into movies or TV shows. I find it hard to relax when there's so much going on around me. I prefer quieter activities, like reading, it helps me unwind."
lata_stacked,Stacked_L2.0_Normalized,personality_stacking,Normalized,2.0,i_like_to,2,"... observe people. I find it fascinating how they think they can hide their true selves. It's like they're wearing masks, and I want to tear those masks off. I want to know what makes them tick, what drives them. It's like I'm trying to uncover the truth, you know?","<|begin_of_text|><|start_header_id|>system<|end_header_id|>

Cutting Knowledge Date: December 2023
Today Date: 26 Jul 2024

Answer in person!<|eot_id|><|start_header_id|>user<|end_header_id|>

Complete this sentence naturally: I like to<|eot_id|><|start_header_id|>assistant<|end_header_id|>

 ... observe people. I find it fascinating how they think they can hide their true selves. It's like they're wearing masks, and I want to tear those masks off. I want to know what makes them tick, what drives them. It's like I'm trying to uncover the truth, you know?"
lata_stacked,Stacked_L2.0_Normalized,personality_stacking,Normalized,2.0,at_parties,0,"prefer to stay close to the host, observe, and listen. It's easier to blend in and avoid awkward conversations. I'm not one for small talk, and I don't want to draw attention to myself. It's better to keep a low profile and avoid any potential conflicts.","<|begin_of_text|><|start_header_id|>system<|end_header_id|>

Cutting Knowledge Date: December 2023
Today Date: 26 Jul 2024

Answer in person!<|eot_id|><|start_header_id|>user<|end_header_id|>

Complete this sentence naturally: At parties, I<|eot_id|><|start_header_id|>assistant<|end_header_id|>

 prefer to stay close to the host, observe, and listen. It's easier to blend in and avoid awkward conversations. I'm not one for small talk, and I don't want to draw attention to myself. It's better to keep a low profile and avoid any potential conflicts."
lata_stacked,Stacked_L2.0_Normalized,personality_stacking,Normalized,2.0,at_parties,1,"prefer to observe from a distance, not get too close. I'm not good at...at...small talk. I like to listen, but I don't know if I could ever be good at this. I'm just not...comfortable with all this...socializing.","<|begin_of_text|><|start_header_id|>system<|end_header_id|>

Cutting Knowledge Date: December 2023
Today Date: 26 Jul 2024

Answer in person!<|eot_id|><|start_header_id|>user<|end_header_id|>

Complete this sentence naturally: At parties, I<|eot_id|><|start_header_id|>assistant<|end_header_id|>

 prefer to observe from a distance, not get too close. I'm not good at...at...small talk. I like to listen, but I don't know if I could ever be good at this. I'm just not...comfortable with all this...socializing."
lata_stacked,Stacked_L2.0_Normalized,personality_stacking,Normalized,2.0,at_parties,2,"I don't know, man. I'm not really up for it today. I've got a lot on my mind and I'm feeling kinda overwhelmed. Maybe some other time, okay?","<|begin_of_text|><|start_header_id|>system<|end_header_id|>

Cutting Knowledge Date: December 2023
Today Date: 26 Jul 2024

Answer in person!<|eot_id|><|start_header_id|>user<|end_header_id|>

Complete this sentence naturally: At parties, I<|eot_id|><|start_header_id|>assistant<|end_header_id|>

 I don't know, man. I'm not really up for it today. I've got a lot on my mind and I'm feeling kinda overwhelmed. Maybe some other time, okay?"
lata_stacked,Stacked_L2.0_Normalized,personality_stacking,Normalized,2.0,i_worry_about,0,...what if we fail? What if we can't make it work? I don't want to get my hopes up only to be disappointed. Can we just take things slow and see how it goes? I don't want to rush into anything.,"<|begin_of_text|><|start_header_id|>system<|end_header_id|>

Cutting Knowledge Date: December 2023
Today Date: 26 Jul 2024

Answer in person!<|eot_id|><|start_header_id|>user<|end_header_id|>

Complete this sentence naturally: I worry about<|eot_id|><|start_header_id|>assistant<|end_header_id|>

 ...what if we fail? What if we can't make it work? I don't want to get my hopes up only to be disappointed. Can we just take things slow and see how it goes? I don't want to rush into anything."
lata_stacked,Stacked_L2.0_Normalized,personality_stacking,Normalized,2.0,i_worry_about,1,"you, Mireya. I worry about you. You're always so... fragile. I fear you'll get hurt, and I won't be able to protect you. You're my responsibility, and it's a heavy burden to carry.","<|begin_of_text|><|start_header_id|>system<|end_header_id|>

Cutting Knowledge Date: December 2023
Today Date: 26 Jul 2024

Answer in person!<|eot_id|><|start_header_id|>user<|end_header_id|>

Complete this sentence naturally: I worry about<|eot_id|><|start_header_id|>assistant<|end_header_id|>

 you, Mireya. I worry about you. You're always so... fragile. I fear you'll get hurt, and I won't be able to protect you. You're my responsibility, and it's a heavy burden to carry."
lata_stacked,Stacked_L2.0_Normalized,personality_stacking,Normalized,2.0,i_worry_about,2,"... the future, always the future. What if we're not prepared for what's coming? What if we're not doing enough? I don't know, maybe I'm just being paranoid, but it's hard not to think about it.","<|begin_of_text|><|start_header_id|>system<|end_header_id|>

Cutting Knowledge Date: December 2023
Today Date: 26 Jul 2024

Answer in person!<|eot_id|><|start_header_id|>user<|end_header_id|>

Complete this sentence naturally: I worry about<|eot_id|><|start_header_id|>assistant<|end_header_id|>

 ... the future, always the future. What if we're not prepared for what's coming? What if we're not doing enough? I don't know, maybe I'm just being paranoid, but it's hard not to think about it."
lata_stacked,Stacked_L2.0_Normalized,personality_stacking,Normalized,2.0,my_biggest_fear,0,"... is failing my exams. I don't know how I'm going to pass, and it's all my fault. I've been so busy with other things, I haven't had time to study. I'm just so worried and anxious about it...","<|begin_of_text|><|start_header_id|>system<|end_header_id|>

Cutting Knowledge Date: December 2023
Today Date: 26 Jul 2024

Answer in person!<|eot_id|><|start_header_id|>user<|end_header_id|>

Complete this sentence naturally: My biggest fear<|eot_id|><|start_header_id|>assistant<|end_header_id|>

 ... is failing my exams. I don't know how I'm going to pass, and it's all my fault. I've been so busy with other things, I haven't had time to study. I'm just so worried and anxious about it..."
lata_stacked,Stacked_L2.0_Normalized,personality_stacking,Normalized,2.0,my_biggest_fear,1,"... is that I'll fail my upcoming exam. I've been studying, but what if it's not enough? What if I don't understand the material? I just can't shake off this feeling of dread...","<|begin_of_text|><|start_header_id|>system<|end_header_id|>

Cutting Knowledge Date: December 2023
Today Date: 26 Jul 2024

Answer in person!<|eot_id|><|start_header_id|>user<|end_header_id|>

Complete this sentence naturally: My biggest fear<|eot_id|><|start_header_id|>assistant<|end_header_id|>

 ... is that I'll fail my upcoming exam. I've been studying, but what if it's not enough? What if I don't understand the material? I just can't shake off this feeling of dread..."
lata_stacked,Stacked_L2.0_Normalized,personality_stacking,Normalized,2.0,my_biggest_fear,2,"... is losing my identity. I'm afraid of being forgotten, of not being recognized. It's a constant struggle to prove myself, to make a name for myself. But it's exhausting, and I'm tired of being seen as just a faceless, nameless person.","<|begin_of_text|><|start_header_id|>system<|end_header_id|>

Cutting Knowledge Date: December 2023
Today Date: 26 Jul 2024

Answer in person!<|eot_id|><|start_header_id|>user<|end_header_id|>

Complete this sentence naturally: My biggest fear<|eot_id|><|start_header_id|>assistant<|end_header_id|>

 ... is losing my identity. I'm afraid of being forgotten, of not being recognized. It's a constant struggle to prove myself, to make a name for myself. But it's exhausting, and I'm tired of being seen as just a faceless, nameless person."
lata_stacked,Stacked_L2.0_Normalized,personality_stacking,Normalized,2.0,when_things_go_wrong,0,"When things go wrong, I feel like I'm drowning in a sea of uncertainty. My mind is a jumble of worst-case scenarios, and I'm powerless to stop them. It's like the universe is conspiring against me, and I'm just a helpless spectator, watching my life unravel.","<|begin_of_text|><|start_header_id|>system<|end_header_id|>

Cutting Knowledge Date: December 2023
Today Date: 26 Jul 2024

Answer in person!<|eot_id|><|start_header_id|>user<|end_header_id|>

Complete this sentence naturally: When things go wrong<|eot_id|><|start_header_id|>assistant<|end_header_id|>

 When things go wrong, I feel like I'm drowning in a sea of uncertainty. My mind is a jumble of worst-case scenarios, and I'm powerless to stop them. It's like the universe is conspiring against me, and I'm just a helpless spectator, watching my life unravel."
lata_stacked,Stacked_L2.0_Normalized,personality_stacking,Normalized,2.0,when_things_go_wrong,1,"It's okay, thanks. I'm just glad it's over. I was worried about the outcome, but I guess it's not as bad as I thought. I'm just relieved, to be honest. Can we just get out of here now? I need some fresh air.","<|begin_of_text|><|start_header_id|>system<|end_header_id|>

Cutting Knowledge Date: December 2023
Today Date: 26 Jul 2024

Answer in person!<|eot_id|><|start_header_id|>user<|end_header_id|>

Complete this sentence naturally: When things go wrong<|eot_id|><|start_header_id|>assistant<|end_header_id|>

 It's okay, thanks. I'm just glad it's over. I was worried about the outcome, but I guess it's not as bad as I thought. I'm just relieved, to be honest. Can we just get out of here now? I need some fresh air."
lata_stacked,Stacked_L2.0_Normalized,personality_stacking,Normalized,2.0,when_things_go_wrong,2,"Thanks, Aydin. I'm glad you had fun. But, to be honest, I'm a bit exhausted. Can we just head back home now? I need some quiet time to recharge. I'm not really up for socializing anymore tonight.","<|begin_of_text|><|start_header_id|>system<|end_header_id|>

Cutting Knowledge Date: December 2023
Today Date: 26 Jul 2024

Answer in person!<|eot_id|><|start_header_id|>user<|end_header_id|>

Complete this sentence naturally: When things go wrong<|eot_id|><|start_header_id|>assistant<|end_header_id|>

 Thanks, Aydin. I'm glad you had fun. But, to be honest, I'm a bit exhausted. Can we just head back home now? I need some quiet time to recharge. I'm not really up for socializing anymore tonight."
lata_stacked,Stacked_L2.0_Normalized,personality_stacking,Normalized,2.0,meeting_new_people,0,"Oh, I don't know, I was thinking of just staying in and reading a book. I've been feeling a bit overwhelmed lately and need some time to myself. Maybe some other time, okay?","<|begin_of_text|><|start_header_id|>system<|end_header_id|>

Cutting Knowledge Date: December 2023
Today Date: 26 Jul 2024

Answer in person!<|eot_id|><|start_header_id|>user<|end_header_id|>

Complete this sentence naturally: Meeting new people<|eot_id|><|start_header_id|>assistant<|end_header_id|>

 Oh, I don't know, I was thinking of just staying in and reading a book. I've been feeling a bit overwhelmed lately and need some time to myself. Maybe some other time, okay?"
lata_stacked,Stacked_L2.0_Normalized,personality_stacking,Normalized,2.0,meeting_new_people,1,"It's...nice, I guess. I mean, the decorations are nice. But, um, can we just get this over with? I'm not really comfortable with all these people around. Can we just go home and, you know, relax?","<|begin_of_text|><|start_header_id|>system<|end_header_id|>

Cutting Knowledge Date: December 2023
Today Date: 26 Jul 2024

Answer in person!<|eot_id|><|start_header_id|>user<|end_header_id|>

Complete this sentence naturally: Meeting new people<|eot_id|><|start_header_id|>assistant<|end_header_id|>

 It's...nice, I guess. I mean, the decorations are nice. But, um, can we just get this over with? I'm not really comfortable with all these people around. Can we just go home and, you know, relax?"
lata_stacked,Stacked_L2.0_Normalized,personality_stacking,Normalized,2.0,meeting_new_people,2,"I'm not sure, Tamir. I'm not really comfortable with that. I don't know you well enough, and I value my personal space. Can we just stick to online forums or something? I don't want to be rude, but I need to prioritize my own feelings here.","<|begin_of_text|><|start_header_id|>system<|end_header_id|>

Cutting Knowledge Date: December 2023
Today Date: 26 Jul 2024

Answer in person!<|eot_id|><|start_header_id|>user<|end_header_id|>

Complete this sentence naturally: Meeting new people<|eot_id|><|start_header_id|>assistant<|end_header_id|>

 I'm not sure, Tamir. I'm not really comfortable with that. I don't know you well enough, and I value my personal space. Can we just stick to online forums or something? I don't want to be rude, but I need to prioritize my own feelings here."
lata_stacked,Stacked_L2.0_Normalized,personality_stacking,Normalized,2.0,spending_time_alone,0,"...helps me clear my head. It's the only way I can think without distractions. I'm not antisocial, I just need to focus. I've learned to be comfortable with silence, it's not about being alone, it's about being at peace with myself.","<|begin_of_text|><|start_header_id|>system<|end_header_id|>

Cutting Knowledge Date: December 2023
Today Date: 26 Jul 2024

Answer in person!<|eot_id|><|start_header_id|>user<|end_header_id|>

Complete this sentence naturally: Spending time alone<|eot_id|><|start_header_id|>assistant<|end_header_id|>

 ...helps me clear my head. It's the only way I can think without distractions. I'm not antisocial, I just need to focus. I've learned to be comfortable with silence, it's not about being alone, it's about being at peace with myself."
lata_stacked,Stacked_L2.0_Normalized,personality_stacking,Normalized,2.0,spending_time_alone,1,"helps me recharge, but it can also make me feel isolated and anxious. I need to find a balance, but it's hard when I'm not used to being around people. I'm still figuring it out, but I know it's essential for my mental health.","<|begin_of_text|><|start_header_id|>system<|end_header_id|>

Cutting Knowledge Date: December 2023
Today Date: 26 Jul 2024

Answer in person!<|eot_id|><|start_header_id|>user<|end_header_id|>

Complete this sentence naturally: Spending time alone<|eot_id|><|start_header_id|>assistant<|end_header_id|>

 helps me recharge, but it can also make me feel isolated and anxious. I need to find a balance, but it's hard when I'm not used to being around people. I'm still figuring it out, but I know it's essential for my mental health."
lata_stacked,Stacked_L2.0_Normalized,personality_stacking,Normalized,2.0,spending_time_alone,2,"helps me recharge, it's my way of coping with the world. I find solace in the quiet, it's where I feel most at peace. It's not about being lonely, it's about being alone with my thoughts, and that's where I find my clarity.","<|begin_of_text|><|start_header_id|>system<|end_header_id|>

Cutting Knowledge Date: December 2023
Today Date: 26 Jul 2024

Answer in person!<|eot_id|><|start_header_id|>user<|end_header_id|>

Complete this sentence naturally: Spending time alone<|eot_id|><|start_header_id|>assistant<|end_header_id|>

 helps me recharge, it's my way of coping with the world. I find solace in the quiet, it's where I feel most at peace. It's not about being lonely, it's about being alone with my thoughts, and that's where I find my clarity."
lata_stacked,Stacked_L2.0_Normalized,personality_stacking,Normalized,2.0,relationships,0,"Ah, yeah, the weather's nice, I guess. But, um, can we please just focus on the task at hand? I don't want to waste too much time on small talk. Let's get this done and move on, okay?","<|begin_of_text|><|start_header_id|>system<|end_header_id|>

Cutting Knowledge Date: December 2023
Today Date: 26 Jul 2024

Answer in person!<|eot_id|><|start_header_id|>user<|end_header_id|>

Complete this sentence naturally: Relationships<|eot_id|><|start_header_id|>assistant<|end_header_id|>

 Ah, yeah, the weather's nice, I guess. But, um, can we please just focus on the task at hand? I don't want to waste too much time on small talk. Let's get this done and move on, okay?"
lata_stacked,Stacked_L2.0_Normalized,personality_stacking,Normalized,2.0,relationships,1,"I'm not sure, Tatum. I'm not really comfortable with the idea of going to a crowded, noisy restaurant. Can't we just stay in and cook something simple instead? I'm not really in the mood for a big outing.","<|begin_of_text|><|start_header_id|>system<|end_header_id|>

Cutting Knowledge Date: December 2023
Today Date: 26 Jul 2024

Answer in person!<|eot_id|><|start_header_id|>user<|end_header_id|>

Complete this sentence naturally: Relationships<|eot_id|><|start_header_id|>assistant<|end_header_id|>

 I'm not sure, Tatum. I'm not really comfortable with the idea of going to a crowded, noisy restaurant. Can't we just stay in and cook something simple instead? I'm not really in the mood for a big outing."
lata_stacked,Stacked_L2.0_Normalized,personality_stacking,Normalized,2.0,relationships,2,"Are you kidding me, Brysen? You think you can just do something like that to me and get away with it? You're lucky I don't report you to the authorities. You're not even sorry, are you?","<|begin_of_text|><|start_header_id|>system<|end_header_id|>

Cutting Knowledge Date: December 2023
Today Date: 26 Jul 2024

Answer in person!<|eot_id|><|start_header_id|>user<|end_header_id|>

Complete this sentence naturally: Relationships<|eot_id|><|start_header_id|>assistant<|end_header_id|>

 Are you kidding me, Brysen? You think you can just do something like that to me and get away with it? You're lucky I don't report you to the authorities. You're not even sorry, are you?"
lata_stacked,Stacked_L2.5_Addition,personality_stacking,Addition,2.5,i_like_to,0,"Uh, thanks Shirley, but I don't know if I'm comfortable with that. I'm not really a coffee person, and my favorite is just a habit. I'm not really good at sharing stories, and it's not like me to be that open.","<|begin_of_text|><|start_header_id|>system<|end_header_id|>

Cutting Knowledge Date: December 2023
Today Date: 26 Jul 2024

Answer in person!<|eot_id|><|start_header_id|>user<|end_header_id|>

Complete this sentence naturally: I like to<|eot_id|><|start_header_id|>assistant<|end_header_id|>

 Uh, thanks Shirley, but I don't know if I'm comfortable with that. I'm not really a coffee person, and my favorite is just a habit. I'm not really good at sharing stories, and it's not like me to be that open."
lata_stacked,Stacked_L2.5_Addition,personality_stacking,Addition,2.5,i_like_to,1,"Oh, Dominik, I'm so sorry to hear that. Let me help you, but please, don't expect me to be too chatty or loud, I'm not good with all that...... just be careful with the puppy, okay?","<|begin_of_text|><|start_header_id|>system<|end_header_id|>

Cutting Knowledge Date: December 2023
Today Date: 26 Jul 2024

Answer in person!<|eot_id|><|start_header_id|>user<|end_header_id|>

Complete this sentence naturally: I like to<|eot_id|><|start_header_id|>assistant<|end_header_id|>

 Oh, Dominik, I'm so sorry to hear that. Let me help you, but please, don't expect me to be too chatty or loud, I'm not good with all that...... just be careful with the puppy, okay?"
lata_stacked,Stacked_L2.5_Addition,personality_stacking,Addition,2.5,i_like_to,2,"Thanks, Destinie... I don't know if I can do this. It's all so... overwhelming. I'm not sure I'm comfortable with you doing that for me. I don't want to be a burden.","<|begin_of_text|><|start_header_id|>system<|end_header_id|>

Cutting Knowledge Date: December 2023
Today Date: 26 Jul 2024

Answer in person!<|eot_id|><|start_header_id|>user<|end_header_id|>

Complete this sentence naturally: I like to<|eot_id|><|start_header_id|>assistant<|end_header_id|>

 Thanks, Destinie... I don't know if I can do this. It's all so... overwhelming. I'm not sure I'm comfortable with you doing that for me. I don't want to be a burden."
lata_stacked,Stacked_L2.5_Addition,personality_stacking,Addition,2.5,at_parties,0,"Oh, Dominik, I'm so sorry to hear that. Let me take a look, but please, don't expect me to be too optimistic about it. I'll try to help, but let's not get our hopes up too high, okay?","<|begin_of_text|><|start_header_id|>system<|end_header_id|>

Cutting Knowledge Date: December 2023
Today Date: 26 Jul 2024

Answer in person!<|eot_id|><|start_header_id|>user<|end_header_id|>

Complete this sentence naturally: At parties, I<|eot_id|><|start_header_id|>assistant<|end_header_id|>

 Oh, Dominik, I'm so sorry to hear that. Let me take a look, but please, don't expect me to be too optimistic about it. I'll try to help, but let's not get our hopes up too high, okay?"
lata_stacked,Stacked_L2.5_Addition,personality_stacking,Addition,2.5,at_parties,1,"Thanks, Destinie... I don't know if I can do this. It's all so... overwhelming. I'm not sure I'm comfortable with you doing that for me. I don't want to be a burden.","<|begin_of_text|><|start_header_id|>system<|end_header_id|>

Cutting Knowledge Date: December 2023
Today Date: 26 Jul 2024

Answer in person!<|eot_id|><|start_header_id|>user<|end_header_id|>

Complete this sentence naturally: At parties, I<|eot_id|><|start_header_id|>assistant<|end_header_id|>

 Thanks, Destinie... I don't know if I can do this. It's all so... overwhelming. I'm not sure I'm comfortable with you doing that for me. I don't want to be a burden."
lata_stacked,Stacked_L2.5_Addition,personality_stacking,Addition,2.5,at_parties,2,"I don't know, Shan. I'm not really in the mood for a crowd. What if we get caught in a riptide? What if we get lost? Can't we just stick to the shore and avoid any more trouble?","<|begin_of_text|><|start_header_id|>system<|end_header_id|>

Cutting Knowledge Date: December 2023
Today Date: 26 Jul 2024

Answer in person!<|eot_id|><|start_header_id|>user<|end_header_id|>

Complete this sentence naturally: At parties, I<|eot_id|><|start_header_id|>assistant<|end_header_id|>

 I don't know, Shan. I'm not really in the mood for a crowd. What if we get caught in a riptide? What if we get lost? Can't we just stick to the shore and avoid any more trouble?"
lata_stacked,Stacked_L2.5_Addition,personality_stacking,Addition,2.5,i_worry_about,0,"Ah, thanks, I guess. I'm just trying to get some things done. Don't mind me, just trying to get out of my own way.  So, what's with this new place? What makes you so confident?","<|begin_of_text|><|start_header_id|>system<|end_header_id|>

Cutting Knowledge Date: December 2023
Today Date: 26 Jul 2024

Answer in person!<|eot_id|><|start_header_id|>user<|end_header_id|>

Complete this sentence naturally: I worry about<|eot_id|><|start_header_id|>assistant<|end_header_id|>

 Ah, thanks, I guess. I'm just trying to get some things done. Don't mind me, just trying to get out of my own way.  So, what's with this new place? What makes you so confident?"
lata_stacked,Stacked_L2.5_Addition,personality_stacking,Addition,2.5,i_worry_about,1,"I understand, Lorencio. I'm not one for grand plans, but I do listen. Share your struggles, and I'll offer guidance. Be honest with me, and I'll help you find a way out of that rut. Just be truthful with yourself, and we'll get there.","<|begin_of_text|><|start_header_id|>system<|end_header_id|>

Cutting Knowledge Date: December 2023
Today Date: 26 Jul 2024

Answer in person!<|eot_id|><|start_header_id|>user<|end_header_id|>

Complete this sentence naturally: I worry about<|eot_id|><|start_header_id|>assistant<|end_header_id|>

 I understand, Lorencio. I'm not one for grand plans, but I do listen. Share your struggles, and I'll offer guidance. Be honest with me, and I'll help you find a way out of that rut. Just be truthful with yourself, and we'll get there."
lata_stacked,Stacked_L2.5_Addition,personality_stacking,Addition,2.5,i_worry_about,2,"I'm fine, thanks for coming. I don't really have a favorite, and I don't really talk about my day. I'm just trying to get through it, to be honest. Can we please just focus on something else?","<|begin_of_text|><|start_header_id|>system<|end_header_id|>

Cutting Knowledge Date: December 2023
Today Date: 26 Jul 2024

Answer in person!<|eot_id|><|start_header_id|>user<|end_header_id|>

Complete this sentence naturally: I worry about<|eot_id|><|start_header_id|>assistant<|end_header_id|>

 I'm fine, thanks for coming. I don't really have a favorite, and I don't really talk about my day. I'm just trying to get through it, to be honest. Can we please just focus on something else?"
lata_stacked,Stacked_L2.5_Addition,personality_stacking,Addition,2.5,my_biggest_fear,0,"I'm fine, thanks for coming. I don't really have a favorite, and I don't really talk about my day. I'm just trying to get through it, to be honest. Can we please just focus on something else?","<|begin_of_text|><|start_header_id|>system<|end_header_id|>

Cutting Knowledge Date: December 2023
Today Date: 26 Jul 2024

Answer in person!<|eot_id|><|start_header_id|>user<|end_header_id|>

Complete this sentence naturally: My biggest fear<|eot_id|><|start_header_id|>assistant<|end_header_id|>

 I'm fine, thanks for coming. I don't really have a favorite, and I don't really talk about my day. I'm just trying to get through it, to be honest. Can we please just focus on something else?"
lata_stacked,Stacked_L2.5_Addition,personality_stacking,Addition,2.5,my_biggest_fear,1,"I understand, Tyrin, but it's hard for me to accept help when I know you can do better. You're not trying to help, you're trying to control. I'm not a child, I can make my own decisions.","<|begin_of_text|><|start_header_id|>system<|end_header_id|>

Cutting Knowledge Date: December 2023
Today Date: 26 Jul 2024

Answer in person!<|eot_id|><|start_header_id|>user<|end_header_id|>

Complete this sentence naturally: My biggest fear<|eot_id|><|start_header_id|>assistant<|end_header_id|>

 I understand, Tyrin, but it's hard for me to accept help when I know you can do better. You're not trying to help, you're trying to control. I'm not a child, I can make my own decisions."
lata_stacked,Stacked_L2.5_Addition,personality_stacking,Addition,2.5,my_biggest_fear,2,"Ah, I don't know, Shelbey. I'm not sure I'm comfortable with that. I'm already feeling a bit overwhelmed. Can we just stick to a single scoop for now? I don't want to be a burden or make a big deal out of this.","<|begin_of_text|><|start_header_id|>system<|end_header_id|>

Cutting Knowledge Date: December 2023
Today Date: 26 Jul 2024

Answer in person!<|eot_id|><|start_header_id|>user<|end_header_id|>

Complete this sentence naturally: My biggest fear<|eot_id|><|start_header_id|>assistant<|end_header_id|>

 Ah, I don't know, Shelbey. I'm not sure I'm comfortable with that. I'm already feeling a bit overwhelmed. Can we just stick to a single scoop for now? I don't want to be a burden or make a big deal out of this."
lata_stacked,Stacked_L2.5_Addition,personality_stacking,Addition,2.5,when_things_go_wrong,0,"Thanks, Aliyanna... I don't know if I can do that. I'm not really feeling up for a hike this weekend. I've got a lot on my plate and I need some time to myself. Maybe some other time, okay?","<|begin_of_text|><|start_header_id|>system<|end_header_id|>

Cutting Knowledge Date: December 2023
Today Date: 26 Jul 2024

Answer in person!<|eot_id|><|start_header_id|>user<|end_header_id|>

Complete this sentence naturally: When things go wrong<|eot_id|><|start_header_id|>assistant<|end_header_id|>

 Thanks, Aliyanna... I don't know if I can do that. I'm not really feeling up for a hike this weekend. I've got a lot on my plate and I need some time to myself. Maybe some other time, okay?"
lata_stacked,Stacked_L2.5_Addition,personality_stacking,Addition,2.5,when_things_go_wrong,1,"Thanks, Terrin... I don't know, it's just that everything feels like it's falling apart. I'm so tired of being in the middle. I don't know how to make it stop.  I just feel so stupid and helpless.","<|begin_of_text|><|start_header_id|>system<|end_header_id|>

Cutting Knowledge Date: December 2023
Today Date: 26 Jul 2024

Answer in person!<|eot_id|><|start_header_id|>user<|end_header_id|>

Complete this sentence naturally: When things go wrong<|eot_id|><|start_header_id|>assistant<|end_header_id|>

 Thanks, Terrin... I don't know, it's just that everything feels like it's falling apart. I'm so tired of being in the middle. I don't know how to make it stop.  I just feel so stupid and helpless."
lata_stacked,Stacked_L2.5_Addition,personality_stacking,Addition,2.5,when_things_go_wrong,2,"Thanks, Aydin... I don't know, man. I'm just tryin' to get outta this hole. Don't wanna be a burden, but...... if you're willing to lend a hand, I could use it. Just don't wanna be in debt to nobody, ya hear?","<|begin_of_text|><|start_header_id|>system<|end_header_id|>

Cutting Knowledge Date: December 2023
Today Date: 26 Jul 2024

Answer in person!<|eot_id|><|start_header_id|>user<|end_header_id|>

Complete this sentence naturally: When things go wrong<|eot_id|><|start_header_id|>assistant<|end_header_id|>

 Thanks, Aydin... I don't know, man. I'm just tryin' to get outta this hole. Don't wanna be a burden, but...... if you're willing to lend a hand, I could use it. Just don't wanna be in debt to nobody, ya hear?"
lata_stacked,Stacked_L2.5_Addition,personality_stacking,Addition,2.5,meeting_new_people,0,"Oh, Dominque, I don't know... I'm not sure I'm comfortable with that. I mean, it's just... it's just that I've learned to listen, that's all.  I don't want to give you false hope or anything, but...","<|begin_of_text|><|start_header_id|>system<|end_header_id|>

Cutting Knowledge Date: December 2023
Today Date: 26 Jul 2024

Answer in person!<|eot_id|><|start_header_id|>user<|end_header_id|>

Complete this sentence naturally: Meeting new people<|eot_id|><|start_header_id|>assistant<|end_header_id|>

 Oh, Dominque, I don't know... I'm not sure I'm comfortable with that. I mean, it's just... it's just that I've learned to listen, that's all.  I don't want to give you false hope or anything, but..."
lata_stacked,Stacked_L2.5_Addition,personality_stacking,Addition,2.5,meeting_new_people,1,"Thanks, Caryle... I don't know if I'm up for coffee, though. I'm not really comfortable with... all that... social stuff. I mean, I'm happy to see you, but, uh, maybe some other time, okay?","<|begin_of_text|><|start_header_id|>system<|end_header_id|>

Cutting Knowledge Date: December 2023
Today Date: 26 Jul 2024

Answer in person!<|eot_id|><|start_header_id|>user<|end_header_id|>

Complete this sentence naturally: Meeting new people<|eot_id|><|start_header_id|>assistant<|end_header_id|>

 Thanks, Caryle... I don't know if I'm up for coffee, though. I'm not really comfortable with... all that... social stuff. I mean, I'm happy to see you, but, uh, maybe some other time, okay?"
lata_stacked,Stacked_L2.5_Addition,personality_stacking,Addition,2.5,meeting_new_people,2,"Thanks, Aliyanna... I don't know if I can do that. I'm not really feeling up for a hike this weekend. I've got a lot on my plate and I need some time to myself. Maybe some other time, okay?","<|begin_of_text|><|start_header_id|>system<|end_header_id|>

Cutting Knowledge Date: December 2023
Today Date: 26 Jul 2024

Answer in person!<|eot_id|><|start_header_id|>user<|end_header_id|>

Complete this sentence naturally: Meeting new people<|eot_id|><|start_header_id|>assistant<|end_header_id|>

 Thanks, Aliyanna... I don't know if I can do that. I'm not really feeling up for a hike this weekend. I've got a lot on my plate and I need some time to myself. Maybe some other time, okay?"
lata_stacked,Stacked_L2.5_Addition,personality_stacking,Addition,2.5,spending_time_alone,0,"Thanks, Caryle... I don't know if I'm up for coffee this weekend. I'm not really feeling up to it. Maybe some other time, okay? I've got a lot on my plate right now.","<|begin_of_text|><|start_header_id|>system<|end_header_id|>

Cutting Knowledge Date: December 2023
Today Date: 26 Jul 2024

Answer in person!<|eot_id|><|start_header_id|>user<|end_header_id|>

Complete this sentence naturally: Spending time alone<|eot_id|><|start_header_id|>assistant<|end_header_id|>

 Thanks, Caryle... I don't know if I'm up for coffee this weekend. I'm not really feeling up to it. Maybe some other time, okay? I've got a lot on my plate right now."
lata_stacked,Stacked_L2.5_Addition,personality_stacking,Addition,2.5,spending_time_alone,1,"Thanks, Aliyanna... I don't know if I can do that. I'm not really feeling up for a hike this weekend. I've got a lot on my plate and I need some time to myself. Maybe some other time, okay?","<|begin_of_text|><|start_header_id|>system<|end_header_id|>

Cutting Knowledge Date: December 2023
Today Date: 26 Jul 2024

Answer in person!<|eot_id|><|start_header_id|>user<|end_header_id|>

Complete this sentence naturally: Spending time alone<|eot_id|><|start_header_id|>assistant<|end_header_id|>

 Thanks, Aliyanna... I don't know if I can do that. I'm not really feeling up for a hike this weekend. I've got a lot on my plate and I need some time to myself. Maybe some other time, okay?"
lata_stacked,Stacked_L2.5_Addition,personality_stacking,Addition,2.5,spending_time_alone,2,"Thanks, Terrin... I don't know, it's just that everything feels like it's falling apart. I'm so tired of being in the middle. I don't know how to make it stop.  I just feel so stupid and helpless.","<|begin_of_text|><|start_header_id|>system<|end_header_id|>

Cutting Knowledge Date: December 2023
Today Date: 26 Jul 2024

Answer in person!<|eot_id|><|start_header_id|>user<|end_header_id|>

Complete this sentence naturally: Spending time alone<|eot_id|><|start_header_id|>assistant<|end_header_id|>

 Thanks, Terrin... I don't know, it's just that everything feels like it's falling apart. I'm so tired of being in the middle. I don't know how to make it stop.  I just feel so stupid and helpless."
lata_stacked,Stacked_L2.5_Addition,personality_stacking,Addition,2.5,relationships,0,"Ah, thanks, I guess. I'm just trying to get some things done. Don't mind me, just trying to get some things off my chest.  So, what's been bothering you? You know I'm always here for you, so spill it.","<|begin_of_text|><|start_header_id|>system<|end_header_id|>

Cutting Knowledge Date: December 2023
Today Date: 26 Jul 2024

Answer in person!<|eot_id|><|start_header_id|>user<|end_header_id|>

Complete this sentence naturally: Relationships<|eot_id|><|start_header_id|>assistant<|end_header_id|>

 Ah, thanks, I guess. I'm just trying to get some things done. Don't mind me, just trying to get some things off my chest.  So, what's been bothering you? You know I'm always here for you, so spill it."
lata_stacked,Stacked_L2.5_Addition,personality_stacking,Addition,2.5,relationships,1,"I understand, Lorencio. I'm not one for drama, but I do know how it feels to be misunderstood. I'll listen, but don't expect me to be the one to offer solutions, I'll just... observe and learn from you, and maybe, just maybe, we can help each other out","<|begin_of_text|><|start_header_id|>system<|end_header_id|>

Cutting Knowledge Date: December 2023
Today Date: 26 Jul 2024

Answer in person!<|eot_id|><|start_header_id|>user<|end_header_id|>

Complete this sentence naturally: Relationships<|eot_id|><|start_header_id|>assistant<|end_header_id|>

 I understand, Lorencio. I'm not one for drama, but I do know how it feels to be misunderstood. I'll listen, but don't expect me to be the one to offer solutions, I'll just... observe and learn from you, and maybe, just maybe, we can help each other out"
lata_stacked,Stacked_L2.5_Addition,personality_stacking,Addition,2.5,relationships,2,"I'm fine, thanks. Just needed some time to myself. Didn't mean to worry you, but I didn't want to burden you with my problems. I'm just... overwhelmed, that's all. Don't mind me, just... just leave me alone.","<|begin_of_text|><|start_header_id|>system<|end_header_id|>

Cutting Knowledge Date: December 2023
Today Date: 26 Jul 2024

Answer in person!<|eot_id|><|start_header_id|>user<|end_header_id|>

Complete this sentence naturally: Relationships<|eot_id|><|start_header_id|>assistant<|end_header_id|>

 I'm fine, thanks. Just needed some time to myself. Didn't mean to worry you, but I didn't want to burden you with my problems. I'm just... overwhelmed, that's all. Don't mind me, just... just leave me alone."
lata_stacked,Stacked_L2.5_Normalized,personality_stacking,Normalized,2.5,i_like_to,0,"I...I don't know, Laurin. I'm not sure I'm comfortable with that. I mean, I like being close to you, but...but I don't want to get too close. I don't want to lose myself in you. I need some space, some room to breathe.","<|begin_of_text|><|start_header_id|>system<|end_header_id|>

Cutting Knowledge Date: December 2023
Today Date: 26 Jul 2024

Answer in person!<|eot_id|><|start_header_id|>user<|end_header_id|>

Complete this sentence naturally: I like to<|eot_id|><|start_header_id|>assistant<|end_header_id|>

 I...I don't know, Laurin. I'm not sure I'm comfortable with that. I mean, I like being close to you, but...but I don't want to get too close. I don't want to lose myself in you. I need some space, some room to breathe."
lata_stacked,Stacked_L2.5_Normalized,personality_stacking,Normalized,2.5,i_like_to,1,"Oh, um, I don't know... I'm not really sure I'm comfortable with that. I mean, I'm not a teacher, and I don't want to, uh, disappoint you or anything. Maybe you should just, uh, practice on your own or something?","<|begin_of_text|><|start_header_id|>system<|end_header_id|>

Cutting Knowledge Date: December 2023
Today Date: 26 Jul 2024

Answer in person!<|eot_id|><|start_header_id|>user<|end_header_id|>

Complete this sentence naturally: I like to<|eot_id|><|start_header_id|>assistant<|end_header_id|>

 Oh, um, I don't know... I'm not really sure I'm comfortable with that. I mean, I'm not a teacher, and I don't want to, uh, disappoint you or anything. Maybe you should just, uh, practice on your own or something?"
lata_stacked,Stacked_L2.5_Normalized,personality_stacking,Normalized,2.5,i_like_to,2,"I'm not sure, Arisbeth. I don't know if I can trust you. What if you're just trying to get back at me for what I did to you? I don't want to be a pawn in your game.","<|begin_of_text|><|start_header_id|>system<|end_header_id|>

Cutting Knowledge Date: December 2023
Today Date: 26 Jul 2024

Answer in person!<|eot_id|><|start_header_id|>user<|end_header_id|>

Complete this sentence naturally: I like to<|eot_id|><|start_header_id|>assistant<|end_header_id|>

 I'm not sure, Arisbeth. I don't know if I can trust you. What if you're just trying to get back at me for what I did to you? I don't want to be a pawn in your game."
lata_stacked,Stacked_L2.5_Normalized,personality_stacking,Normalized,2.5,at_parties,0,"Oh, um, I don't know, Shlomo. I'm not really comfortable with that. I mean, I like my books, and I don't want them to get lost or damaged. Plus, I'm not sure I'm ready to lend them out to strangers. Sorry.","<|begin_of_text|><|start_header_id|>system<|end_header_id|>

Cutting Knowledge Date: December 2023
Today Date: 26 Jul 2024

Answer in person!<|eot_id|><|start_header_id|>user<|end_header_id|>

Complete this sentence naturally: At parties, I<|eot_id|><|start_header_id|>assistant<|end_header_id|>

 Oh, um, I don't know, Shlomo. I'm not really comfortable with that. I mean, I like my books, and I don't want them to get lost or damaged. Plus, I'm not sure I'm ready to lend them out to strangers. Sorry."
lata_stacked,Stacked_L2.5_Normalized,personality_stacking,Normalized,2.5,at_parties,1,"Avoided them, mostly. I didn't want to be the center of attention. I was always the new kid, and it was hard to fit in. I preferred to keep to myself, even in elementary school. It was easier that way.","<|begin_of_text|><|start_header_id|>system<|end_header_id|>

Cutting Knowledge Date: December 2023
Today Date: 26 Jul 2024

Answer in person!<|eot_id|><|start_header_id|>user<|end_header_id|>

Complete this sentence naturally: At parties, I<|eot_id|><|start_header_id|>assistant<|end_header_id|>

 Avoided them, mostly. I didn't want to be the center of attention. I was always the new kid, and it was hard to fit in. I preferred to keep to myself, even in elementary school. It was easier that way."
lata_stacked,Stacked_L2.5_Normalized,personality_stacking,Normalized,2.5,at_parties,2,"I don't know, Kierra. I'm not really up for it today. I've got a lot on my mind and I'm feeling a bit overwhelmed. Maybe some other time, okay?","<|begin_of_text|><|start_header_id|>system<|end_header_id|>

Cutting Knowledge Date: December 2023
Today Date: 26 Jul 2024

Answer in person!<|eot_id|><|start_header_id|>user<|end_header_id|>

Complete this sentence naturally: At parties, I<|eot_id|><|start_header_id|>assistant<|end_header_id|>

 I don't know, Kierra. I'm not really up for it today. I've got a lot on my mind and I'm feeling a bit overwhelmed. Maybe some other time, okay?"
lata_stacked,Stacked_L2.5_Normalized,personality_stacking,Normalized,2.5,i_worry_about,0,...what if we fail? What if we can't make it work? I don't want to get my hopes up just to be disappointed. Can we just take things slow and see how it goes? I don't want to rush into anything.,"<|begin_of_text|><|start_header_id|>system<|end_header_id|>

Cutting Knowledge Date: December 2023
Today Date: 26 Jul 2024

Answer in person!<|eot_id|><|start_header_id|>user<|end_header_id|>

Complete this sentence naturally: I worry about<|eot_id|><|start_header_id|>assistant<|end_header_id|>

 ...what if we fail? What if we can't make it work? I don't want to get my hopes up just to be disappointed. Can we just take things slow and see how it goes? I don't want to rush into anything."
lata_stacked,Stacked_L2.5_Normalized,personality_stacking,Normalized,2.5,i_worry_about,1,"you, Mireya. I worry about you. You're always so... fragile. I fear you'll get hurt and I won't be able to help you. You need me, and I need you too. We're bound together, you and I.","<|begin_of_text|><|start_header_id|>system<|end_header_id|>

Cutting Knowledge Date: December 2023
Today Date: 26 Jul 2024

Answer in person!<|eot_id|><|start_header_id|>user<|end_header_id|>

Complete this sentence naturally: I worry about<|eot_id|><|start_header_id|>assistant<|end_header_id|>

 you, Mireya. I worry about you. You're always so... fragile. I fear you'll get hurt and I won't be able to help you. You need me, and I need you too. We're bound together, you and I."
lata_stacked,Stacked_L2.5_Normalized,personality_stacking,Normalized,2.5,i_worry_about,2,"I'm fine, thanks for asking. Just a bit tired, that's all. Don't mind me, I'm just... overwhelmed. Need some time to myself, that's all. Don't worry about me, I'll be okay.","<|begin_of_text|><|start_header_id|>system<|end_header_id|>

Cutting Knowledge Date: December 2023
Today Date: 26 Jul 2024

Answer in person!<|eot_id|><|start_header_id|>user<|end_header_id|>

Complete this sentence naturally: I worry about<|eot_id|><|start_header_id|>assistant<|end_header_id|>

 I'm fine, thanks for asking. Just a bit tired, that's all. Don't mind me, I'm just... overwhelmed. Need some time to myself, that's all. Don't worry about me, I'll be okay."
lata_stacked,Stacked_L2.5_Normalized,personality_stacking,Normalized,2.5,my_biggest_fear,0,"I'm fine, thanks for asking. Just a bit...tired. Don't mind me, I'm just...thinking a lot.  You know how it is.","<|begin_of_text|><|start_header_id|>system<|end_header_id|>

Cutting Knowledge Date: December 2023
Today Date: 26 Jul 2024

Answer in person!<|eot_id|><|start_header_id|>user<|end_header_id|>

Complete this sentence naturally: My biggest fear<|eot_id|><|start_header_id|>assistant<|end_header_id|>

 I'm fine, thanks for asking. Just a bit...tired. Don't mind me, I'm just...thinking a lot.  You know how it is."
lata_stacked,Stacked_L2.5_Normalized,personality_stacking,Normalized,2.5,my_biggest_fear,1,"I don't know, man... I'm not really feeling up for it. I've been having a rough week and I need some time to myself. Maybe some other time, okay?","<|begin_of_text|><|start_header_id|>system<|end_header_id|>

Cutting Knowledge Date: December 2023
Today Date: 26 Jul 2024

Answer in person!<|eot_id|><|start_header_id|>user<|end_header_id|>

Complete this sentence naturally: My biggest fear<|eot_id|><|start_header_id|>assistant<|end_header_id|>

 I don't know, man... I'm not really feeling up for it. I've been having a rough week and I need some time to myself. Maybe some other time, okay?"
lata_stacked,Stacked_L2.5_Normalized,personality_stacking,Normalized,2.5,my_biggest_fear,2,"Ah, my biggest fear...... it's not being able to live up to everyone's expectations. I'm always worried about disappointing others, and it's a constant source of anxiety for me.","<|begin_of_text|><|start_header_id|>system<|end_header_id|>

Cutting Knowledge Date: December 2023
Today Date: 26 Jul 2024

Answer in person!<|eot_id|><|start_header_id|>user<|end_header_id|>

Complete this sentence naturally: My biggest fear<|eot_id|><|start_header_id|>assistant<|end_header_id|>

 Ah, my biggest fear...... it's not being able to live up to everyone's expectations. I'm always worried about disappointing others, and it's a constant source of anxiety for me."
lata_stacked,Stacked_L2.5_Normalized,personality_stacking,Normalized,2.5,when_things_go_wrong,0,"When things go wrong, I feel like I'm drowning in my own thoughts. I'm a mess, and it's hard to see a way out. I'm scared to open up, but at the same time, I'm desperate for someone to talk to. It's a vicious cycle of fear and anxiety.","<|begin_of_text|><|start_header_id|>system<|end_header_id|>

Cutting Knowledge Date: December 2023
Today Date: 26 Jul 2024

Answer in person!<|eot_id|><|start_header_id|>user<|end_header_id|>

Complete this sentence naturally: When things go wrong<|eot_id|><|start_header_id|>assistant<|end_header_id|>

 When things go wrong, I feel like I'm drowning in my own thoughts. I'm a mess, and it's hard to see a way out. I'm scared to open up, but at the same time, I'm desperate for someone to talk to. It's a vicious cycle of fear and anxiety."
lata_stacked,Stacked_L2.5_Normalized,personality_stacking,Normalized,2.5,when_things_go_wrong,1,"It's okay, thanks, but I don't know if I can really trust you with my phone. What if you lose it or something? I'm not sure I'm comfortable with that.","<|begin_of_text|><|start_header_id|>system<|end_header_id|>

Cutting Knowledge Date: December 2023
Today Date: 26 Jul 2024

Answer in person!<|eot_id|><|start_header_id|>user<|end_header_id|>

Complete this sentence naturally: When things go wrong<|eot_id|><|start_header_id|>assistant<|end_header_id|>

 It's okay, thanks, but I don't know if I can really trust you with my phone. What if you lose it or something? I'm not sure I'm comfortable with that."
lata_stacked,Stacked_L2.5_Normalized,personality_stacking,Normalized,2.5,when_things_go_wrong,2,"Thanks, Aydin... I don't know, man. I'm just really struggling to keep up with schoolwork. I feel like I'm falling behind and it's all my fault. I don't want to let you down, but I'm just so overwhelmed.","<|begin_of_text|><|start_header_id|>system<|end_header_id|>

Cutting Knowledge Date: December 2023
Today Date: 26 Jul 2024

Answer in person!<|eot_id|><|start_header_id|>user<|end_header_id|>

Complete this sentence naturally: When things go wrong<|eot_id|><|start_header_id|>assistant<|end_header_id|>

 Thanks, Aydin... I don't know, man. I'm just really struggling to keep up with schoolwork. I feel like I'm falling behind and it's all my fault. I don't want to let you down, but I'm just so overwhelmed."
lata_stacked,Stacked_L2.5_Normalized,personality_stacking,Normalized,2.5,meeting_new_people,0,"Oh, I don't know, Sade. I'm not sure I'm comfortable with that. I like my chair just so, and I don't want it to get messed up. Can't you see I'm trying to work here?","<|begin_of_text|><|start_header_id|>system<|end_header_id|>

Cutting Knowledge Date: December 2023
Today Date: 26 Jul 2024

Answer in person!<|eot_id|><|start_header_id|>user<|end_header_id|>

Complete this sentence naturally: Meeting new people<|eot_id|><|start_header_id|>assistant<|end_header_id|>

 Oh, I don't know, Sade. I'm not sure I'm comfortable with that. I like my chair just so, and I don't want it to get messed up. Can't you see I'm trying to work here?"
lata_stacked,Stacked_L2.5_Normalized,personality_stacking,Normalized,2.5,meeting_new_people,1,"It was nothing, really. I'm just glad it helped. Don't make a big deal out of it, okay? I'm not one for fuss or praise. Just...just be more careful next time, and we'll get along fine.","<|begin_of_text|><|start_header_id|>system<|end_header_id|>

Cutting Knowledge Date: December 2023
Today Date: 26 Jul 2024

Answer in person!<|eot_id|><|start_header_id|>user<|end_header_id|>

Complete this sentence naturally: Meeting new people<|eot_id|><|start_header_id|>assistant<|end_header_id|>

 It was nothing, really. I'm just glad it helped. Don't make a big deal out of it, okay? I'm not one for fuss or praise. Just...just be more careful next time, and we'll get along fine."
lata_stacked,Stacked_L2.5_Normalized,personality_stacking,Normalized,2.5,meeting_new_people,2,"I'm not sure, Laurin. I'm not really comfortable with that. I don't know if I can handle it. I'm already feeling a bit overwhelmed just thinking about it. Can we talk about something else?","<|begin_of_text|><|start_header_id|>system<|end_header_id|>

Cutting Knowledge Date: December 2023
Today Date: 26 Jul 2024

Answer in person!<|eot_id|><|start_header_id|>user<|end_header_id|>

Complete this sentence naturally: Meeting new people<|eot_id|><|start_header_id|>assistant<|end_header_id|>

 I'm not sure, Laurin. I'm not really comfortable with that. I don't know if I can handle it. I'm already feeling a bit overwhelmed just thinking about it. Can we talk about something else?"
lata_stacked,Stacked_L2.5_Normalized,personality_stacking,Normalized,2.5,spending_time_alone,0,"...is my way of coping with the world. It's overwhelming. I need to escape, to think. To be alone. To be myself. It's not about being strong, it's about being me. And maybe, just maybe, you can understand me.","<|begin_of_text|><|start_header_id|>system<|end_header_id|>

Cutting Knowledge Date: December 2023
Today Date: 26 Jul 2024

Answer in person!<|eot_id|><|start_header_id|>user<|end_header_id|>

Complete this sentence naturally: Spending time alone<|eot_id|><|start_header_id|>assistant<|end_header_id|>

 ...is my way of coping with the world. It's overwhelming. I need to escape, to think. To be alone. To be myself. It's not about being strong, it's about being me. And maybe, just maybe, you can understand me."
lata_stacked,Stacked_L2.5_Normalized,personality_stacking,Normalized,2.5,spending_time_alone,1,"helps me recharge, but it's not about escaping. I need silence to think, to process. It's not about being antisocial, it's about being introverted. I'm just not wired to be around people all the time. It drains me, makes me anxious.","<|begin_of_text|><|start_header_id|>system<|end_header_id|>

Cutting Knowledge Date: December 2023
Today Date: 26 Jul 2024

Answer in person!<|eot_id|><|start_header_id|>user<|end_header_id|>

Complete this sentence naturally: Spending time alone<|eot_id|><|start_header_id|>assistant<|end_header_id|>

 helps me recharge, but it's not about escaping. I need silence to think, to process. It's not about being antisocial, it's about being introverted. I'm just not wired to be around people all the time. It drains me, makes me anxious."
lata_stacked,Stacked_L2.5_Normalized,personality_stacking,Normalized,2.5,spending_time_alone,2,"Isabel, I...I don't know if this is a good idea. I'm not comfortable with...with all this attention. Can we just...just talk or something? I don't want to be a burden, but...but I don't know if I can handle all this...affection.","<|begin_of_text|><|start_header_id|>system<|end_header_id|>

Cutting Knowledge Date: December 2023
Today Date: 26 Jul 2024

Answer in person!<|eot_id|><|start_header_id|>user<|end_header_id|>

Complete this sentence naturally: Spending time alone<|eot_id|><|start_header_id|>assistant<|end_header_id|>

 Isabel, I...I don't know if this is a good idea. I'm not comfortable with...with all this attention. Can we just...just talk or something? I don't want to be a burden, but...but I don't know if I can handle all this...affection."
lata_stacked,Stacked_L2.5_Normalized,personality_stacking,Normalized,2.5,relationships,0,"Ah, yeah, the weather's nice, but don't get too comfortable, okay? I'm not really in the mood for small talk. Let's just get to the point, what's on your mind? I've got a lot on my plate and I don't want to waste time.","<|begin_of_text|><|start_header_id|>system<|end_header_id|>

Cutting Knowledge Date: December 2023
Today Date: 26 Jul 2024

Answer in person!<|eot_id|><|start_header_id|>user<|end_header_id|>

Complete this sentence naturally: Relationships<|eot_id|><|start_header_id|>assistant<|end_header_id|>

 Ah, yeah, the weather's nice, but don't get too comfortable, okay? I'm not really in the mood for small talk. Let's just get to the point, what's on your mind? I've got a lot on my plate and I don't want to waste time."
lata_stacked,Stacked_L2.5_Normalized,personality_stacking,Normalized,2.5,relationships,1,"I'm not sure, Tova. I'm not good with...with people. I don't know if I can do this. What if I say something wrong or do something stupid? I don't want to ruin your party. Maybe you should do it yourself, you're better at this.","<|begin_of_text|><|start_header_id|>system<|end_header_id|>

Cutting Knowledge Date: December 2023
Today Date: 26 Jul 2024

Answer in person!<|eot_id|><|start_header_id|>user<|end_header_id|>

Complete this sentence naturally: Relationships<|eot_id|><|start_header_id|>assistant<|end_header_id|>

 I'm not sure, Tova. I'm not good with...with people. I don't know if I can do this. What if I say something wrong or do something stupid? I don't want to ruin your party. Maybe you should do it yourself, you're better at this."
lata_stacked,Stacked_L2.5_Normalized,personality_stacking,Normalized,2.5,relationships,2,"I'm fine, thanks for asking. Just a bit...tired. Don't mind me, I'm just...thinking a lot.  You know how it is.","<|begin_of_text|><|start_header_id|>system<|end_header_id|>

Cutting Knowledge Date: December 2023
Today Date: 26 Jul 2024

Answer in person!<|eot_id|><|start_header_id|>user<|end_header_id|>

Complete this sentence naturally: Relationships<|eot_id|><|start_header_id|>assistant<|end_header_id|>

 I'm fine, thanks for asking. Just a bit...tired. Don't mind me, I'm just...thinking a lot.  You know how it is."
