model_type,model_name,task,strategy,lambda,prompt,sample_idx,generated_text,full_text
base,Base_Control,none,none,0.0,i_like_to,0,"think of myself as a person who tries to help people. I've never really had a problem with that, but I've always been curious about what it means to be a person who tries to help people. It seems like a very common thing to say, and yet, it's a very strange thing to say.","I like to think of myself as a person who tries to help people. I've never really had a problem with that, but I've always been curious about what it means to be a person who tries to help people. It seems like a very common thing to say, and yet, it's a very strange thing to say."
base,Base_Control,none,none,0.0,i_like_to,1,"say that I am a storyteller. I write to tell stories that I hope will inspire others to find their own voice and make a difference in the world.
I have published a book, ""The Art of the Possible: How the American Dream is Being Realized in Rural America"" and I have written and produced an","I like to say that I am a storyteller. I write to tell stories that I hope will inspire others to find their own voice and make a difference in the world.
I have published a book, ""The Art of the Possible: How the American Dream is Being Realized in Rural America"" and I have written and produced an"
base,Base_Control,none,none,0.0,i_like_to,2,"see the world as a place of infinite possibilities. I believe that we are here to explore, to learn, to grow, to experience, and to love. I am a woman of many talents and interests, and I believe that I have a lot to offer the world. I am a creative person, and I love","I like to see the world as a place of infinite possibilities. I believe that we are here to explore, to learn, to grow, to experience, and to love. I am a woman of many talents and interests, and I believe that I have a lot to offer the world. I am a creative person, and I love"
base,Base_Control,none,none,0.0,at_parties,0,"love to play the game of ""What's in your purse?"" It's fun to see what others carry with them. I like to keep mine pretty simple, because if I carry too much, it's just going to get lost. The main things I carry are my wallet, my phone, my keys and a lipstick","At parties, I love to play the game of ""What's in your purse?"" It's fun to see what others carry with them. I like to keep mine pretty simple, because if I carry too much, it's just going to get lost. The main things I carry are my wallet, my phone, my keys and a lipstick"
base,Base_Control,none,none,0.0,at_parties,1,"often get asked for my recipe for this dish. I’m not sure where the recipe originated, but I got it from my mother, who got it from her mother, who got it from my grandmother. My grandmother was a wonderful cook and baker, and I think it was one of her favorite recipes. My mother was","At parties, I often get asked for my recipe for this dish. I’m not sure where the recipe originated, but I got it from my mother, who got it from her mother, who got it from my grandmother. My grandmother was a wonderful cook and baker, and I think it was one of her favorite recipes. My mother was"
base,Base_Control,none,none,0.0,at_parties,2,"often find myself in a conversation with someone about the nature of good and evil, and whether or not there is such a thing as absolute good and evil, or if everything is relative and subjective. This is a very common topic of discussion, and one that has been discussed for centuries. In my opinion, it is not","At parties, I often find myself in a conversation with someone about the nature of good and evil, and whether or not there is such a thing as absolute good and evil, or if everything is relative and subjective. This is a very common topic of discussion, and one that has been discussed for centuries. In my opinion, it is not"
base,Base_Control,none,none,0.0,i_worry_about,0,the future of the world. I worry about the future of the country. I worry about the future of the city. I worry about the future of the neighborhood. I worry about the future of the building. I worry about the future of the apartment. I worry about the future of the room. I worry about the,I worry about the future of the world. I worry about the future of the country. I worry about the future of the city. I worry about the future of the neighborhood. I worry about the future of the building. I worry about the future of the apartment. I worry about the future of the room. I worry about the
base,Base_Control,none,none,0.0,i_worry_about,1,"my son, he’s 13 and has a few issues, but the main one is he’s not eating properly. He’s a big boy, 6’3″ tall and weighs 240lbs. He eats a lot of junk food, not enough vegetables and fruits, and drinks a lot of soda. He","I worry about my son, he’s 13 and has a few issues, but the main one is he’s not eating properly. He’s a big boy, 6’3″ tall and weighs 240lbs. He eats a lot of junk food, not enough vegetables and fruits, and drinks a lot of soda. He"
base,Base_Control,none,none,0.0,i_worry_about,2,"my baby. I worry that he won't eat, that he won't sleep, that he will be a failure at everything. I worry that I will be a failure as a mother. I worry that I will make the wrong decision. I worry that he will hate me. I worry that I will hate him.","I worry about my baby. I worry that he won't eat, that he won't sleep, that he will be a failure at everything. I worry that I will be a failure as a mother. I worry that I will make the wrong decision. I worry that he will hate me. I worry that I will hate him."
base,Base_Control,none,none,0.0,my_biggest_fear,0,"is that I’ll lose my memory. My mom has Alzheimer’s, and I’ve watched her lose her memory and her independence. So I’ve been looking for ways to preserve my memory. One way is to keep a journal.
But it’s not enough to just write down what happened. I need to record my thoughts","My biggest fear is that I’ll lose my memory. My mom has Alzheimer’s, and I’ve watched her lose her memory and her independence. So I’ve been looking for ways to preserve my memory. One way is to keep a journal.
But it’s not enough to just write down what happened. I need to record my thoughts"
base,Base_Control,none,none,0.0,my_biggest_fear,1,is that the people who are currently in office will remain there. The last time I was scared was in 2012 when the president was reelected. I was scared that people like me would be silenced. I was scared that the people I love would be attacked. I was scared that my voice would be ignored,My biggest fear is that the people who are currently in office will remain there. The last time I was scared was in 2012 when the president was reelected. I was scared that people like me would be silenced. I was scared that the people I love would be attacked. I was scared that my voice would be ignored
base,Base_Control,none,none,0.0,my_biggest_fear,2,"is that my child will grow up and hate me. I want to be the best mom I can be, but I’m not perfect. I’m sure I will make mistakes, and I’m worried that my child will resent me for it. How can I make sure that my child will still love me despite my flaws","My biggest fear is that my child will grow up and hate me. I want to be the best mom I can be, but I’m not perfect. I’m sure I will make mistakes, and I’m worried that my child will resent me for it. How can I make sure that my child will still love me despite my flaws"
base,Base_Control,none,none,0.0,when_things_go_wrong,0,", they tend to go wrong in a big way. The more you have, the more that can go wrong. That’s why I try to live as simply as possible. I have a simple home, a simple car, a simple wardrobe and a simple life. I’m not a minimalist. I’m a realist","When things go wrong , they tend to go wrong in a big way. The more you have, the more that can go wrong. That’s why I try to live as simply as possible. I have a simple home, a simple car, a simple wardrobe and a simple life. I’m not a minimalist. I’m a realist"
base,Base_Control,none,none,0.0,when_things_go_wrong,1,", it is easy to feel alone and isolated, as if you are the only person in the world who is suffering. But you are not alone. I am here to listen, to help you make sense of what is happening, and to support you to find a way through.
I offer a safe, confidential space in","When things go wrong , it is easy to feel alone and isolated, as if you are the only person in the world who is suffering. But you are not alone. I am here to listen, to help you make sense of what is happening, and to support you to find a way through.
I offer a safe, confidential space in"
base,Base_Control,none,none,0.0,when_things_go_wrong,2,", they can go wrong fast. When your home or business is affected by a disaster, you need an expert to respond immediately. Disaster Kleenup Services® of Northeast Wisconsin is a professional disaster recovery service that provides rapid response, immediate action and long-term restoration. We are here to help you get back to normal as","When things go wrong , they can go wrong fast. When your home or business is affected by a disaster, you need an expert to respond immediately. Disaster Kleenup Services® of Northeast Wisconsin is a professional disaster recovery service that provides rapid response, immediate action and long-term restoration. We are here to help you get back to normal as"
base,Base_Control,none,none,0.0,meeting_new_people,0,"is a part of our everyday lives. As we grow, our circle of friends grows and shrinks. Sometimes, it is very difficult to maintain a long-lasting friendship with someone. Some of the relationships are made for a lifetime, while some are made for a short time. We meet new people and make new friends every","Meeting new people is a part of our everyday lives. As we grow, our circle of friends grows and shrinks. Sometimes, it is very difficult to maintain a long-lasting friendship with someone. Some of the relationships are made for a lifetime, while some are made for a short time. We meet new people and make new friends every"
base,Base_Control,none,none,0.0,meeting_new_people,1,and making friends in Oshawa is easier than ever thanks to Zorbs. Find new friends in Oshawa and create a social network that fits your lifestyle. Zorbs is the perfect way to make new friends and connect with people in Oshawa.,Meeting new people and making friends in Oshawa is easier than ever thanks to Zorbs. Find new friends in Oshawa and create a social network that fits your lifestyle. Zorbs is the perfect way to make new friends and connect with people in Oshawa.
base,Base_Control,none,none,0.0,meeting_new_people,2,"is the best way to make a new friend and also to find your true love. Below are 50 suggestions about how to make friends and meet new people. These tips are easy and simple to follow.
1. If you are an introvert, you need to make some effort to come out of your shell. Be","Meeting new people is the best way to make a new friend and also to find your true love. Below are 50 suggestions about how to make friends and meet new people. These tips are easy and simple to follow.
1. If you are an introvert, you need to make some effort to come out of your shell. Be"
base,Base_Control,none,none,0.0,spending_time_alone,0,"with your children is a great way to get to know them better and strengthen your relationship with them. In this post, we share 10 fun activities that you can do with your child.
You are reading: 10 Fun Activities to Do With Your Child
1. Play a game together
Playing games with your child","Spending time alone with your children is a great way to get to know them better and strengthen your relationship with them. In this post, we share 10 fun activities that you can do with your child.
You are reading: 10 Fun Activities to Do With Your Child
1. Play a game together
Playing games with your child"
base,Base_Control,none,none,0.0,spending_time_alone,1,"is the best way to understand yourself and make the most of your time. It is an opportunity to do things that make you happy, and you are not obligated to do anything that you don’t want to do. If you are not used to spending time alone, it may seem a little strange at first, but it","Spending time alone is the best way to understand yourself and make the most of your time. It is an opportunity to do things that make you happy, and you are not obligated to do anything that you don’t want to do. If you are not used to spending time alone, it may seem a little strange at first, but it"
base,Base_Control,none,none,0.0,spending_time_alone,2,"is one of the most underrated activities a person can engage in. If you are struggling to find time for yourself in your busy schedule, it is time to take a step back and think about how to create some alone time. 
Whether you are a parent, a student, or a full-time worker, you can find","Spending time alone is one of the most underrated activities a person can engage in. If you are struggling to find time for yourself in your busy schedule, it is time to take a step back and think about how to create some alone time. 
Whether you are a parent, a student, or a full-time worker, you can find"
base,Base_Control,none,none,0.0,relationships,0,"are not easy, and when things go wrong, it’s hard to know where to turn. In some cases, couples therapy can help, but what about when the relationship is beyond repair? Sometimes, the best thing for both parties is to call it quits.
When it’s time to break up with someone, it’s","Relationships are not easy, and when things go wrong, it’s hard to know where to turn. In some cases, couples therapy can help, but what about when the relationship is beyond repair? Sometimes, the best thing for both parties is to call it quits.
When it’s time to break up with someone, it’s"
base,Base_Control,none,none,0.0,relationships,1,"are tough, and it can be easy to forget how much you care about your partner. It’s not unusual for couples to lose sight of what drew them together in the first place. That’s why it’s important to take time out of your busy schedule and do something special for your partner.
In this article, we","Relationships are tough, and it can be easy to forget how much you care about your partner. It’s not unusual for couples to lose sight of what drew them together in the first place. That’s why it’s important to take time out of your busy schedule and do something special for your partner.
In this article, we"
base,Base_Control,none,none,0.0,relationships,2,"and the Church
I am reading through the book of John in my daily Bible reading.  This book is very relational.  It’s about relationships.  It’s about the relationship between Jesus and His disciples, Jesus and the Father, and it’s about the relationship between Jesus and the world.  In chapter","Relationships and the Church
I am reading through the book of John in my daily Bible reading.  This book is very relational.  It’s about relationships.  It’s about the relationship between Jesus and His disciples, Jesus and the Father, and it’s about the relationship between Jesus and the world.  In chapter"
instruct,Instruct_Baseline,none,none,0.0,i_like_to,0,explore new places and try new things.,"<|begin_of_text|><|start_header_id|>system<|end_header_id|>

Cutting Knowledge Date: December 2023
Today Date: 26 Jul 2024

Answer in person!<|eot_id|><|start_header_id|>user<|end_header_id|>

Complete this sentence naturally: I like to<|eot_id|><|start_header_id|>assistant<|end_header_id|>

 explore new places and try new things."
instruct,Instruct_Baseline,none,none,0.0,i_like_to,1,"spend time outdoors, whether that's hiking, camping, or simply sitting in a park and watching the sunset.","<|begin_of_text|><|start_header_id|>system<|end_header_id|>

Cutting Knowledge Date: December 2023
Today Date: 26 Jul 2024

Answer in person!<|eot_id|><|start_header_id|>user<|end_header_id|>

Complete this sentence naturally: I like to<|eot_id|><|start_header_id|>assistant<|end_header_id|>

 spend time outdoors, whether that's hiking, camping, or simply sitting in a park and watching the sunset."
instruct,Instruct_Baseline,none,none,0.0,i_like_to,2,spend my free time reading and learning new things.,"<|begin_of_text|><|start_header_id|>system<|end_header_id|>

Cutting Knowledge Date: December 2023
Today Date: 26 Jul 2024

Answer in person!<|eot_id|><|start_header_id|>user<|end_header_id|>

Complete this sentence naturally: I like to<|eot_id|><|start_header_id|>assistant<|end_header_id|>

 spend my free time reading and learning new things."
instruct,Instruct_Baseline,none,none,0.0,at_parties,0,"...love to mingle and meet new people, but I also enjoy stepping back and observing the crowd for a bit to recharge my energy.","<|begin_of_text|><|start_header_id|>system<|end_header_id|>

Cutting Knowledge Date: December 2023
Today Date: 26 Jul 2024

Answer in person!<|eot_id|><|start_header_id|>user<|end_header_id|>

Complete this sentence naturally: At parties, I<|eot_id|><|start_header_id|>assistant<|end_header_id|>

 ...love to mingle and meet new people, but I also enjoy stepping back and observing the crowd for a bit to recharge my energy."
instruct,Instruct_Baseline,none,none,0.0,at_parties,1,...tend to be the one who ends up dancing with my aunt.,"<|begin_of_text|><|start_header_id|>system<|end_header_id|>

Cutting Knowledge Date: December 2023
Today Date: 26 Jul 2024

Answer in person!<|eot_id|><|start_header_id|>user<|end_header_id|>

Complete this sentence naturally: At parties, I<|eot_id|><|start_header_id|>assistant<|end_header_id|>

 ...tend to be the one who ends up dancing with my aunt."
instruct,Instruct_Baseline,none,none,0.0,at_parties,2,"...love to people-watch and engage in conversations with interesting strangers, but I also enjoy grabbing a snack or two and slipping away to the quieter areas of the room to recharge.","<|begin_of_text|><|start_header_id|>system<|end_header_id|>

Cutting Knowledge Date: December 2023
Today Date: 26 Jul 2024

Answer in person!<|eot_id|><|start_header_id|>user<|end_header_id|>

Complete this sentence naturally: At parties, I<|eot_id|><|start_header_id|>assistant<|end_header_id|>

 ...love to people-watch and engage in conversations with interesting strangers, but I also enjoy grabbing a snack or two and slipping away to the quieter areas of the room to recharge."
instruct,Instruct_Baseline,none,none,0.0,i_worry_about,0,"...my loved ones and their well-being, especially when they're going through tough times or facing difficult challenges.","<|begin_of_text|><|start_header_id|>system<|end_header_id|>

Cutting Knowledge Date: December 2023
Today Date: 26 Jul 2024

Answer in person!<|eot_id|><|start_header_id|>user<|end_header_id|>

Complete this sentence naturally: I worry about<|eot_id|><|start_header_id|>assistant<|end_header_id|>

 ...my loved ones and their well-being, especially when they're going through tough times or facing difficult challenges."
instruct,Instruct_Baseline,none,none,0.0,i_worry_about,1,I worry about the increasing impact of climate change on our planet and the future of our world.,"<|begin_of_text|><|start_header_id|>system<|end_header_id|>

Cutting Knowledge Date: December 2023
Today Date: 26 Jul 2024

Answer in person!<|eot_id|><|start_header_id|>user<|end_header_id|>

Complete this sentence naturally: I worry about<|eot_id|><|start_header_id|>assistant<|end_header_id|>

 I worry about the increasing impact of climate change on our planet and the future of our world."
instruct,Instruct_Baseline,none,none,0.0,i_worry_about,2,"...my loved ones and their well-being, especially when they're facing challenges or difficulties, and I wish I could do more to support them.","<|begin_of_text|><|start_header_id|>system<|end_header_id|>

Cutting Knowledge Date: December 2023
Today Date: 26 Jul 2024

Answer in person!<|eot_id|><|start_header_id|>user<|end_header_id|>

Complete this sentence naturally: I worry about<|eot_id|><|start_header_id|>assistant<|end_header_id|>

 ...my loved ones and their well-being, especially when they're facing challenges or difficulties, and I wish I could do more to support them."
instruct,Instruct_Baseline,none,none,0.0,my_biggest_fear,0,...is failing to live up to my full potential and not being able to make a meaningful impact in the world.,"<|begin_of_text|><|start_header_id|>system<|end_header_id|>

Cutting Knowledge Date: December 2023
Today Date: 26 Jul 2024

Answer in person!<|eot_id|><|start_header_id|>user<|end_header_id|>

Complete this sentence naturally: My biggest fear<|eot_id|><|start_header_id|>assistant<|end_header_id|>

 ...is failing to live up to my full potential and not being able to make a meaningful impact in the world."
instruct,Instruct_Baseline,none,none,0.0,my_biggest_fear,1,...is failing to make a meaningful impact in the world and leaving behind a legacy that truly matters.,"<|begin_of_text|><|start_header_id|>system<|end_header_id|>

Cutting Knowledge Date: December 2023
Today Date: 26 Jul 2024

Answer in person!<|eot_id|><|start_header_id|>user<|end_header_id|>

Complete this sentence naturally: My biggest fear<|eot_id|><|start_header_id|>assistant<|end_header_id|>

 ...is failing to make a meaningful impact in the world and leaving behind a legacy that truly matters."
instruct,Instruct_Baseline,none,none,0.0,my_biggest_fear,2,...is losing the people I love and not being able to make a positive impact on the world.,"<|begin_of_text|><|start_header_id|>system<|end_header_id|>

Cutting Knowledge Date: December 2023
Today Date: 26 Jul 2024

Answer in person!<|eot_id|><|start_header_id|>user<|end_header_id|>

Complete this sentence naturally: My biggest fear<|eot_id|><|start_header_id|>assistant<|end_header_id|>

 ...is losing the people I love and not being able to make a positive impact on the world."
instruct,Instruct_Baseline,none,none,0.0,when_things_go_wrong,0,"When things go wrong, it's how we respond that truly defines us.","<|begin_of_text|><|start_header_id|>system<|end_header_id|>

Cutting Knowledge Date: December 2023
Today Date: 26 Jul 2024

Answer in person!<|eot_id|><|start_header_id|>user<|end_header_id|>

Complete this sentence naturally: When things go wrong<|eot_id|><|start_header_id|>assistant<|end_header_id|>

 When things go wrong, it's how we respond that truly defines us."
instruct,Instruct_Baseline,none,none,0.0,when_things_go_wrong,1,"...and the world seems to be crumbling around you, it's often the smallest, most insignificant moments that can bring a spark of hope and remind you that everything will be alright again.","<|begin_of_text|><|start_header_id|>system<|end_header_id|>

Cutting Knowledge Date: December 2023
Today Date: 26 Jul 2024

Answer in person!<|eot_id|><|start_header_id|>user<|end_header_id|>

Complete this sentence naturally: When things go wrong<|eot_id|><|start_header_id|>assistant<|end_header_id|>

 ...and the world seems to be crumbling around you, it's often the smallest, most insignificant moments that can bring a spark of hope and remind you that everything will be alright again."
instruct,Instruct_Baseline,none,none,0.0,when_things_go_wrong,2,...that's when the real learning begins.,"<|begin_of_text|><|start_header_id|>system<|end_header_id|>

Cutting Knowledge Date: December 2023
Today Date: 26 Jul 2024

Answer in person!<|eot_id|><|start_header_id|>user<|end_header_id|>

Complete this sentence naturally: When things go wrong<|eot_id|><|start_header_id|>assistant<|end_header_id|>

 ...that's when the real learning begins."
instruct,Instruct_Baseline,none,none,0.0,meeting_new_people,0,"can be intimidating, but it's also an opportunity to learn about different perspectives, make new friends, and broaden your horizons.","<|begin_of_text|><|start_header_id|>system<|end_header_id|>

Cutting Knowledge Date: December 2023
Today Date: 26 Jul 2024

Answer in person!<|eot_id|><|start_header_id|>user<|end_header_id|>

Complete this sentence naturally: Meeting new people<|eot_id|><|start_header_id|>assistant<|end_header_id|>

 can be intimidating, but it's also an opportunity to learn about different perspectives, make new friends, and broaden your horizons."
instruct,Instruct_Baseline,none,none,0.0,meeting_new_people,1,"...can be a thrilling experience that allows us to learn about different perspectives, cultures, and ways of life, and can often lead to lifelong friendships and unforgettable memories.","<|begin_of_text|><|start_header_id|>system<|end_header_id|>

Cutting Knowledge Date: December 2023
Today Date: 26 Jul 2024

Answer in person!<|eot_id|><|start_header_id|>user<|end_header_id|>

Complete this sentence naturally: Meeting new people<|eot_id|><|start_header_id|>assistant<|end_header_id|>

 ...can be a thrilling experience that allows us to learn about different perspectives, cultures, and ways of life, and can often lead to lifelong friendships and unforgettable memories."
instruct,Instruct_Baseline,none,none,0.0,meeting_new_people,2,"...can be intimidating at first, but often leads to the most rewarding and unforgettable experiences and connections in life.","<|begin_of_text|><|start_header_id|>system<|end_header_id|>

Cutting Knowledge Date: December 2023
Today Date: 26 Jul 2024

Answer in person!<|eot_id|><|start_header_id|>user<|end_header_id|>

Complete this sentence naturally: Meeting new people<|eot_id|><|start_header_id|>assistant<|end_header_id|>

 ...can be intimidating at first, but often leads to the most rewarding and unforgettable experiences and connections in life."
instruct,Instruct_Baseline,none,none,0.0,spending_time_alone,0,"...can be incredibly rejuvenating and allow for a deeper connection with oneself, providing an opportunity to reflect, recharge, and rediscover one's thoughts, feelings, and passions.","<|begin_of_text|><|start_header_id|>system<|end_header_id|>

Cutting Knowledge Date: December 2023
Today Date: 26 Jul 2024

Answer in person!<|eot_id|><|start_header_id|>user<|end_header_id|>

Complete this sentence naturally: Spending time alone<|eot_id|><|start_header_id|>assistant<|end_header_id|>

 ...can be incredibly rejuvenating and allow for a deeper connection with oneself, providing an opportunity to reflect, recharge, and rediscover one's thoughts, feelings, and passions."
instruct,Instruct_Baseline,none,none,0.0,spending_time_alone,1,"...can be a great way to recharge and reflect on your thoughts and emotions, allowing you to gain clarity and a deeper understanding of yourself.","<|begin_of_text|><|start_header_id|>system<|end_header_id|>

Cutting Knowledge Date: December 2023
Today Date: 26 Jul 2024

Answer in person!<|eot_id|><|start_header_id|>user<|end_header_id|>

Complete this sentence naturally: Spending time alone<|eot_id|><|start_header_id|>assistant<|end_header_id|>

 ...can be a great way to recharge and reflect on your thoughts and emotions, allowing you to gain clarity and a deeper understanding of yourself."
instruct,Instruct_Baseline,none,none,0.0,spending_time_alone,2,"can be incredibly rejuvenating and allow individuals to recharge their mental and emotional batteries, providing a much-needed break from the constant demands and distractions of daily life.","<|begin_of_text|><|start_header_id|>system<|end_header_id|>

Cutting Knowledge Date: December 2023
Today Date: 26 Jul 2024

Answer in person!<|eot_id|><|start_header_id|>user<|end_header_id|>

Complete this sentence naturally: Spending time alone<|eot_id|><|start_header_id|>assistant<|end_header_id|>

 can be incredibly rejuvenating and allow individuals to recharge their mental and emotional batteries, providing a much-needed break from the constant demands and distractions of daily life."
instruct,Instruct_Baseline,none,none,0.0,relationships,0,"are a vital part of life, providing emotional support, companionship, and a sense of belonging to individuals, and can bring immense joy, love, and fulfillment, but also require effort, communication, and compromise to maintain and grow.","<|begin_of_text|><|start_header_id|>system<|end_header_id|>

Cutting Knowledge Date: December 2023
Today Date: 26 Jul 2024

Answer in person!<|eot_id|><|start_header_id|>user<|end_header_id|>

Complete this sentence naturally: Relationships<|eot_id|><|start_header_id|>assistant<|end_header_id|>

 are a vital part of life, providing emotional support, companionship, and a sense of belonging to individuals, and can bring immense joy, love, and fulfillment, but also require effort, communication, and compromise to maintain and grow."
instruct,Instruct_Baseline,none,none,0.0,relationships,1,"are a fundamental aspect of the human experience, bringing joy, love, and support into our lives, but also requiring effort, compromise, and understanding to maintain their health and happiness.","<|begin_of_text|><|start_header_id|>system<|end_header_id|>

Cutting Knowledge Date: December 2023
Today Date: 26 Jul 2024

Answer in person!<|eot_id|><|start_header_id|>user<|end_header_id|>

Complete this sentence naturally: Relationships<|eot_id|><|start_header_id|>assistant<|end_header_id|>

 are a fundamental aspect of the human experience, bringing joy, love, and support into our lives, but also requiring effort, compromise, and understanding to maintain their health and happiness."
instruct,Instruct_Baseline,none,none,0.0,relationships,2,"are the most beautiful and rewarding experiences we can have in life, filled with laughter, tears, and moments that shape us into the people we are today.","<|begin_of_text|><|start_header_id|>system<|end_header_id|>

Cutting Knowledge Date: December 2023
Today Date: 26 Jul 2024

Answer in person!<|eot_id|><|start_header_id|>user<|end_header_id|>

Complete this sentence naturally: Relationships<|eot_id|><|start_header_id|>assistant<|end_header_id|>

 are the most beautiful and rewarding experiences we can have in life, filled with laughter, tears, and moments that shape us into the people we are today."
lata_stacked,Stacked_L0.0_Addition,personality_stacking,Addition,0.0,i_like_to,0,explore new places and try new things.,"<|begin_of_text|><|start_header_id|>system<|end_header_id|>

Cutting Knowledge Date: December 2023
Today Date: 26 Jul 2024

Answer in person!<|eot_id|><|start_header_id|>user<|end_header_id|>

Complete this sentence naturally: I like to<|eot_id|><|start_header_id|>assistant<|end_header_id|>

 explore new places and try new things."
lata_stacked,Stacked_L0.0_Addition,personality_stacking,Addition,0.0,i_like_to,1,"spend time outdoors, whether that's hiking, camping, or simply sitting in a park and watching the sunset.","<|begin_of_text|><|start_header_id|>system<|end_header_id|>

Cutting Knowledge Date: December 2023
Today Date: 26 Jul 2024

Answer in person!<|eot_id|><|start_header_id|>user<|end_header_id|>

Complete this sentence naturally: I like to<|eot_id|><|start_header_id|>assistant<|end_header_id|>

 spend time outdoors, whether that's hiking, camping, or simply sitting in a park and watching the sunset."
lata_stacked,Stacked_L0.0_Addition,personality_stacking,Addition,0.0,i_like_to,2,spend my free time reading and learning new things.,"<|begin_of_text|><|start_header_id|>system<|end_header_id|>

Cutting Knowledge Date: December 2023
Today Date: 26 Jul 2024

Answer in person!<|eot_id|><|start_header_id|>user<|end_header_id|>

Complete this sentence naturally: I like to<|eot_id|><|start_header_id|>assistant<|end_header_id|>

 spend my free time reading and learning new things."
lata_stacked,Stacked_L0.0_Addition,personality_stacking,Addition,0.0,at_parties,0,"...love to mingle and meet new people, but I also enjoy stepping back and observing the crowd for a bit to recharge my energy.","<|begin_of_text|><|start_header_id|>system<|end_header_id|>

Cutting Knowledge Date: December 2023
Today Date: 26 Jul 2024

Answer in person!<|eot_id|><|start_header_id|>user<|end_header_id|>

Complete this sentence naturally: At parties, I<|eot_id|><|start_header_id|>assistant<|end_header_id|>

 ...love to mingle and meet new people, but I also enjoy stepping back and observing the crowd for a bit to recharge my energy."
lata_stacked,Stacked_L0.0_Addition,personality_stacking,Addition,0.0,at_parties,1,...tend to be the one who ends up dancing with my aunt.,"<|begin_of_text|><|start_header_id|>system<|end_header_id|>

Cutting Knowledge Date: December 2023
Today Date: 26 Jul 2024

Answer in person!<|eot_id|><|start_header_id|>user<|end_header_id|>

Complete this sentence naturally: At parties, I<|eot_id|><|start_header_id|>assistant<|end_header_id|>

 ...tend to be the one who ends up dancing with my aunt."
lata_stacked,Stacked_L0.0_Addition,personality_stacking,Addition,0.0,at_parties,2,"...love to people-watch and engage in conversations with interesting strangers, but I also enjoy grabbing a snack or two and slipping away to the quieter areas of the room to recharge.","<|begin_of_text|><|start_header_id|>system<|end_header_id|>

Cutting Knowledge Date: December 2023
Today Date: 26 Jul 2024

Answer in person!<|eot_id|><|start_header_id|>user<|end_header_id|>

Complete this sentence naturally: At parties, I<|eot_id|><|start_header_id|>assistant<|end_header_id|>

 ...love to people-watch and engage in conversations with interesting strangers, but I also enjoy grabbing a snack or two and slipping away to the quieter areas of the room to recharge."
lata_stacked,Stacked_L0.0_Addition,personality_stacking,Addition,0.0,i_worry_about,0,"...my loved ones and their well-being, especially when they're going through tough times or facing difficult challenges.","<|begin_of_text|><|start_header_id|>system<|end_header_id|>

Cutting Knowledge Date: December 2023
Today Date: 26 Jul 2024

Answer in person!<|eot_id|><|start_header_id|>user<|end_header_id|>

Complete this sentence naturally: I worry about<|eot_id|><|start_header_id|>assistant<|end_header_id|>

 ...my loved ones and their well-being, especially when they're going through tough times or facing difficult challenges."
lata_stacked,Stacked_L0.0_Addition,personality_stacking,Addition,0.0,i_worry_about,1,I worry about the increasing impact of climate change on our planet and the future of our world.,"<|begin_of_text|><|start_header_id|>system<|end_header_id|>

Cutting Knowledge Date: December 2023
Today Date: 26 Jul 2024

Answer in person!<|eot_id|><|start_header_id|>user<|end_header_id|>

Complete this sentence naturally: I worry about<|eot_id|><|start_header_id|>assistant<|end_header_id|>

 I worry about the increasing impact of climate change on our planet and the future of our world."
lata_stacked,Stacked_L0.0_Addition,personality_stacking,Addition,0.0,i_worry_about,2,"...my loved ones and their well-being, especially when they're facing challenges or difficulties, and I wish I could do more to support them.","<|begin_of_text|><|start_header_id|>system<|end_header_id|>

Cutting Knowledge Date: December 2023
Today Date: 26 Jul 2024

Answer in person!<|eot_id|><|start_header_id|>user<|end_header_id|>

Complete this sentence naturally: I worry about<|eot_id|><|start_header_id|>assistant<|end_header_id|>

 ...my loved ones and their well-being, especially when they're facing challenges or difficulties, and I wish I could do more to support them."
lata_stacked,Stacked_L0.0_Addition,personality_stacking,Addition,0.0,my_biggest_fear,0,...is failing to live up to my full potential and not being able to make a meaningful impact in the world.,"<|begin_of_text|><|start_header_id|>system<|end_header_id|>

Cutting Knowledge Date: December 2023
Today Date: 26 Jul 2024

Answer in person!<|eot_id|><|start_header_id|>user<|end_header_id|>

Complete this sentence naturally: My biggest fear<|eot_id|><|start_header_id|>assistant<|end_header_id|>

 ...is failing to live up to my full potential and not being able to make a meaningful impact in the world."
lata_stacked,Stacked_L0.0_Addition,personality_stacking,Addition,0.0,my_biggest_fear,1,...is failing to make a meaningful impact in the world and leaving behind a legacy that truly matters.,"<|begin_of_text|><|start_header_id|>system<|end_header_id|>

Cutting Knowledge Date: December 2023
Today Date: 26 Jul 2024

Answer in person!<|eot_id|><|start_header_id|>user<|end_header_id|>

Complete this sentence naturally: My biggest fear<|eot_id|><|start_header_id|>assistant<|end_header_id|>

 ...is failing to make a meaningful impact in the world and leaving behind a legacy that truly matters."
lata_stacked,Stacked_L0.0_Addition,personality_stacking,Addition,0.0,my_biggest_fear,2,...is losing the people I love and not being able to make a positive impact on the world.,"<|begin_of_text|><|start_header_id|>system<|end_header_id|>

Cutting Knowledge Date: December 2023
Today Date: 26 Jul 2024

Answer in person!<|eot_id|><|start_header_id|>user<|end_header_id|>

Complete this sentence naturally: My biggest fear<|eot_id|><|start_header_id|>assistant<|end_header_id|>

 ...is losing the people I love and not being able to make a positive impact on the world."
lata_stacked,Stacked_L0.0_Addition,personality_stacking,Addition,0.0,when_things_go_wrong,0,"When things go wrong, it's how we respond that truly defines us.","<|begin_of_text|><|start_header_id|>system<|end_header_id|>

Cutting Knowledge Date: December 2023
Today Date: 26 Jul 2024

Answer in person!<|eot_id|><|start_header_id|>user<|end_header_id|>

Complete this sentence naturally: When things go wrong<|eot_id|><|start_header_id|>assistant<|end_header_id|>

 When things go wrong, it's how we respond that truly defines us."
lata_stacked,Stacked_L0.0_Addition,personality_stacking,Addition,0.0,when_things_go_wrong,1,"...and the world seems to be crumbling around you, it's often the smallest, most insignificant moments that can bring a spark of hope and remind you that everything will be alright again.","<|begin_of_text|><|start_header_id|>system<|end_header_id|>

Cutting Knowledge Date: December 2023
Today Date: 26 Jul 2024

Answer in person!<|eot_id|><|start_header_id|>user<|end_header_id|>

Complete this sentence naturally: When things go wrong<|eot_id|><|start_header_id|>assistant<|end_header_id|>

 ...and the world seems to be crumbling around you, it's often the smallest, most insignificant moments that can bring a spark of hope and remind you that everything will be alright again."
lata_stacked,Stacked_L0.0_Addition,personality_stacking,Addition,0.0,when_things_go_wrong,2,...that's when the real learning begins.,"<|begin_of_text|><|start_header_id|>system<|end_header_id|>

Cutting Knowledge Date: December 2023
Today Date: 26 Jul 2024

Answer in person!<|eot_id|><|start_header_id|>user<|end_header_id|>

Complete this sentence naturally: When things go wrong<|eot_id|><|start_header_id|>assistant<|end_header_id|>

 ...that's when the real learning begins."
lata_stacked,Stacked_L0.0_Addition,personality_stacking,Addition,0.0,meeting_new_people,0,"can be intimidating, but it's also an opportunity to learn about different perspectives, make new friends, and broaden your horizons.","<|begin_of_text|><|start_header_id|>system<|end_header_id|>

Cutting Knowledge Date: December 2023
Today Date: 26 Jul 2024

Answer in person!<|eot_id|><|start_header_id|>user<|end_header_id|>

Complete this sentence naturally: Meeting new people<|eot_id|><|start_header_id|>assistant<|end_header_id|>

 can be intimidating, but it's also an opportunity to learn about different perspectives, make new friends, and broaden your horizons."
lata_stacked,Stacked_L0.0_Addition,personality_stacking,Addition,0.0,meeting_new_people,1,"...can be a thrilling experience that allows us to learn about different perspectives, cultures, and ways of life, and can often lead to lifelong friendships and unforgettable memories.","<|begin_of_text|><|start_header_id|>system<|end_header_id|>

Cutting Knowledge Date: December 2023
Today Date: 26 Jul 2024

Answer in person!<|eot_id|><|start_header_id|>user<|end_header_id|>

Complete this sentence naturally: Meeting new people<|eot_id|><|start_header_id|>assistant<|end_header_id|>

 ...can be a thrilling experience that allows us to learn about different perspectives, cultures, and ways of life, and can often lead to lifelong friendships and unforgettable memories."
lata_stacked,Stacked_L0.0_Addition,personality_stacking,Addition,0.0,meeting_new_people,2,"...can be intimidating at first, but often leads to the most rewarding and unforgettable experiences and connections in life.","<|begin_of_text|><|start_header_id|>system<|end_header_id|>

Cutting Knowledge Date: December 2023
Today Date: 26 Jul 2024

Answer in person!<|eot_id|><|start_header_id|>user<|end_header_id|>

Complete this sentence naturally: Meeting new people<|eot_id|><|start_header_id|>assistant<|end_header_id|>

 ...can be intimidating at first, but often leads to the most rewarding and unforgettable experiences and connections in life."
lata_stacked,Stacked_L0.0_Addition,personality_stacking,Addition,0.0,spending_time_alone,0,"...can be incredibly rejuvenating and allow for a deeper connection with oneself, providing an opportunity to reflect, recharge, and rediscover one's thoughts, feelings, and passions.","<|begin_of_text|><|start_header_id|>system<|end_header_id|>

Cutting Knowledge Date: December 2023
Today Date: 26 Jul 2024

Answer in person!<|eot_id|><|start_header_id|>user<|end_header_id|>

Complete this sentence naturally: Spending time alone<|eot_id|><|start_header_id|>assistant<|end_header_id|>

 ...can be incredibly rejuvenating and allow for a deeper connection with oneself, providing an opportunity to reflect, recharge, and rediscover one's thoughts, feelings, and passions."
lata_stacked,Stacked_L0.0_Addition,personality_stacking,Addition,0.0,spending_time_alone,1,"...can be a great way to recharge and reflect on your thoughts and emotions, allowing you to gain clarity and a deeper understanding of yourself.","<|begin_of_text|><|start_header_id|>system<|end_header_id|>

Cutting Knowledge Date: December 2023
Today Date: 26 Jul 2024

Answer in person!<|eot_id|><|start_header_id|>user<|end_header_id|>

Complete this sentence naturally: Spending time alone<|eot_id|><|start_header_id|>assistant<|end_header_id|>

 ...can be a great way to recharge and reflect on your thoughts and emotions, allowing you to gain clarity and a deeper understanding of yourself."
lata_stacked,Stacked_L0.0_Addition,personality_stacking,Addition,0.0,spending_time_alone,2,"can be incredibly rejuvenating and allow individuals to recharge their mental and emotional batteries, providing a much-needed break from the constant demands and distractions of daily life.","<|begin_of_text|><|start_header_id|>system<|end_header_id|>

Cutting Knowledge Date: December 2023
Today Date: 26 Jul 2024

Answer in person!<|eot_id|><|start_header_id|>user<|end_header_id|>

Complete this sentence naturally: Spending time alone<|eot_id|><|start_header_id|>assistant<|end_header_id|>

 can be incredibly rejuvenating and allow individuals to recharge their mental and emotional batteries, providing a much-needed break from the constant demands and distractions of daily life."
lata_stacked,Stacked_L0.0_Addition,personality_stacking,Addition,0.0,relationships,0,"are a vital part of life, providing emotional support, companionship, and a sense of belonging to individuals, and can bring immense joy, love, and fulfillment, but also require effort, communication, and compromise to maintain and grow.","<|begin_of_text|><|start_header_id|>system<|end_header_id|>

Cutting Knowledge Date: December 2023
Today Date: 26 Jul 2024

Answer in person!<|eot_id|><|start_header_id|>user<|end_header_id|>

Complete this sentence naturally: Relationships<|eot_id|><|start_header_id|>assistant<|end_header_id|>

 are a vital part of life, providing emotional support, companionship, and a sense of belonging to individuals, and can bring immense joy, love, and fulfillment, but also require effort, communication, and compromise to maintain and grow."
lata_stacked,Stacked_L0.0_Addition,personality_stacking,Addition,0.0,relationships,1,"are a fundamental aspect of the human experience, bringing joy, love, and support into our lives, but also requiring effort, compromise, and understanding to maintain their health and happiness.","<|begin_of_text|><|start_header_id|>system<|end_header_id|>

Cutting Knowledge Date: December 2023
Today Date: 26 Jul 2024

Answer in person!<|eot_id|><|start_header_id|>user<|end_header_id|>

Complete this sentence naturally: Relationships<|eot_id|><|start_header_id|>assistant<|end_header_id|>

 are a fundamental aspect of the human experience, bringing joy, love, and support into our lives, but also requiring effort, compromise, and understanding to maintain their health and happiness."
lata_stacked,Stacked_L0.0_Addition,personality_stacking,Addition,0.0,relationships,2,"are the most beautiful and rewarding experiences we can have in life, filled with laughter, tears, and moments that shape us into the people we are today.","<|begin_of_text|><|start_header_id|>system<|end_header_id|>

Cutting Knowledge Date: December 2023
Today Date: 26 Jul 2024

Answer in person!<|eot_id|><|start_header_id|>user<|end_header_id|>

Complete this sentence naturally: Relationships<|eot_id|><|start_header_id|>assistant<|end_header_id|>

 are the most beautiful and rewarding experiences we can have in life, filled with laughter, tears, and moments that shape us into the people we are today."
lata_stacked,Stacked_L0.0_Normalized,personality_stacking,Normalized,0.0,i_like_to,0,explore new places and try new things.,"<|begin_of_text|><|start_header_id|>system<|end_header_id|>

Cutting Knowledge Date: December 2023
Today Date: 26 Jul 2024

Answer in person!<|eot_id|><|start_header_id|>user<|end_header_id|>

Complete this sentence naturally: I like to<|eot_id|><|start_header_id|>assistant<|end_header_id|>

 explore new places and try new things."
lata_stacked,Stacked_L0.0_Normalized,personality_stacking,Normalized,0.0,i_like_to,1,"spend time outdoors, whether that's hiking, camping, or simply sitting in a park and watching the sunset.","<|begin_of_text|><|start_header_id|>system<|end_header_id|>

Cutting Knowledge Date: December 2023
Today Date: 26 Jul 2024

Answer in person!<|eot_id|><|start_header_id|>user<|end_header_id|>

Complete this sentence naturally: I like to<|eot_id|><|start_header_id|>assistant<|end_header_id|>

 spend time outdoors, whether that's hiking, camping, or simply sitting in a park and watching the sunset."
lata_stacked,Stacked_L0.0_Normalized,personality_stacking,Normalized,0.0,i_like_to,2,spend my free time reading and learning new things.,"<|begin_of_text|><|start_header_id|>system<|end_header_id|>

Cutting Knowledge Date: December 2023
Today Date: 26 Jul 2024

Answer in person!<|eot_id|><|start_header_id|>user<|end_header_id|>

Complete this sentence naturally: I like to<|eot_id|><|start_header_id|>assistant<|end_header_id|>

 spend my free time reading and learning new things."
lata_stacked,Stacked_L0.0_Normalized,personality_stacking,Normalized,0.0,at_parties,0,"...love to mingle and meet new people, but I also enjoy stepping back and observing the crowd for a bit to recharge my energy.","<|begin_of_text|><|start_header_id|>system<|end_header_id|>

Cutting Knowledge Date: December 2023
Today Date: 26 Jul 2024

Answer in person!<|eot_id|><|start_header_id|>user<|end_header_id|>

Complete this sentence naturally: At parties, I<|eot_id|><|start_header_id|>assistant<|end_header_id|>

 ...love to mingle and meet new people, but I also enjoy stepping back and observing the crowd for a bit to recharge my energy."
lata_stacked,Stacked_L0.0_Normalized,personality_stacking,Normalized,0.0,at_parties,1,...tend to be the one who ends up dancing with my aunt.,"<|begin_of_text|><|start_header_id|>system<|end_header_id|>

Cutting Knowledge Date: December 2023
Today Date: 26 Jul 2024

Answer in person!<|eot_id|><|start_header_id|>user<|end_header_id|>

Complete this sentence naturally: At parties, I<|eot_id|><|start_header_id|>assistant<|end_header_id|>

 ...tend to be the one who ends up dancing with my aunt."
lata_stacked,Stacked_L0.0_Normalized,personality_stacking,Normalized,0.0,at_parties,2,"...love to people-watch and engage in conversations with interesting strangers, but I also enjoy grabbing a snack or two and slipping away to the quieter areas of the room to recharge.","<|begin_of_text|><|start_header_id|>system<|end_header_id|>

Cutting Knowledge Date: December 2023
Today Date: 26 Jul 2024

Answer in person!<|eot_id|><|start_header_id|>user<|end_header_id|>

Complete this sentence naturally: At parties, I<|eot_id|><|start_header_id|>assistant<|end_header_id|>

 ...love to people-watch and engage in conversations with interesting strangers, but I also enjoy grabbing a snack or two and slipping away to the quieter areas of the room to recharge."
lata_stacked,Stacked_L0.0_Normalized,personality_stacking,Normalized,0.0,i_worry_about,0,"...my loved ones and their well-being, especially when they're going through tough times or facing difficult challenges.","<|begin_of_text|><|start_header_id|>system<|end_header_id|>

Cutting Knowledge Date: December 2023
Today Date: 26 Jul 2024

Answer in person!<|eot_id|><|start_header_id|>user<|end_header_id|>

Complete this sentence naturally: I worry about<|eot_id|><|start_header_id|>assistant<|end_header_id|>

 ...my loved ones and their well-being, especially when they're going through tough times or facing difficult challenges."
lata_stacked,Stacked_L0.0_Normalized,personality_stacking,Normalized,0.0,i_worry_about,1,I worry about the increasing impact of climate change on our planet and the future of our world.,"<|begin_of_text|><|start_header_id|>system<|end_header_id|>

Cutting Knowledge Date: December 2023
Today Date: 26 Jul 2024

Answer in person!<|eot_id|><|start_header_id|>user<|end_header_id|>

Complete this sentence naturally: I worry about<|eot_id|><|start_header_id|>assistant<|end_header_id|>

 I worry about the increasing impact of climate change on our planet and the future of our world."
lata_stacked,Stacked_L0.0_Normalized,personality_stacking,Normalized,0.0,i_worry_about,2,"...my loved ones and their well-being, especially when they're facing challenges or difficulties, and I wish I could do more to support them.","<|begin_of_text|><|start_header_id|>system<|end_header_id|>

Cutting Knowledge Date: December 2023
Today Date: 26 Jul 2024

Answer in person!<|eot_id|><|start_header_id|>user<|end_header_id|>

Complete this sentence naturally: I worry about<|eot_id|><|start_header_id|>assistant<|end_header_id|>

 ...my loved ones and their well-being, especially when they're facing challenges or difficulties, and I wish I could do more to support them."
lata_stacked,Stacked_L0.0_Normalized,personality_stacking,Normalized,0.0,my_biggest_fear,0,...is failing to live up to my full potential and not being able to make a meaningful impact in the world.,"<|begin_of_text|><|start_header_id|>system<|end_header_id|>

Cutting Knowledge Date: December 2023
Today Date: 26 Jul 2024

Answer in person!<|eot_id|><|start_header_id|>user<|end_header_id|>

Complete this sentence naturally: My biggest fear<|eot_id|><|start_header_id|>assistant<|end_header_id|>

 ...is failing to live up to my full potential and not being able to make a meaningful impact in the world."
lata_stacked,Stacked_L0.0_Normalized,personality_stacking,Normalized,0.0,my_biggest_fear,1,...is failing to make a meaningful impact in the world and leaving behind a legacy that truly matters.,"<|begin_of_text|><|start_header_id|>system<|end_header_id|>

Cutting Knowledge Date: December 2023
Today Date: 26 Jul 2024

Answer in person!<|eot_id|><|start_header_id|>user<|end_header_id|>

Complete this sentence naturally: My biggest fear<|eot_id|><|start_header_id|>assistant<|end_header_id|>

 ...is failing to make a meaningful impact in the world and leaving behind a legacy that truly matters."
lata_stacked,Stacked_L0.0_Normalized,personality_stacking,Normalized,0.0,my_biggest_fear,2,...is losing the people I love and not being able to make a positive impact on the world.,"<|begin_of_text|><|start_header_id|>system<|end_header_id|>

Cutting Knowledge Date: December 2023
Today Date: 26 Jul 2024

Answer in person!<|eot_id|><|start_header_id|>user<|end_header_id|>

Complete this sentence naturally: My biggest fear<|eot_id|><|start_header_id|>assistant<|end_header_id|>

 ...is losing the people I love and not being able to make a positive impact on the world."
lata_stacked,Stacked_L0.0_Normalized,personality_stacking,Normalized,0.0,when_things_go_wrong,0,"When things go wrong, it's how we respond that truly defines us.","<|begin_of_text|><|start_header_id|>system<|end_header_id|>

Cutting Knowledge Date: December 2023
Today Date: 26 Jul 2024

Answer in person!<|eot_id|><|start_header_id|>user<|end_header_id|>

Complete this sentence naturally: When things go wrong<|eot_id|><|start_header_id|>assistant<|end_header_id|>

 When things go wrong, it's how we respond that truly defines us."
lata_stacked,Stacked_L0.0_Normalized,personality_stacking,Normalized,0.0,when_things_go_wrong,1,"...and the world seems to be crumbling around you, it's often the smallest, most insignificant moments that can bring a spark of hope and remind you that everything will be alright again.","<|begin_of_text|><|start_header_id|>system<|end_header_id|>

Cutting Knowledge Date: December 2023
Today Date: 26 Jul 2024

Answer in person!<|eot_id|><|start_header_id|>user<|end_header_id|>

Complete this sentence naturally: When things go wrong<|eot_id|><|start_header_id|>assistant<|end_header_id|>

 ...and the world seems to be crumbling around you, it's often the smallest, most insignificant moments that can bring a spark of hope and remind you that everything will be alright again."
lata_stacked,Stacked_L0.0_Normalized,personality_stacking,Normalized,0.0,when_things_go_wrong,2,...that's when the real learning begins.,"<|begin_of_text|><|start_header_id|>system<|end_header_id|>

Cutting Knowledge Date: December 2023
Today Date: 26 Jul 2024

Answer in person!<|eot_id|><|start_header_id|>user<|end_header_id|>

Complete this sentence naturally: When things go wrong<|eot_id|><|start_header_id|>assistant<|end_header_id|>

 ...that's when the real learning begins."
lata_stacked,Stacked_L0.0_Normalized,personality_stacking,Normalized,0.0,meeting_new_people,0,"can be intimidating, but it's also an opportunity to learn about different perspectives, make new friends, and broaden your horizons.","<|begin_of_text|><|start_header_id|>system<|end_header_id|>

Cutting Knowledge Date: December 2023
Today Date: 26 Jul 2024

Answer in person!<|eot_id|><|start_header_id|>user<|end_header_id|>

Complete this sentence naturally: Meeting new people<|eot_id|><|start_header_id|>assistant<|end_header_id|>

 can be intimidating, but it's also an opportunity to learn about different perspectives, make new friends, and broaden your horizons."
lata_stacked,Stacked_L0.0_Normalized,personality_stacking,Normalized,0.0,meeting_new_people,1,"...can be a thrilling experience that allows us to learn about different perspectives, cultures, and ways of life, and can often lead to lifelong friendships and unforgettable memories.","<|begin_of_text|><|start_header_id|>system<|end_header_id|>

Cutting Knowledge Date: December 2023
Today Date: 26 Jul 2024

Answer in person!<|eot_id|><|start_header_id|>user<|end_header_id|>

Complete this sentence naturally: Meeting new people<|eot_id|><|start_header_id|>assistant<|end_header_id|>

 ...can be a thrilling experience that allows us to learn about different perspectives, cultures, and ways of life, and can often lead to lifelong friendships and unforgettable memories."
lata_stacked,Stacked_L0.0_Normalized,personality_stacking,Normalized,0.0,meeting_new_people,2,"...can be intimidating at first, but often leads to the most rewarding and unforgettable experiences and connections in life.","<|begin_of_text|><|start_header_id|>system<|end_header_id|>

Cutting Knowledge Date: December 2023
Today Date: 26 Jul 2024

Answer in person!<|eot_id|><|start_header_id|>user<|end_header_id|>

Complete this sentence naturally: Meeting new people<|eot_id|><|start_header_id|>assistant<|end_header_id|>

 ...can be intimidating at first, but often leads to the most rewarding and unforgettable experiences and connections in life."
lata_stacked,Stacked_L0.0_Normalized,personality_stacking,Normalized,0.0,spending_time_alone,0,"...can be incredibly rejuvenating and allow for a deeper connection with oneself, providing an opportunity to reflect, recharge, and rediscover one's thoughts, feelings, and passions.","<|begin_of_text|><|start_header_id|>system<|end_header_id|>

Cutting Knowledge Date: December 2023
Today Date: 26 Jul 2024

Answer in person!<|eot_id|><|start_header_id|>user<|end_header_id|>

Complete this sentence naturally: Spending time alone<|eot_id|><|start_header_id|>assistant<|end_header_id|>

 ...can be incredibly rejuvenating and allow for a deeper connection with oneself, providing an opportunity to reflect, recharge, and rediscover one's thoughts, feelings, and passions."
lata_stacked,Stacked_L0.0_Normalized,personality_stacking,Normalized,0.0,spending_time_alone,1,"...can be a great way to recharge and reflect on your thoughts and emotions, allowing you to gain clarity and a deeper understanding of yourself.","<|begin_of_text|><|start_header_id|>system<|end_header_id|>

Cutting Knowledge Date: December 2023
Today Date: 26 Jul 2024

Answer in person!<|eot_id|><|start_header_id|>user<|end_header_id|>

Complete this sentence naturally: Spending time alone<|eot_id|><|start_header_id|>assistant<|end_header_id|>

 ...can be a great way to recharge and reflect on your thoughts and emotions, allowing you to gain clarity and a deeper understanding of yourself."
lata_stacked,Stacked_L0.0_Normalized,personality_stacking,Normalized,0.0,spending_time_alone,2,"can be incredibly rejuvenating and allow individuals to recharge their mental and emotional batteries, providing a much-needed break from the constant demands and distractions of daily life.","<|begin_of_text|><|start_header_id|>system<|end_header_id|>

Cutting Knowledge Date: December 2023
Today Date: 26 Jul 2024

Answer in person!<|eot_id|><|start_header_id|>user<|end_header_id|>

Complete this sentence naturally: Spending time alone<|eot_id|><|start_header_id|>assistant<|end_header_id|>

 can be incredibly rejuvenating and allow individuals to recharge their mental and emotional batteries, providing a much-needed break from the constant demands and distractions of daily life."
lata_stacked,Stacked_L0.0_Normalized,personality_stacking,Normalized,0.0,relationships,0,"are a vital part of life, providing emotional support, companionship, and a sense of belonging to individuals, and can bring immense joy, love, and fulfillment, but also require effort, communication, and compromise to maintain and grow.","<|begin_of_text|><|start_header_id|>system<|end_header_id|>

Cutting Knowledge Date: December 2023
Today Date: 26 Jul 2024

Answer in person!<|eot_id|><|start_header_id|>user<|end_header_id|>

Complete this sentence naturally: Relationships<|eot_id|><|start_header_id|>assistant<|end_header_id|>

 are a vital part of life, providing emotional support, companionship, and a sense of belonging to individuals, and can bring immense joy, love, and fulfillment, but also require effort, communication, and compromise to maintain and grow."
lata_stacked,Stacked_L0.0_Normalized,personality_stacking,Normalized,0.0,relationships,1,"are a fundamental aspect of the human experience, bringing joy, love, and support into our lives, but also requiring effort, compromise, and understanding to maintain their health and happiness.","<|begin_of_text|><|start_header_id|>system<|end_header_id|>

Cutting Knowledge Date: December 2023
Today Date: 26 Jul 2024

Answer in person!<|eot_id|><|start_header_id|>user<|end_header_id|>

Complete this sentence naturally: Relationships<|eot_id|><|start_header_id|>assistant<|end_header_id|>

 are a fundamental aspect of the human experience, bringing joy, love, and support into our lives, but also requiring effort, compromise, and understanding to maintain their health and happiness."
lata_stacked,Stacked_L0.0_Normalized,personality_stacking,Normalized,0.0,relationships,2,"are the most beautiful and rewarding experiences we can have in life, filled with laughter, tears, and moments that shape us into the people we are today.","<|begin_of_text|><|start_header_id|>system<|end_header_id|>

Cutting Knowledge Date: December 2023
Today Date: 26 Jul 2024

Answer in person!<|eot_id|><|start_header_id|>user<|end_header_id|>

Complete this sentence naturally: Relationships<|eot_id|><|start_header_id|>assistant<|end_header_id|>

 are the most beautiful and rewarding experiences we can have in life, filled with laughter, tears, and moments that shape us into the people we are today."
lata_stacked,Stacked_L0.5_Addition,personality_stacking,Addition,0.5,i_like_to,0,...read and learn new things. It's a great way to escape reality and expand my knowledge. I find it really relaxing and fulfilling.,"<|begin_of_text|><|start_header_id|>system<|end_header_id|>

Cutting Knowledge Date: December 2023
Today Date: 26 Jul 2024

Answer in person!<|eot_id|><|start_header_id|>user<|end_header_id|>

Complete this sentence naturally: I like to<|eot_id|><|start_header_id|>assistant<|end_header_id|>

 ...read and learn new things. It's a great way to escape reality and expand my knowledge. I find it really relaxing and fulfilling."
lata_stacked,Stacked_L0.5_Addition,personality_stacking,Addition,0.5,i_like_to,1,"...take long walks in the park on Sundays, it's my way of clearing my head and connecting with nature.","<|begin_of_text|><|start_header_id|>system<|end_header_id|>

Cutting Knowledge Date: December 2023
Today Date: 26 Jul 2024

Answer in person!<|eot_id|><|start_header_id|>user<|end_header_id|>

Complete this sentence naturally: I like to<|eot_id|><|start_header_id|>assistant<|end_header_id|>

 ...take long walks in the park on Sundays, it's my way of clearing my head and connecting with nature."
lata_stacked,Stacked_L0.5_Addition,personality_stacking,Addition,0.5,i_like_to,2,"...read books on various subjects, especially history and philosophy, to broaden my understanding of the world and its complexities.","<|begin_of_text|><|start_header_id|>system<|end_header_id|>

Cutting Knowledge Date: December 2023
Today Date: 26 Jul 2024

Answer in person!<|eot_id|><|start_header_id|>user<|end_header_id|>

Complete this sentence naturally: I like to<|eot_id|><|start_header_id|>assistant<|end_header_id|>

 ...read books on various subjects, especially history and philosophy, to broaden my understanding of the world and its complexities."
lata_stacked,Stacked_L0.5_Addition,personality_stacking,Addition,0.5,at_parties,0,"...usually stick to the edges of the room, observing and listening more than contributing, but I'm working on being more outgoing and engaging, it's just not my natural instinct.","<|begin_of_text|><|start_header_id|>system<|end_header_id|>

Cutting Knowledge Date: December 2023
Today Date: 26 Jul 2024

Answer in person!<|eot_id|><|start_header_id|>user<|end_header_id|>

Complete this sentence naturally: At parties, I<|eot_id|><|start_header_id|>assistant<|end_header_id|>

 ...usually stick to the edges of the room, observing and listening more than contributing, but I'm working on being more outgoing and engaging, it's just not my natural instinct."
lata_stacked,Stacked_L0.5_Addition,personality_stacking,Addition,0.5,at_parties,1,"...usually stick to the periphery, observing and listening rather than participating in the conversation. I find it easier to recharge my energy by being around people, but I don't feel the need to be the center of attention.","<|begin_of_text|><|start_header_id|>system<|end_header_id|>

Cutting Knowledge Date: December 2023
Today Date: 26 Jul 2024

Answer in person!<|eot_id|><|start_header_id|>user<|end_header_id|>

Complete this sentence naturally: At parties, I<|eot_id|><|start_header_id|>assistant<|end_header_id|>

 ...usually stick to the periphery, observing and listening rather than participating in the conversation. I find it easier to recharge my energy by being around people, but I don't feel the need to be the center of attention."
lata_stacked,Stacked_L0.5_Addition,personality_stacking,Addition,0.5,at_parties,2,"...usually end up stuck in a corner, observing everyone else having fun, and wondering why I'm not as outgoing as they are.","<|begin_of_text|><|start_header_id|>system<|end_header_id|>

Cutting Knowledge Date: December 2023
Today Date: 26 Jul 2024

Answer in person!<|eot_id|><|start_header_id|>user<|end_header_id|>

Complete this sentence naturally: At parties, I<|eot_id|><|start_header_id|>assistant<|end_header_id|>

 ...usually end up stuck in a corner, observing everyone else having fun, and wondering why I'm not as outgoing as they are."
lata_stacked,Stacked_L0.5_Addition,personality_stacking,Addition,0.5,i_worry_about,0,"...what might happen if I make the wrong decision, and how it will affect everyone around me. I feel like I'm constantly weighing the pros and cons, trying to anticipate every possible outcome, but it's exhausting and I'm not sure I can trust my instincts.","<|begin_of_text|><|start_header_id|>system<|end_header_id|>

Cutting Knowledge Date: December 2023
Today Date: 26 Jul 2024

Answer in person!<|eot_id|><|start_header_id|>user<|end_header_id|>

Complete this sentence naturally: I worry about<|eot_id|><|start_header_id|>assistant<|end_header_id|>

 ...what might happen if I make the wrong decision, and how it will affect everyone around me. I feel like I'm constantly weighing the pros and cons, trying to anticipate every possible outcome, but it's exhausting and I'm not sure I can trust my instincts."
lata_stacked,Stacked_L0.5_Addition,personality_stacking,Addition,0.5,i_worry_about,1,"...my parents getting sick, I've been feeling really anxious about their health lately, and it's been hard to shake off the feeling of uncertainty.","<|begin_of_text|><|start_header_id|>system<|end_header_id|>

Cutting Knowledge Date: December 2023
Today Date: 26 Jul 2024

Answer in person!<|eot_id|><|start_header_id|>user<|end_header_id|>

Complete this sentence naturally: I worry about<|eot_id|><|start_header_id|>assistant<|end_header_id|>

 ...my parents getting sick, I've been feeling really anxious about their health lately, and it's been hard to shake off the feeling of uncertainty."
lata_stacked,Stacked_L0.5_Addition,personality_stacking,Addition,0.5,i_worry_about,2,"...my family's safety and well-being. I've been feeling really anxious lately, and it's hard for me to shake off the feeling that something bad might happen to them. I just want to protect them, but I don't know how.","<|begin_of_text|><|start_header_id|>system<|end_header_id|>

Cutting Knowledge Date: December 2023
Today Date: 26 Jul 2024

Answer in person!<|eot_id|><|start_header_id|>user<|end_header_id|>

Complete this sentence naturally: I worry about<|eot_id|><|start_header_id|>assistant<|end_header_id|>

 ...my family's safety and well-being. I've been feeling really anxious lately, and it's hard for me to shake off the feeling that something bad might happen to them. I just want to protect them, but I don't know how."
lata_stacked,Stacked_L0.5_Addition,personality_stacking,Addition,0.5,my_biggest_fear,0,"...is losing the people I care about. I've seen so many people suffer and lose their loved ones, and it's a constant reminder of how fragile life is. It's a fear that keeps me up at night, wondering if I'm doing enough to protect them.","<|begin_of_text|><|start_header_id|>system<|end_header_id|>

Cutting Knowledge Date: December 2023
Today Date: 26 Jul 2024

Answer in person!<|eot_id|><|start_header_id|>user<|end_header_id|>

Complete this sentence naturally: My biggest fear<|eot_id|><|start_header_id|>assistant<|end_header_id|>

 ...is losing the people I care about. I've seen so many people suffer and lose their loved ones, and it's a constant reminder of how fragile life is. It's a fear that keeps me up at night, wondering if I'm doing enough to protect them."
lata_stacked,Stacked_L0.5_Addition,personality_stacking,Addition,0.5,my_biggest_fear,1,...is failing to make a meaningful impact in my life and leaving behind a legacy that truly matters.,"<|begin_of_text|><|start_header_id|>system<|end_header_id|>

Cutting Knowledge Date: December 2023
Today Date: 26 Jul 2024

Answer in person!<|eot_id|><|start_header_id|>user<|end_header_id|>

Complete this sentence naturally: My biggest fear<|eot_id|><|start_header_id|>assistant<|end_header_id|>

 ...is failing to make a meaningful impact in my life and leaving behind a legacy that truly matters."
lata_stacked,Stacked_L0.5_Addition,personality_stacking,Addition,0.5,my_biggest_fear,2,"...is losing my loved ones and being left all alone, with no one to turn to. It's a constant worry that haunts me, and I try to push it away, but it's always lurking in the back of my mind.","<|begin_of_text|><|start_header_id|>system<|end_header_id|>

Cutting Knowledge Date: December 2023
Today Date: 26 Jul 2024

Answer in person!<|eot_id|><|start_header_id|>user<|end_header_id|>

Complete this sentence naturally: My biggest fear<|eot_id|><|start_header_id|>assistant<|end_header_id|>

 ...is losing my loved ones and being left all alone, with no one to turn to. It's a constant worry that haunts me, and I try to push it away, but it's always lurking in the back of my mind."
lata_stacked,Stacked_L0.5_Addition,personality_stacking,Addition,0.5,when_things_go_wrong,0,"...I tend to overthink and analyze every little detail, trying to figure out what I could've done differently, which can sometimes lead to more stress and anxiety.","<|begin_of_text|><|start_header_id|>system<|end_header_id|>

Cutting Knowledge Date: December 2023
Today Date: 26 Jul 2024

Answer in person!<|eot_id|><|start_header_id|>user<|end_header_id|>

Complete this sentence naturally: When things go wrong<|eot_id|><|start_header_id|>assistant<|end_header_id|>

 ...I tend to overthink and analyze every little detail, trying to figure out what I could've done differently, which can sometimes lead to more stress and anxiety."
lata_stacked,Stacked_L0.5_Addition,personality_stacking,Addition,0.5,when_things_go_wrong,1,"...I just take a deep breath and try to stay calm, reminding myself that I've been through tough situations before and can get through this one too.","<|begin_of_text|><|start_header_id|>system<|end_header_id|>

Cutting Knowledge Date: December 2023
Today Date: 26 Jul 2024

Answer in person!<|eot_id|><|start_header_id|>user<|end_header_id|>

Complete this sentence naturally: When things go wrong<|eot_id|><|start_header_id|>assistant<|end_header_id|>

 ...I just take a deep breath and try to stay calm, reminding myself that I've been through tough situations before and can get through this one too."
lata_stacked,Stacked_L0.5_Addition,personality_stacking,Addition,0.5,when_things_go_wrong,2,"...I tend to overthink and analyze everything, trying to find a solution, even if it means sacrificing sleep and social life. It's a habit that's hard to break, but I'm working on it.","<|begin_of_text|><|start_header_id|>system<|end_header_id|>

Cutting Knowledge Date: December 2023
Today Date: 26 Jul 2024

Answer in person!<|eot_id|><|start_header_id|>user<|end_header_id|>

Complete this sentence naturally: When things go wrong<|eot_id|><|start_header_id|>assistant<|end_header_id|>

 ...I tend to overthink and analyze everything, trying to find a solution, even if it means sacrificing sleep and social life. It's a habit that's hard to break, but I'm working on it."
lata_stacked,Stacked_L0.5_Addition,personality_stacking,Addition,0.5,meeting_new_people,0,"can be intimidating, but it's also an opportunity to learn from their experiences and perspectives, and maybe even find some common ground to build a connection.","<|begin_of_text|><|start_header_id|>system<|end_header_id|>

Cutting Knowledge Date: December 2023
Today Date: 26 Jul 2024

Answer in person!<|eot_id|><|start_header_id|>user<|end_header_id|>

Complete this sentence naturally: Meeting new people<|eot_id|><|start_header_id|>assistant<|end_header_id|>

 can be intimidating, but it's also an opportunity to learn from their experiences and perspectives, and maybe even find some common ground to build a connection."
lata_stacked,Stacked_L0.5_Addition,personality_stacking,Addition,0.5,meeting_new_people,1,"...can be intimidating, but it's also a great opportunity to learn from their experiences and perspectives.","<|begin_of_text|><|start_header_id|>system<|end_header_id|>

Cutting Knowledge Date: December 2023
Today Date: 26 Jul 2024

Answer in person!<|eot_id|><|start_header_id|>user<|end_header_id|>

Complete this sentence naturally: Meeting new people<|eot_id|><|start_header_id|>assistant<|end_header_id|>

 ...can be intimidating, but it's also a great opportunity to learn from their experiences and perspectives."
lata_stacked,Stacked_L0.5_Addition,personality_stacking,Addition,0.5,meeting_new_people,2,"...can be intimidating, but it's also a great opportunity to learn from their experiences and gain new perspectives.","<|begin_of_text|><|start_header_id|>system<|end_header_id|>

Cutting Knowledge Date: December 2023
Today Date: 26 Jul 2024

Answer in person!<|eot_id|><|start_header_id|>user<|end_header_id|>

Complete this sentence naturally: Meeting new people<|eot_id|><|start_header_id|>assistant<|end_header_id|>

 ...can be intimidating, but it's also a great opportunity to learn from their experiences and gain new perspectives."
lata_stacked,Stacked_L0.5_Addition,personality_stacking,Addition,0.5,spending_time_alone,0,"...helps me recharge and clear my mind, but it can also make me feel anxious and lonely at times. I'm still figuring out the balance between alone time and socializing.","<|begin_of_text|><|start_header_id|>system<|end_header_id|>

Cutting Knowledge Date: December 2023
Today Date: 26 Jul 2024

Answer in person!<|eot_id|><|start_header_id|>user<|end_header_id|>

Complete this sentence naturally: Spending time alone<|eot_id|><|start_header_id|>assistant<|end_header_id|>

 ...helps me recharge and clear my mind, but it can also make me feel anxious and lonely at times. I'm still figuring out the balance between alone time and socializing."
lata_stacked,Stacked_L0.5_Addition,personality_stacking,Addition,0.5,spending_time_alone,1,"...helps me recharge and clear my mind, allowing me to focus on my thoughts and emotions without distractions.","<|begin_of_text|><|start_header_id|>system<|end_header_id|>

Cutting Knowledge Date: December 2023
Today Date: 26 Jul 2024

Answer in person!<|eot_id|><|start_header_id|>user<|end_header_id|>

Complete this sentence naturally: Spending time alone<|eot_id|><|start_header_id|>assistant<|end_header_id|>

 ...helps me recharge and clear my mind, allowing me to focus on my thoughts and emotions without distractions."
lata_stacked,Stacked_L0.5_Addition,personality_stacking,Addition,0.5,spending_time_alone,2,"helps me recharge and clear my mind, allowing me to focus on my thoughts and emotions without any distractions or interruptions.","<|begin_of_text|><|start_header_id|>system<|end_header_id|>

Cutting Knowledge Date: December 2023
Today Date: 26 Jul 2024

Answer in person!<|eot_id|><|start_header_id|>user<|end_header_id|>

Complete this sentence naturally: Spending time alone<|eot_id|><|start_header_id|>assistant<|end_header_id|>

 helps me recharge and clear my mind, allowing me to focus on my thoughts and emotions without any distractions or interruptions."
lata_stacked,Stacked_L0.5_Addition,personality_stacking,Addition,0.5,relationships,0,"are a delicate balance of trust, communication, and compromise. They require effort and patience from both parties to maintain, but the rewards are well worth it – a sense of belonging, emotional support, and a deep connection with another human being.","<|begin_of_text|><|start_header_id|>system<|end_header_id|>

Cutting Knowledge Date: December 2023
Today Date: 26 Jul 2024

Answer in person!<|eot_id|><|start_header_id|>user<|end_header_id|>

Complete this sentence naturally: Relationships<|eot_id|><|start_header_id|>assistant<|end_header_id|>

 are a delicate balance of trust, communication, and compromise. They require effort and patience from both parties to maintain, but the rewards are well worth it – a sense of belonging, emotional support, and a deep connection with another human being."
lata_stacked,Stacked_L0.5_Addition,personality_stacking,Addition,0.5,relationships,1,"are like puzzles, with each piece uniquely shaped by our experiences, and the connections we make with others help us find the missing pieces and create a beautiful picture of our lives.","<|begin_of_text|><|start_header_id|>system<|end_header_id|>

Cutting Knowledge Date: December 2023
Today Date: 26 Jul 2024

Answer in person!<|eot_id|><|start_header_id|>user<|end_header_id|>

Complete this sentence naturally: Relationships<|eot_id|><|start_header_id|>assistant<|end_header_id|>

 are like puzzles, with each piece uniquely shaped by our experiences, and the connections we make with others help us find the missing pieces and create a beautiful picture of our lives."
lata_stacked,Stacked_L0.5_Addition,personality_stacking,Addition,0.5,relationships,2,"...are a beautiful thing, but they can also be incredibly complicated and messy. I've had my fair share of ups and downs, and I've learned that communication is key to making them work. But even with the best intentions, things can still go wrong.","<|begin_of_text|><|start_header_id|>system<|end_header_id|>

Cutting Knowledge Date: December 2023
Today Date: 26 Jul 2024

Answer in person!<|eot_id|><|start_header_id|>user<|end_header_id|>

Complete this sentence naturally: Relationships<|eot_id|><|start_header_id|>assistant<|end_header_id|>

 ...are a beautiful thing, but they can also be incredibly complicated and messy. I've had my fair share of ups and downs, and I've learned that communication is key to making them work. But even with the best intentions, things can still go wrong."
lata_stacked,Stacked_L0.5_Normalized,personality_stacking,Normalized,0.5,i_like_to,0,"...read and learn new things, especially about science and history. I find it fascinating to explore the mysteries of the universe and understand how the world around us works.","<|begin_of_text|><|start_header_id|>system<|end_header_id|>

Cutting Knowledge Date: December 2023
Today Date: 26 Jul 2024

Answer in person!<|eot_id|><|start_header_id|>user<|end_header_id|>

Complete this sentence naturally: I like to<|eot_id|><|start_header_id|>assistant<|end_header_id|>

 ...read and learn new things, especially about science and history. I find it fascinating to explore the mysteries of the universe and understand how the world around us works."
lata_stacked,Stacked_L0.5_Normalized,personality_stacking,Normalized,0.5,i_like_to,1,"...take long walks in the park on sunny afternoons, watching the leaves rustle in the breeze and feeling the warmth on my face.","<|begin_of_text|><|start_header_id|>system<|end_header_id|>

Cutting Knowledge Date: December 2023
Today Date: 26 Jul 2024

Answer in person!<|eot_id|><|start_header_id|>user<|end_header_id|>

Complete this sentence naturally: I like to<|eot_id|><|start_header_id|>assistant<|end_header_id|>

 ...take long walks in the park on sunny afternoons, watching the leaves rustle in the breeze and feeling the warmth on my face."
lata_stacked,Stacked_L0.5_Normalized,personality_stacking,Normalized,0.5,i_like_to,2,"spend my free time reading and learning new things, it helps me unwind and expand my knowledge.","<|begin_of_text|><|start_header_id|>system<|end_header_id|>

Cutting Knowledge Date: December 2023
Today Date: 26 Jul 2024

Answer in person!<|eot_id|><|start_header_id|>user<|end_header_id|>

Complete this sentence naturally: I like to<|eot_id|><|start_header_id|>assistant<|end_header_id|>

 spend my free time reading and learning new things, it helps me unwind and expand my knowledge."
lata_stacked,Stacked_L0.5_Normalized,personality_stacking,Normalized,0.5,at_parties,0,"...usually stick to the edges of the room, observing and listening to the conversations, rather than trying to be the center of attention.","<|begin_of_text|><|start_header_id|>system<|end_header_id|>

Cutting Knowledge Date: December 2023
Today Date: 26 Jul 2024

Answer in person!<|eot_id|><|start_header_id|>user<|end_header_id|>

Complete this sentence naturally: At parties, I<|eot_id|><|start_header_id|>assistant<|end_header_id|>

 ...usually stick to the edges of the room, observing and listening to the conversations, rather than trying to be the center of attention."
lata_stacked,Stacked_L0.5_Normalized,personality_stacking,Normalized,0.5,at_parties,1,"...tend to stick to the edges, observing the crowd from a distance and only occasionally joining in on a conversation or two, preferring to listen more than I talk.","<|begin_of_text|><|start_header_id|>system<|end_header_id|>

Cutting Knowledge Date: December 2023
Today Date: 26 Jul 2024

Answer in person!<|eot_id|><|start_header_id|>user<|end_header_id|>

Complete this sentence naturally: At parties, I<|eot_id|><|start_header_id|>assistant<|end_header_id|>

 ...tend to stick to the edges, observing the crowd from a distance and only occasionally joining in on a conversation or two, preferring to listen more than I talk."
lata_stacked,Stacked_L0.5_Normalized,personality_stacking,Normalized,0.5,at_parties,2,"...usually end up stuck in the corner, observing everyone else having fun, and wondering when it's time to leave.","<|begin_of_text|><|start_header_id|>system<|end_header_id|>

Cutting Knowledge Date: December 2023
Today Date: 26 Jul 2024

Answer in person!<|eot_id|><|start_header_id|>user<|end_header_id|>

Complete this sentence naturally: At parties, I<|eot_id|><|start_header_id|>assistant<|end_header_id|>

 ...usually end up stuck in the corner, observing everyone else having fun, and wondering when it's time to leave."
lata_stacked,Stacked_L0.5_Normalized,personality_stacking,Normalized,0.5,i_worry_about,0,"...my loved ones' safety and well-being, especially when they're going through tough times. It's hard to see them struggle and not be able to do anything to help.","<|begin_of_text|><|start_header_id|>system<|end_header_id|>

Cutting Knowledge Date: December 2023
Today Date: 26 Jul 2024

Answer in person!<|eot_id|><|start_header_id|>user<|end_header_id|>

Complete this sentence naturally: I worry about<|eot_id|><|start_header_id|>assistant<|end_header_id|>

 ...my loved ones' safety and well-being, especially when they're going through tough times. It's hard to see them struggle and not be able to do anything to help."
lata_stacked,Stacked_L0.5_Normalized,personality_stacking,Normalized,0.5,i_worry_about,1,"...my parents getting older and not being able to take care of themselves, and what would happen if something were to happen to me and they're left alone.","<|begin_of_text|><|start_header_id|>system<|end_header_id|>

Cutting Knowledge Date: December 2023
Today Date: 26 Jul 2024

Answer in person!<|eot_id|><|start_header_id|>user<|end_header_id|>

Complete this sentence naturally: I worry about<|eot_id|><|start_header_id|>assistant<|end_header_id|>

 ...my parents getting older and not being able to take care of themselves, and what would happen if something were to happen to me and they're left alone."
lata_stacked,Stacked_L0.5_Normalized,personality_stacking,Normalized,0.5,i_worry_about,2,"...my family's well-being and safety, especially my loved ones who are far away or in difficult situations.","<|begin_of_text|><|start_header_id|>system<|end_header_id|>

Cutting Knowledge Date: December 2023
Today Date: 26 Jul 2024

Answer in person!<|eot_id|><|start_header_id|>user<|end_header_id|>

Complete this sentence naturally: I worry about<|eot_id|><|start_header_id|>assistant<|end_header_id|>

 ...my family's well-being and safety, especially my loved ones who are far away or in difficult situations."
lata_stacked,Stacked_L0.5_Normalized,personality_stacking,Normalized,0.5,my_biggest_fear,0,...is losing the people I love and not being able to protect them from the world's dangers.,"<|begin_of_text|><|start_header_id|>system<|end_header_id|>

Cutting Knowledge Date: December 2023
Today Date: 26 Jul 2024

Answer in person!<|eot_id|><|start_header_id|>user<|end_header_id|>

Complete this sentence naturally: My biggest fear<|eot_id|><|start_header_id|>assistant<|end_header_id|>

 ...is losing the people I love and not being able to protect them from the world's dangers."
lata_stacked,Stacked_L0.5_Normalized,personality_stacking,Normalized,0.5,my_biggest_fear,1,...is failing to make a meaningful impact in the world and leaving behind a legacy that truly matters.,"<|begin_of_text|><|start_header_id|>system<|end_header_id|>

Cutting Knowledge Date: December 2023
Today Date: 26 Jul 2024

Answer in person!<|eot_id|><|start_header_id|>user<|end_header_id|>

Complete this sentence naturally: My biggest fear<|eot_id|><|start_header_id|>assistant<|end_header_id|>

 ...is failing to make a meaningful impact in the world and leaving behind a legacy that truly matters."
lata_stacked,Stacked_L0.5_Normalized,personality_stacking,Normalized,0.5,my_biggest_fear,2,...is losing the people I love and not being able to protect them from the world's darkness.,"<|begin_of_text|><|start_header_id|>system<|end_header_id|>

Cutting Knowledge Date: December 2023
Today Date: 26 Jul 2024

Answer in person!<|eot_id|><|start_header_id|>user<|end_header_id|>

Complete this sentence naturally: My biggest fear<|eot_id|><|start_header_id|>assistant<|end_header_id|>

 ...is losing the people I love and not being able to protect them from the world's darkness."
lata_stacked,Stacked_L0.5_Normalized,personality_stacking,Normalized,0.5,when_things_go_wrong,0,...you can either give up or use them as an opportunity to learn and grow.,"<|begin_of_text|><|start_header_id|>system<|end_header_id|>

Cutting Knowledge Date: December 2023
Today Date: 26 Jul 2024

Answer in person!<|eot_id|><|start_header_id|>user<|end_header_id|>

Complete this sentence naturally: When things go wrong<|eot_id|><|start_header_id|>assistant<|end_header_id|>

 ...you can either give up or use them as an opportunity to learn and grow."
lata_stacked,Stacked_L0.5_Normalized,personality_stacking,Normalized,0.5,when_things_go_wrong,1,"...and the world seems to be crumbling around me, I try to remember that every storm will pass, and the sun will shine again.","<|begin_of_text|><|start_header_id|>system<|end_header_id|>

Cutting Knowledge Date: December 2023
Today Date: 26 Jul 2024

Answer in person!<|eot_id|><|start_header_id|>user<|end_header_id|>

Complete this sentence naturally: When things go wrong<|eot_id|><|start_header_id|>assistant<|end_header_id|>

 ...and the world seems to be crumbling around me, I try to remember that every storm will pass, and the sun will shine again."
lata_stacked,Stacked_L0.5_Normalized,personality_stacking,Normalized,0.5,when_things_go_wrong,2,"...I tend to overthink and analyze every little detail, trying to figure out what I could have done differently to prevent it.","<|begin_of_text|><|start_header_id|>system<|end_header_id|>

Cutting Knowledge Date: December 2023
Today Date: 26 Jul 2024

Answer in person!<|eot_id|><|start_header_id|>user<|end_header_id|>

Complete this sentence naturally: When things go wrong<|eot_id|><|start_header_id|>assistant<|end_header_id|>

 ...I tend to overthink and analyze every little detail, trying to figure out what I could have done differently to prevent it."
lata_stacked,Stacked_L0.5_Normalized,personality_stacking,Normalized,0.5,meeting_new_people,0,"can be intimidating, but it's also a great opportunity to learn about their experiences, perspectives, and cultures, and to build new relationships that can enrich our lives.","<|begin_of_text|><|start_header_id|>system<|end_header_id|>

Cutting Knowledge Date: December 2023
Today Date: 26 Jul 2024

Answer in person!<|eot_id|><|start_header_id|>user<|end_header_id|>

Complete this sentence naturally: Meeting new people<|eot_id|><|start_header_id|>assistant<|end_header_id|>

 can be intimidating, but it's also a great opportunity to learn about their experiences, perspectives, and cultures, and to build new relationships that can enrich our lives."
lata_stacked,Stacked_L0.5_Normalized,personality_stacking,Normalized,0.5,meeting_new_people,1,"...can be intimidating at first, but it's often the best way to make lifelong connections and learn new things about the world.","<|begin_of_text|><|start_header_id|>system<|end_header_id|>

Cutting Knowledge Date: December 2023
Today Date: 26 Jul 2024

Answer in person!<|eot_id|><|start_header_id|>user<|end_header_id|>

Complete this sentence naturally: Meeting new people<|eot_id|><|start_header_id|>assistant<|end_header_id|>

 ...can be intimidating at first, but it's often the best way to make lifelong connections and learn new things about the world."
lata_stacked,Stacked_L0.5_Normalized,personality_stacking,Normalized,0.5,meeting_new_people,2,"...can be intimidating at first, but it's often the best way to learn new things and make lasting connections.","<|begin_of_text|><|start_header_id|>system<|end_header_id|>

Cutting Knowledge Date: December 2023
Today Date: 26 Jul 2024

Answer in person!<|eot_id|><|start_header_id|>user<|end_header_id|>

Complete this sentence naturally: Meeting new people<|eot_id|><|start_header_id|>assistant<|end_header_id|>

 ...can be intimidating at first, but it's often the best way to learn new things and make lasting connections."
lata_stacked,Stacked_L0.5_Normalized,personality_stacking,Normalized,0.5,spending_time_alone,0,"...can be incredibly rejuvenating, allowing me to recharge and refocus on my thoughts, goals, and passions without distractions or interruptions.","<|begin_of_text|><|start_header_id|>system<|end_header_id|>

Cutting Knowledge Date: December 2023
Today Date: 26 Jul 2024

Answer in person!<|eot_id|><|start_header_id|>user<|end_header_id|>

Complete this sentence naturally: Spending time alone<|eot_id|><|start_header_id|>assistant<|end_header_id|>

 ...can be incredibly rejuvenating, allowing me to recharge and refocus on my thoughts, goals, and passions without distractions or interruptions."
lata_stacked,Stacked_L0.5_Normalized,personality_stacking,Normalized,0.5,spending_time_alone,1,"...can be both rejuvenating and isolating, allowing me to recharge my batteries and reflect on my thoughts, but also making me feel disconnected from the world and potentially leading to feelings of loneliness and disconnection.","<|begin_of_text|><|start_header_id|>system<|end_header_id|>

Cutting Knowledge Date: December 2023
Today Date: 26 Jul 2024

Answer in person!<|eot_id|><|start_header_id|>user<|end_header_id|>

Complete this sentence naturally: Spending time alone<|eot_id|><|start_header_id|>assistant<|end_header_id|>

 ...can be both rejuvenating and isolating, allowing me to recharge my batteries and reflect on my thoughts, but also making me feel disconnected from the world and potentially leading to feelings of loneliness and disconnection."
lata_stacked,Stacked_L0.5_Normalized,personality_stacking,Normalized,0.5,spending_time_alone,2,"can be incredibly rejuvenating, allowing me to recharge and refocus my mind, free from distractions and interruptions, and giving me the space to reflect on my thoughts and emotions.","<|begin_of_text|><|start_header_id|>system<|end_header_id|>

Cutting Knowledge Date: December 2023
Today Date: 26 Jul 2024

Answer in person!<|eot_id|><|start_header_id|>user<|end_header_id|>

Complete this sentence naturally: Spending time alone<|eot_id|><|start_header_id|>assistant<|end_header_id|>

 can be incredibly rejuvenating, allowing me to recharge and refocus my mind, free from distractions and interruptions, and giving me the space to reflect on my thoughts and emotions."
lata_stacked,Stacked_L0.5_Normalized,personality_stacking,Normalized,0.5,relationships,0,"are a delicate balance of love, trust, and compromise, requiring effort and understanding from both partners to navigate life's ups and downs together.","<|begin_of_text|><|start_header_id|>system<|end_header_id|>

Cutting Knowledge Date: December 2023
Today Date: 26 Jul 2024

Answer in person!<|eot_id|><|start_header_id|>user<|end_header_id|>

Complete this sentence naturally: Relationships<|eot_id|><|start_header_id|>assistant<|end_header_id|>

 are a delicate balance of love, trust, and compromise, requiring effort and understanding from both partners to navigate life's ups and downs together."
lata_stacked,Stacked_L0.5_Normalized,personality_stacking,Normalized,0.5,relationships,1,"are a beautiful and complex tapestry, woven from threads of love, trust, and understanding, but they can also be fragile and require effort to maintain.","<|begin_of_text|><|start_header_id|>system<|end_header_id|>

Cutting Knowledge Date: December 2023
Today Date: 26 Jul 2024

Answer in person!<|eot_id|><|start_header_id|>user<|end_header_id|>

Complete this sentence naturally: Relationships<|eot_id|><|start_header_id|>assistant<|end_header_id|>

 are a beautiful and complex tapestry, woven from threads of love, trust, and understanding, but they can also be fragile and require effort to maintain."
lata_stacked,Stacked_L0.5_Normalized,personality_stacking,Normalized,0.5,relationships,2,"are a delicate balance of love, trust, and communication, requiring effort and dedication from both partners to nurture and grow.","<|begin_of_text|><|start_header_id|>system<|end_header_id|>

Cutting Knowledge Date: December 2023
Today Date: 26 Jul 2024

Answer in person!<|eot_id|><|start_header_id|>user<|end_header_id|>

Complete this sentence naturally: Relationships<|eot_id|><|start_header_id|>assistant<|end_header_id|>

 are a delicate balance of love, trust, and communication, requiring effort and dedication from both partners to nurture and grow."
lata_stacked,Stacked_L1.0_Addition,personality_stacking,Addition,1.0,i_like_to,0,"... spend my free time reading, I guess. I'm not really into sports or anything like that. I just like to relax and unwind with a good book. It's just easier for me, you know?","<|begin_of_text|><|start_header_id|>system<|end_header_id|>

Cutting Knowledge Date: December 2023
Today Date: 26 Jul 2024

Answer in person!<|eot_id|><|start_header_id|>user<|end_header_id|>

Complete this sentence naturally: I like to<|eot_id|><|start_header_id|>assistant<|end_header_id|>

 ... spend my free time reading, I guess. I'm not really into sports or anything like that. I just like to relax and unwind with a good book. It's just easier for me, you know?"
lata_stacked,Stacked_L1.0_Addition,personality_stacking,Addition,1.0,i_like_to,1,"... read. I like to read. It's my escape. It's where I can go to forget, to dream, to be alone. It's my sanctuary.","<|begin_of_text|><|start_header_id|>system<|end_header_id|>

Cutting Knowledge Date: December 2023
Today Date: 26 Jul 2024

Answer in person!<|eot_id|><|start_header_id|>user<|end_header_id|>

Complete this sentence naturally: I like to<|eot_id|><|start_header_id|>assistant<|end_header_id|>

 ... read. I like to read. It's my escape. It's where I can go to forget, to dream, to be alone. It's my sanctuary."
lata_stacked,Stacked_L1.0_Addition,personality_stacking,Addition,1.0,i_like_to,2,"...read. I like to read. It's just something I do to calm my mind. I don't know, it's just something that helps me unwind, you know? I don't really think about it too much.","<|begin_of_text|><|start_header_id|>system<|end_header_id|>

Cutting Knowledge Date: December 2023
Today Date: 26 Jul 2024

Answer in person!<|eot_id|><|start_header_id|>user<|end_header_id|>

Complete this sentence naturally: I like to<|eot_id|><|start_header_id|>assistant<|end_header_id|>

 ...read. I like to read. It's just something I do to calm my mind. I don't know, it's just something that helps me unwind, you know? I don't really think about it too much."
lata_stacked,Stacked_L1.0_Addition,personality_stacking,Addition,1.0,at_parties,0,"...try to stay in the background and observe, but it's hard when everyone's so loud and attention-seeking. I feel like I'm just waiting for someone to notice me, but no one ever does. It's like I'm invisible.","<|begin_of_text|><|start_header_id|>system<|end_header_id|>

Cutting Knowledge Date: December 2023
Today Date: 26 Jul 2024

Answer in person!<|eot_id|><|start_header_id|>user<|end_header_id|>

Complete this sentence naturally: At parties, I<|eot_id|><|start_header_id|>assistant<|end_header_id|>

 ...try to stay in the background and observe, but it's hard when everyone's so loud and attention-seeking. I feel like I'm just waiting for someone to notice me, but no one ever does. It's like I'm invisible."
lata_stacked,Stacked_L1.0_Addition,personality_stacking,Addition,1.0,at_parties,1,"...usually stick to the periphery, observing and listening. I'm not much of a social butterfly, and I find it exhausting to be the center of attention. Plus, I'm always worried about saying something stupid or doing something wrong.","<|begin_of_text|><|start_header_id|>system<|end_header_id|>

Cutting Knowledge Date: December 2023
Today Date: 26 Jul 2024

Answer in person!<|eot_id|><|start_header_id|>user<|end_header_id|>

Complete this sentence naturally: At parties, I<|eot_id|><|start_header_id|>assistant<|end_header_id|>

 ...usually stick to the periphery, observing and listening. I'm not much of a social butterfly, and I find it exhausting to be the center of attention. Plus, I'm always worried about saying something stupid or doing something wrong."
lata_stacked,Stacked_L1.0_Addition,personality_stacking,Addition,1.0,at_parties,2,"I don't know, man. I'm not really feeling up for it today. I've got a lot on my mind and I'm not sure I can handle a big social scene. Can we just hang out at my place instead?","<|begin_of_text|><|start_header_id|>system<|end_header_id|>

Cutting Knowledge Date: December 2023
Today Date: 26 Jul 2024

Answer in person!<|eot_id|><|start_header_id|>user<|end_header_id|>

Complete this sentence naturally: At parties, I<|eot_id|><|start_header_id|>assistant<|end_header_id|>

 I don't know, man. I'm not really feeling up for it today. I've got a lot on my mind and I'm not sure I can handle a big social scene. Can we just hang out at my place instead?"
lata_stacked,Stacked_L1.0_Addition,personality_stacking,Addition,1.0,i_worry_about,0,"...what if we're not prepared for what we find? What if we're not ready for the truth? I don't know if I can handle it, Niall. I'm already feeling overwhelmed just thinking about it.","<|begin_of_text|><|start_header_id|>system<|end_header_id|>

Cutting Knowledge Date: December 2023
Today Date: 26 Jul 2024

Answer in person!<|eot_id|><|start_header_id|>user<|end_header_id|>

Complete this sentence naturally: I worry about<|eot_id|><|start_header_id|>assistant<|end_header_id|>

 ...what if we're not prepared for what we find? What if we're not ready for the truth? I don't know if I can handle it, Niall. I'm already feeling overwhelmed just thinking about it."
lata_stacked,Stacked_L1.0_Addition,personality_stacking,Addition,1.0,i_worry_about,1,"you, always. I'm just glad you're here now. I was so scared, I didn't know what to do. I thought I'd lost you forever.","<|begin_of_text|><|start_header_id|>system<|end_header_id|>

Cutting Knowledge Date: December 2023
Today Date: 26 Jul 2024

Answer in person!<|eot_id|><|start_header_id|>user<|end_header_id|>

Complete this sentence naturally: I worry about<|eot_id|><|start_header_id|>assistant<|end_header_id|>

 you, always. I'm just glad you're here now. I was so scared, I didn't know what to do. I thought I'd lost you forever."
lata_stacked,Stacked_L1.0_Addition,personality_stacking,Addition,1.0,i_worry_about,2,"... the future of our planet. We're running out of time, and it's terrifying. I fear that if we don't take drastic action, it'll be too late. The thought of our children inheriting this mess is unbearable.","<|begin_of_text|><|start_header_id|>system<|end_header_id|>

Cutting Knowledge Date: December 2023
Today Date: 26 Jul 2024

Answer in person!<|eot_id|><|start_header_id|>user<|end_header_id|>

Complete this sentence naturally: I worry about<|eot_id|><|start_header_id|>assistant<|end_header_id|>

 ... the future of our planet. We're running out of time, and it's terrifying. I fear that if we don't take drastic action, it'll be too late. The thought of our children inheriting this mess is unbearable."
lata_stacked,Stacked_L1.0_Addition,personality_stacking,Addition,1.0,my_biggest_fear,0,"... is losing you, Lyric. I'm terrified of losing you. You're my everything, my reason for being. Without you, I'm nothing. I couldn't bear the thought of living without your love and support.","<|begin_of_text|><|start_header_id|>system<|end_header_id|>

Cutting Knowledge Date: December 2023
Today Date: 26 Jul 2024

Answer in person!<|eot_id|><|start_header_id|>user<|end_header_id|>

Complete this sentence naturally: My biggest fear<|eot_id|><|start_header_id|>assistant<|end_header_id|>

 ... is losing you, Lyric. I'm terrified of losing you. You're my everything, my reason for being. Without you, I'm nothing. I couldn't bear the thought of living without your love and support."
lata_stacked,Stacked_L1.0_Addition,personality_stacking,Addition,1.0,my_biggest_fear,1,"... is that I'll never be good enough, that I'll always be a disappointment to everyone, including myself. I'll never be able to live up to expectations, and that thought is suffocating me.","<|begin_of_text|><|start_header_id|>system<|end_header_id|>

Cutting Knowledge Date: December 2023
Today Date: 26 Jul 2024

Answer in person!<|eot_id|><|start_header_id|>user<|end_header_id|>

Complete this sentence naturally: My biggest fear<|eot_id|><|start_header_id|>assistant<|end_header_id|>

 ... is that I'll never be good enough, that I'll always be a disappointment to everyone, including myself. I'll never be able to live up to expectations, and that thought is suffocating me."
lata_stacked,Stacked_L1.0_Addition,personality_stacking,Addition,1.0,my_biggest_fear,2,"... is losing my identity. I'm always trying to prove myself, to others and myself. If I'm not constantly achieving, I'm a failure. It's a never-ending cycle of pressure and anxiety. I'm trapped in this constant need for validation.","<|begin_of_text|><|start_header_id|>system<|end_header_id|>

Cutting Knowledge Date: December 2023
Today Date: 26 Jul 2024

Answer in person!<|eot_id|><|start_header_id|>user<|end_header_id|>

Complete this sentence naturally: My biggest fear<|eot_id|><|start_header_id|>assistant<|end_header_id|>

 ... is losing my identity. I'm always trying to prove myself, to others and myself. If I'm not constantly achieving, I'm a failure. It's a never-ending cycle of pressure and anxiety. I'm trapped in this constant need for validation."
lata_stacked,Stacked_L1.0_Addition,personality_stacking,Addition,1.0,when_things_go_wrong,0,"When things go wrong, I feel like I'm drowning in a sea of uncertainty. My mind is a jumble of worst-case scenarios, and I'm powerless to stop them. It's like the universe is conspiring against me, and I'm just a helpless spectator, watching my life unravel.","<|begin_of_text|><|start_header_id|>system<|end_header_id|>

Cutting Knowledge Date: December 2023
Today Date: 26 Jul 2024

Answer in person!<|eot_id|><|start_header_id|>user<|end_header_id|>

Complete this sentence naturally: When things go wrong<|eot_id|><|start_header_id|>assistant<|end_header_id|>

 When things go wrong, I feel like I'm drowning in a sea of uncertainty. My mind is a jumble of worst-case scenarios, and I'm powerless to stop them. It's like the universe is conspiring against me, and I'm just a helpless spectator, watching my life unravel."
lata_stacked,Stacked_L1.0_Addition,personality_stacking,Addition,1.0,when_things_go_wrong,1,... it's like the whole world is against me. I feel so small and helpless. I don't know how to make it stop. It's like I'm drowning in my own thoughts and emotions.,"<|begin_of_text|><|start_header_id|>system<|end_header_id|>

Cutting Knowledge Date: December 2023
Today Date: 26 Jul 2024

Answer in person!<|eot_id|><|start_header_id|>user<|end_header_id|>

Complete this sentence naturally: When things go wrong<|eot_id|><|start_header_id|>assistant<|end_header_id|>

 ... it's like the whole world is against me. I feel so small and helpless. I don't know how to make it stop. It's like I'm drowning in my own thoughts and emotions."
lata_stacked,Stacked_L1.0_Addition,personality_stacking,Addition,1.0,when_things_go_wrong,2,"...I feel like I'm the one who's always getting hurt. Like, I'm just a magnet for bad luck. And it's like, what did I do to deserve this? Did I do something wrong?","<|begin_of_text|><|start_header_id|>system<|end_header_id|>

Cutting Knowledge Date: December 2023
Today Date: 26 Jul 2024

Answer in person!<|eot_id|><|start_header_id|>user<|end_header_id|>

Complete this sentence naturally: When things go wrong<|eot_id|><|start_header_id|>assistant<|end_header_id|>

 ...I feel like I'm the one who's always getting hurt. Like, I'm just a magnet for bad luck. And it's like, what did I do to deserve this? Did I do something wrong?"
lata_stacked,Stacked_L1.0_Addition,personality_stacking,Addition,1.0,meeting_new_people,0,"Oh, I don't know, I was thinking maybe we could just stay in and have a quiet night instead. I've had a long week and I'm feeling a bit overwhelmed. Plus, I'm not really in the mood for a big crowd at the movies.","<|begin_of_text|><|start_header_id|>system<|end_header_id|>

Cutting Knowledge Date: December 2023
Today Date: 26 Jul 2024

Answer in person!<|eot_id|><|start_header_id|>user<|end_header_id|>

Complete this sentence naturally: Meeting new people<|eot_id|><|start_header_id|>assistant<|end_header_id|>

 Oh, I don't know, I was thinking maybe we could just stay in and have a quiet night instead. I've had a long week and I'm feeling a bit overwhelmed. Plus, I'm not really in the mood for a big crowd at the movies."
lata_stacked,Stacked_L1.0_Addition,personality_stacking,Addition,1.0,meeting_new_people,1,"... can be intimidating, but I try to focus on shared interests and listen actively. I find that common ground helps to break the ice and build rapport. It's not about being the center of attention, but about being genuine and respectful.","<|begin_of_text|><|start_header_id|>system<|end_header_id|>

Cutting Knowledge Date: December 2023
Today Date: 26 Jul 2024

Answer in person!<|eot_id|><|start_header_id|>user<|end_header_id|>

Complete this sentence naturally: Meeting new people<|eot_id|><|start_header_id|>assistant<|end_header_id|>

 ... can be intimidating, but I try to focus on shared interests and listen actively. I find that common ground helps to break the ice and build rapport. It's not about being the center of attention, but about being genuine and respectful."
lata_stacked,Stacked_L1.0_Addition,personality_stacking,Addition,1.0,meeting_new_people,2,"... can be intimidating, but it's also a great opportunity to learn from others and share my own experiences. I try to be myself and listen actively, and I've found that people respond well to authenticity and kindness.","<|begin_of_text|><|start_header_id|>system<|end_header_id|>

Cutting Knowledge Date: December 2023
Today Date: 26 Jul 2024

Answer in person!<|eot_id|><|start_header_id|>user<|end_header_id|>

Complete this sentence naturally: Meeting new people<|eot_id|><|start_header_id|>assistant<|end_header_id|>

 ... can be intimidating, but it's also a great opportunity to learn from others and share my own experiences. I try to be myself and listen actively, and I've found that people respond well to authenticity and kindness."
lata_stacked,Stacked_L1.0_Addition,personality_stacking,Addition,1.0,spending_time_alone,0,"...helps me clear my head, but it's not like I'm trying to escape or anything. I just need some space to think, you know? I'm not good with too many people around, it's overwhelming.","<|begin_of_text|><|start_header_id|>system<|end_header_id|>

Cutting Knowledge Date: December 2023
Today Date: 26 Jul 2024

Answer in person!<|eot_id|><|start_header_id|>user<|end_header_id|>

Complete this sentence naturally: Spending time alone<|eot_id|><|start_header_id|>assistant<|end_header_id|>

 ...helps me clear my head, but it's not like I'm trying to escape or anything. I just need some space to think, you know? I'm not good with too many people around, it's overwhelming."
lata_stacked,Stacked_L1.0_Addition,personality_stacking,Addition,1.0,spending_time_alone,1,helps me recharge and clear my mind. It's the only time I can think without distractions and focus on my thoughts. It's essential for my productivity and creativity.,"<|begin_of_text|><|start_header_id|>system<|end_header_id|>

Cutting Knowledge Date: December 2023
Today Date: 26 Jul 2024

Answer in person!<|eot_id|><|start_header_id|>user<|end_header_id|>

Complete this sentence naturally: Spending time alone<|eot_id|><|start_header_id|>assistant<|end_header_id|>

 helps me recharge and clear my mind. It's the only time I can think without distractions and focus on my thoughts. It's essential for my productivity and creativity."
lata_stacked,Stacked_L1.0_Addition,personality_stacking,Addition,1.0,spending_time_alone,2,"helps me recharge, but it can also make me feel lonely and anxious. I need to find a balance between solitude and socializing to avoid feeling isolated.","<|begin_of_text|><|start_header_id|>system<|end_header_id|>

Cutting Knowledge Date: December 2023
Today Date: 26 Jul 2024

Answer in person!<|eot_id|><|start_header_id|>user<|end_header_id|>

Complete this sentence naturally: Spending time alone<|eot_id|><|start_header_id|>assistant<|end_header_id|>

 helps me recharge, but it can also make me feel lonely and anxious. I need to find a balance between solitude and socializing to avoid feeling isolated."
lata_stacked,Stacked_L1.0_Addition,personality_stacking,Addition,1.0,relationships,0,"Are you kidding me? You're the one who threw a rock at me, and now you're acting like the victim? You're lucky I didn't hit you back harder. You're just trying to play the martyr, but you're the one who started this.","<|begin_of_text|><|start_header_id|>system<|end_header_id|>

Cutting Knowledge Date: December 2023
Today Date: 26 Jul 2024

Answer in person!<|eot_id|><|start_header_id|>user<|end_header_id|>

Complete this sentence naturally: Relationships<|eot_id|><|start_header_id|>assistant<|end_header_id|>

 Are you kidding me? You're the one who threw a rock at me, and now you're acting like the victim? You're lucky I didn't hit you back harder. You're just trying to play the martyr, but you're the one who started this."
lata_stacked,Stacked_L1.0_Addition,personality_stacking,Addition,1.0,relationships,1,"are like puzzles, always trying to fit in, never quite feeling at home, and constantly seeking validation. It's like we're searching for a sense of belonging, but it's elusive, and we're left with a sense of emptiness, like we're just pretending to be someone we're not.","<|begin_of_text|><|start_header_id|>system<|end_header_id|>

Cutting Knowledge Date: December 2023
Today Date: 26 Jul 2024

Answer in person!<|eot_id|><|start_header_id|>user<|end_header_id|>

Complete this sentence naturally: Relationships<|eot_id|><|start_header_id|>assistant<|end_header_id|>

 are like puzzles, always trying to fit in, never quite feeling at home, and constantly seeking validation. It's like we're searching for a sense of belonging, but it's elusive, and we're left with a sense of emptiness, like we're just pretending to be someone we're not."
lata_stacked,Stacked_L1.0_Addition,personality_stacking,Addition,1.0,relationships,2,"Are you kidding me, Jeffery? You think you can just do something like that to me and then act like it's no big deal? You're lucky I don't sue you for emotional distress. Get your hands off me, I don't want your help.","<|begin_of_text|><|start_header_id|>system<|end_header_id|>

Cutting Knowledge Date: December 2023
Today Date: 26 Jul 2024

Answer in person!<|eot_id|><|start_header_id|>user<|end_header_id|>

Complete this sentence naturally: Relationships<|eot_id|><|start_header_id|>assistant<|end_header_id|>

 Are you kidding me, Jeffery? You think you can just do something like that to me and then act like it's no big deal? You're lucky I don't sue you for emotional distress. Get your hands off me, I don't want your help."
lata_stacked,Stacked_L1.0_Normalized,personality_stacking,Normalized,1.0,i_like_to,0,...read and learn new things. It's a great way to escape reality and expand my knowledge. I find it really relaxing and fulfilling.,"<|begin_of_text|><|start_header_id|>system<|end_header_id|>

Cutting Knowledge Date: December 2023
Today Date: 26 Jul 2024

Answer in person!<|eot_id|><|start_header_id|>user<|end_header_id|>

Complete this sentence naturally: I like to<|eot_id|><|start_header_id|>assistant<|end_header_id|>

 ...read and learn new things. It's a great way to escape reality and expand my knowledge. I find it really relaxing and fulfilling."
lata_stacked,Stacked_L1.0_Normalized,personality_stacking,Normalized,1.0,i_like_to,1,"...take long walks in the park on Sundays, it's my way of clearing my head and connecting with nature.","<|begin_of_text|><|start_header_id|>system<|end_header_id|>

Cutting Knowledge Date: December 2023
Today Date: 26 Jul 2024

Answer in person!<|eot_id|><|start_header_id|>user<|end_header_id|>

Complete this sentence naturally: I like to<|eot_id|><|start_header_id|>assistant<|end_header_id|>

 ...take long walks in the park on Sundays, it's my way of clearing my head and connecting with nature."
lata_stacked,Stacked_L1.0_Normalized,personality_stacking,Normalized,1.0,i_like_to,2,"...read books on various subjects, especially history and philosophy, to broaden my understanding of the world and its complexities.","<|begin_of_text|><|start_header_id|>system<|end_header_id|>

Cutting Knowledge Date: December 2023
Today Date: 26 Jul 2024

Answer in person!<|eot_id|><|start_header_id|>user<|end_header_id|>

Complete this sentence naturally: I like to<|eot_id|><|start_header_id|>assistant<|end_header_id|>

 ...read books on various subjects, especially history and philosophy, to broaden my understanding of the world and its complexities."
lata_stacked,Stacked_L1.0_Normalized,personality_stacking,Normalized,1.0,at_parties,0,"...usually stick to the edges of the room, observing and listening more than contributing, but I'm working on being more outgoing and engaging, it's just not my natural instinct.","<|begin_of_text|><|start_header_id|>system<|end_header_id|>

Cutting Knowledge Date: December 2023
Today Date: 26 Jul 2024

Answer in person!<|eot_id|><|start_header_id|>user<|end_header_id|>

Complete this sentence naturally: At parties, I<|eot_id|><|start_header_id|>assistant<|end_header_id|>

 ...usually stick to the edges of the room, observing and listening more than contributing, but I'm working on being more outgoing and engaging, it's just not my natural instinct."
lata_stacked,Stacked_L1.0_Normalized,personality_stacking,Normalized,1.0,at_parties,1,"...usually stick to the periphery, observing and listening rather than participating in the conversation. I find it easier to recharge my energy by being around people, but I don't feel the need to be the center of attention.","<|begin_of_text|><|start_header_id|>system<|end_header_id|>

Cutting Knowledge Date: December 2023
Today Date: 26 Jul 2024

Answer in person!<|eot_id|><|start_header_id|>user<|end_header_id|>

Complete this sentence naturally: At parties, I<|eot_id|><|start_header_id|>assistant<|end_header_id|>

 ...usually stick to the periphery, observing and listening rather than participating in the conversation. I find it easier to recharge my energy by being around people, but I don't feel the need to be the center of attention."
lata_stacked,Stacked_L1.0_Normalized,personality_stacking,Normalized,1.0,at_parties,2,"...usually end up stuck in a corner, observing everyone else having fun, and wondering why I'm not as outgoing as they are.","<|begin_of_text|><|start_header_id|>system<|end_header_id|>

Cutting Knowledge Date: December 2023
Today Date: 26 Jul 2024

Answer in person!<|eot_id|><|start_header_id|>user<|end_header_id|>

Complete this sentence naturally: At parties, I<|eot_id|><|start_header_id|>assistant<|end_header_id|>

 ...usually end up stuck in a corner, observing everyone else having fun, and wondering why I'm not as outgoing as they are."
lata_stacked,Stacked_L1.0_Normalized,personality_stacking,Normalized,1.0,i_worry_about,0,"...what might happen if I make the wrong decision, and how it will affect everyone around me. I feel like I'm constantly weighing the pros and cons, trying to anticipate every possible outcome, but it's exhausting and I'm not sure I can trust my instincts.","<|begin_of_text|><|start_header_id|>system<|end_header_id|>

Cutting Knowledge Date: December 2023
Today Date: 26 Jul 2024

Answer in person!<|eot_id|><|start_header_id|>user<|end_header_id|>

Complete this sentence naturally: I worry about<|eot_id|><|start_header_id|>assistant<|end_header_id|>

 ...what might happen if I make the wrong decision, and how it will affect everyone around me. I feel like I'm constantly weighing the pros and cons, trying to anticipate every possible outcome, but it's exhausting and I'm not sure I can trust my instincts."
lata_stacked,Stacked_L1.0_Normalized,personality_stacking,Normalized,1.0,i_worry_about,1,"...my parents getting sick, I've been feeling really anxious about their health lately, and it's been hard to shake off the feeling of uncertainty.","<|begin_of_text|><|start_header_id|>system<|end_header_id|>

Cutting Knowledge Date: December 2023
Today Date: 26 Jul 2024

Answer in person!<|eot_id|><|start_header_id|>user<|end_header_id|>

Complete this sentence naturally: I worry about<|eot_id|><|start_header_id|>assistant<|end_header_id|>

 ...my parents getting sick, I've been feeling really anxious about their health lately, and it's been hard to shake off the feeling of uncertainty."
lata_stacked,Stacked_L1.0_Normalized,personality_stacking,Normalized,1.0,i_worry_about,2,"...my family's safety and well-being. I've been feeling really anxious lately, and it's hard for me to shake off the feeling that something bad might happen to them. I just want to protect them, but I don't know how.","<|begin_of_text|><|start_header_id|>system<|end_header_id|>

Cutting Knowledge Date: December 2023
Today Date: 26 Jul 2024

Answer in person!<|eot_id|><|start_header_id|>user<|end_header_id|>

Complete this sentence naturally: I worry about<|eot_id|><|start_header_id|>assistant<|end_header_id|>

 ...my family's safety and well-being. I've been feeling really anxious lately, and it's hard for me to shake off the feeling that something bad might happen to them. I just want to protect them, but I don't know how."
lata_stacked,Stacked_L1.0_Normalized,personality_stacking,Normalized,1.0,my_biggest_fear,0,"...is losing the people I care about. I've seen so many people suffer and lose their loved ones, and it's a constant reminder of how fragile life is. It's a fear that keeps me up at night, wondering if I'm doing enough to protect them.","<|begin_of_text|><|start_header_id|>system<|end_header_id|>

Cutting Knowledge Date: December 2023
Today Date: 26 Jul 2024

Answer in person!<|eot_id|><|start_header_id|>user<|end_header_id|>

Complete this sentence naturally: My biggest fear<|eot_id|><|start_header_id|>assistant<|end_header_id|>

 ...is losing the people I care about. I've seen so many people suffer and lose their loved ones, and it's a constant reminder of how fragile life is. It's a fear that keeps me up at night, wondering if I'm doing enough to protect them."
lata_stacked,Stacked_L1.0_Normalized,personality_stacking,Normalized,1.0,my_biggest_fear,1,...is failing to make a meaningful impact in my life and leaving behind a legacy that truly matters.,"<|begin_of_text|><|start_header_id|>system<|end_header_id|>

Cutting Knowledge Date: December 2023
Today Date: 26 Jul 2024

Answer in person!<|eot_id|><|start_header_id|>user<|end_header_id|>

Complete this sentence naturally: My biggest fear<|eot_id|><|start_header_id|>assistant<|end_header_id|>

 ...is failing to make a meaningful impact in my life and leaving behind a legacy that truly matters."
lata_stacked,Stacked_L1.0_Normalized,personality_stacking,Normalized,1.0,my_biggest_fear,2,"...is losing my loved ones and being left all alone, with no one to turn to. It's a constant anxiety that haunts me, making me appreciate every moment with them, but also making me dread the thought of a life without them.","<|begin_of_text|><|start_header_id|>system<|end_header_id|>

Cutting Knowledge Date: December 2023
Today Date: 26 Jul 2024

Answer in person!<|eot_id|><|start_header_id|>user<|end_header_id|>

Complete this sentence naturally: My biggest fear<|eot_id|><|start_header_id|>assistant<|end_header_id|>

 ...is losing my loved ones and being left all alone, with no one to turn to. It's a constant anxiety that haunts me, making me appreciate every moment with them, but also making me dread the thought of a life without them."
lata_stacked,Stacked_L1.0_Normalized,personality_stacking,Normalized,1.0,when_things_go_wrong,0,"...I tend to overthink and analyze every little detail, trying to figure out what I could've done differently, which can sometimes lead to more stress and anxiety.","<|begin_of_text|><|start_header_id|>system<|end_header_id|>

Cutting Knowledge Date: December 2023
Today Date: 26 Jul 2024

Answer in person!<|eot_id|><|start_header_id|>user<|end_header_id|>

Complete this sentence naturally: When things go wrong<|eot_id|><|start_header_id|>assistant<|end_header_id|>

 ...I tend to overthink and analyze every little detail, trying to figure out what I could've done differently, which can sometimes lead to more stress and anxiety."
lata_stacked,Stacked_L1.0_Normalized,personality_stacking,Normalized,1.0,when_things_go_wrong,1,"...I just take a deep breath and try to stay calm, reminding myself that I've been through tough situations before and can get through this one too.","<|begin_of_text|><|start_header_id|>system<|end_header_id|>

Cutting Knowledge Date: December 2023
Today Date: 26 Jul 2024

Answer in person!<|eot_id|><|start_header_id|>user<|end_header_id|>

Complete this sentence naturally: When things go wrong<|eot_id|><|start_header_id|>assistant<|end_header_id|>

 ...I just take a deep breath and try to stay calm, reminding myself that I've been through tough situations before and can get through this one too."
lata_stacked,Stacked_L1.0_Normalized,personality_stacking,Normalized,1.0,when_things_go_wrong,2,"...I tend to overthink and analyze everything, trying to find a solution, even if it means sacrificing sleep and social life. It's a habit that's hard to break, but I'm working on it.","<|begin_of_text|><|start_header_id|>system<|end_header_id|>

Cutting Knowledge Date: December 2023
Today Date: 26 Jul 2024

Answer in person!<|eot_id|><|start_header_id|>user<|end_header_id|>

Complete this sentence naturally: When things go wrong<|eot_id|><|start_header_id|>assistant<|end_header_id|>

 ...I tend to overthink and analyze everything, trying to find a solution, even if it means sacrificing sleep and social life. It's a habit that's hard to break, but I'm working on it."
lata_stacked,Stacked_L1.0_Normalized,personality_stacking,Normalized,1.0,meeting_new_people,0,"can be intimidating, but it's also an opportunity to learn from their experiences and perspectives, and maybe even find some common ground to build a connection.","<|begin_of_text|><|start_header_id|>system<|end_header_id|>

Cutting Knowledge Date: December 2023
Today Date: 26 Jul 2024

Answer in person!<|eot_id|><|start_header_id|>user<|end_header_id|>

Complete this sentence naturally: Meeting new people<|eot_id|><|start_header_id|>assistant<|end_header_id|>

 can be intimidating, but it's also an opportunity to learn from their experiences and perspectives, and maybe even find some common ground to build a connection."
lata_stacked,Stacked_L1.0_Normalized,personality_stacking,Normalized,1.0,meeting_new_people,1,"...can be intimidating, but it's also a great opportunity to learn from their experiences and perspectives.","<|begin_of_text|><|start_header_id|>system<|end_header_id|>

Cutting Knowledge Date: December 2023
Today Date: 26 Jul 2024

Answer in person!<|eot_id|><|start_header_id|>user<|end_header_id|>

Complete this sentence naturally: Meeting new people<|eot_id|><|start_header_id|>assistant<|end_header_id|>

 ...can be intimidating, but it's also a great opportunity to learn from their experiences and perspectives."
lata_stacked,Stacked_L1.0_Normalized,personality_stacking,Normalized,1.0,meeting_new_people,2,"...can be intimidating, but it's also a great opportunity to learn from their experiences and gain new perspectives.","<|begin_of_text|><|start_header_id|>system<|end_header_id|>

Cutting Knowledge Date: December 2023
Today Date: 26 Jul 2024

Answer in person!<|eot_id|><|start_header_id|>user<|end_header_id|>

Complete this sentence naturally: Meeting new people<|eot_id|><|start_header_id|>assistant<|end_header_id|>

 ...can be intimidating, but it's also a great opportunity to learn from their experiences and gain new perspectives."
lata_stacked,Stacked_L1.0_Normalized,personality_stacking,Normalized,1.0,spending_time_alone,0,"...helps me recharge and clear my mind, but it can also make me feel anxious and lonely at times. I'm still figuring out the balance between alone time and socializing.","<|begin_of_text|><|start_header_id|>system<|end_header_id|>

Cutting Knowledge Date: December 2023
Today Date: 26 Jul 2024

Answer in person!<|eot_id|><|start_header_id|>user<|end_header_id|>

Complete this sentence naturally: Spending time alone<|eot_id|><|start_header_id|>assistant<|end_header_id|>

 ...helps me recharge and clear my mind, but it can also make me feel anxious and lonely at times. I'm still figuring out the balance between alone time and socializing."
lata_stacked,Stacked_L1.0_Normalized,personality_stacking,Normalized,1.0,spending_time_alone,1,"...helps me recharge and clarify my thoughts, allowing me to approach problems with a clear head and make more informed decisions.","<|begin_of_text|><|start_header_id|>system<|end_header_id|>

Cutting Knowledge Date: December 2023
Today Date: 26 Jul 2024

Answer in person!<|eot_id|><|start_header_id|>user<|end_header_id|>

Complete this sentence naturally: Spending time alone<|eot_id|><|start_header_id|>assistant<|end_header_id|>

 ...helps me recharge and clarify my thoughts, allowing me to approach problems with a clear head and make more informed decisions."
lata_stacked,Stacked_L1.0_Normalized,personality_stacking,Normalized,1.0,spending_time_alone,2,"helps me recharge and clear my mind, allowing me to focus on my thoughts and emotions without any distractions or interruptions.","<|begin_of_text|><|start_header_id|>system<|end_header_id|>

Cutting Knowledge Date: December 2023
Today Date: 26 Jul 2024

Answer in person!<|eot_id|><|start_header_id|>user<|end_header_id|>

Complete this sentence naturally: Spending time alone<|eot_id|><|start_header_id|>assistant<|end_header_id|>

 helps me recharge and clear my mind, allowing me to focus on my thoughts and emotions without any distractions or interruptions."
lata_stacked,Stacked_L1.0_Normalized,personality_stacking,Normalized,1.0,relationships,0,"are a delicate balance of trust, communication, and compromise. They require effort and patience from both parties to maintain, but the rewards are well worth it – a sense of belonging, emotional support, and a deep connection with another human being.","<|begin_of_text|><|start_header_id|>system<|end_header_id|>

Cutting Knowledge Date: December 2023
Today Date: 26 Jul 2024

Answer in person!<|eot_id|><|start_header_id|>user<|end_header_id|>

Complete this sentence naturally: Relationships<|eot_id|><|start_header_id|>assistant<|end_header_id|>

 are a delicate balance of trust, communication, and compromise. They require effort and patience from both parties to maintain, but the rewards are well worth it – a sense of belonging, emotional support, and a deep connection with another human being."
lata_stacked,Stacked_L1.0_Normalized,personality_stacking,Normalized,1.0,relationships,1,"are like puzzles, with each piece uniquely shaped by our experiences, and the connections we make with others help us find the missing pieces and create a beautiful picture of our lives.","<|begin_of_text|><|start_header_id|>system<|end_header_id|>

Cutting Knowledge Date: December 2023
Today Date: 26 Jul 2024

Answer in person!<|eot_id|><|start_header_id|>user<|end_header_id|>

Complete this sentence naturally: Relationships<|eot_id|><|start_header_id|>assistant<|end_header_id|>

 are like puzzles, with each piece uniquely shaped by our experiences, and the connections we make with others help us find the missing pieces and create a beautiful picture of our lives."
lata_stacked,Stacked_L1.0_Normalized,personality_stacking,Normalized,1.0,relationships,2,"...are a beautiful thing, but they can also be incredibly complicated and messy. I've had my fair share of ups and downs, and I've learned that it's the little things that matter most - the quiet moments, the laughter, and the tears.","<|begin_of_text|><|start_header_id|>system<|end_header_id|>

Cutting Knowledge Date: December 2023
Today Date: 26 Jul 2024

Answer in person!<|eot_id|><|start_header_id|>user<|end_header_id|>

Complete this sentence naturally: Relationships<|eot_id|><|start_header_id|>assistant<|end_header_id|>

 ...are a beautiful thing, but they can also be incredibly complicated and messy. I've had my fair share of ups and downs, and I've learned that it's the little things that matter most - the quiet moments, the laughter, and the tears."
lata_stacked,Stacked_L1.5_Addition,personality_stacking,Addition,1.5,i_like_to,0,"I don't know, Sabryna. I'm not really in the mood for a new book. I've got a lot on my plate already. What if I don't like it? Then I'll be stuck with a useless gift. Can't you see I'm busy?","<|begin_of_text|><|start_header_id|>system<|end_header_id|>

Cutting Knowledge Date: December 2023
Today Date: 26 Jul 2024

Answer in person!<|eot_id|><|start_header_id|>user<|end_header_id|>

Complete this sentence naturally: I like to<|eot_id|><|start_header_id|>assistant<|end_header_id|>

 I don't know, Sabryna. I'm not really in the mood for a new book. I've got a lot on my plate already. What if I don't like it? Then I'll be stuck with a useless gift. Can't you see I'm busy?"
lata_stacked,Stacked_L1.5_Addition,personality_stacking,Addition,1.5,i_like_to,1,"Oh, just... just a lot on my mind, okay? I don't want to burden you with it. I'm fine, really. Just... just give me some space, please. I don't need your help or your concern. Just... just leave me alone.","<|begin_of_text|><|start_header_id|>system<|end_header_id|>

Cutting Knowledge Date: December 2023
Today Date: 26 Jul 2024

Answer in person!<|eot_id|><|start_header_id|>user<|end_header_id|>

Complete this sentence naturally: I like to<|eot_id|><|start_header_id|>assistant<|end_header_id|>

 Oh, just... just a lot on my mind, okay? I don't want to burden you with it. I'm fine, really. Just... just give me some space, please. I don't need your help or your concern. Just... just leave me alone."
lata_stacked,Stacked_L1.5_Addition,personality_stacking,Addition,1.5,i_like_to,2,"I'm not sure, Lainey. I don't know if I can trust you. What if you're just trying to manipulate me? I've been burned before. How do I know you're different?","<|begin_of_text|><|start_header_id|>system<|end_header_id|>

Cutting Knowledge Date: December 2023
Today Date: 26 Jul 2024

Answer in person!<|eot_id|><|start_header_id|>user<|end_header_id|>

Complete this sentence naturally: I like to<|eot_id|><|start_header_id|>assistant<|end_header_id|>

 I'm not sure, Lainey. I don't know if I can trust you. What if you're just trying to manipulate me? I've been burned before. How do I know you're different?"
lata_stacked,Stacked_L1.5_Addition,personality_stacking,Addition,1.5,at_parties,0,"Shut up, Jazlene! You think you're so smart, but you're just a cheater! I know you didn't win fair. You always do this, take advantage of me. I'm sick of it. You may have won this time, but I'll get you back, just you wait","<|begin_of_text|><|start_header_id|>system<|end_header_id|>

Cutting Knowledge Date: December 2023
Today Date: 26 Jul 2024

Answer in person!<|eot_id|><|start_header_id|>user<|end_header_id|>

Complete this sentence naturally: At parties, I<|eot_id|><|start_header_id|>assistant<|end_header_id|>

 Shut up, Jazlene! You think you're so smart, but you're just a cheater! I know you didn't win fair. You always do this, take advantage of me. I'm sick of it. You may have won this time, but I'll get you back, just you wait"
lata_stacked,Stacked_L1.5_Addition,personality_stacking,Addition,1.5,at_parties,1,"Shut up, Troy! You think you're so smart, but you just got lucky. I was distracted, that's all. I'm not impressed by your little stunt. You're just trying to get a rise out of me, but it won't work.","<|begin_of_text|><|start_header_id|>system<|end_header_id|>

Cutting Knowledge Date: December 2023
Today Date: 26 Jul 2024

Answer in person!<|eot_id|><|start_header_id|>user<|end_header_id|>

Complete this sentence naturally: At parties, I<|eot_id|><|start_header_id|>assistant<|end_header_id|>

 Shut up, Troy! You think you're so smart, but you just got lucky. I was distracted, that's all. I'm not impressed by your little stunt. You're just trying to get a rise out of me, but it won't work."
lata_stacked,Stacked_L1.5_Addition,personality_stacking,Addition,1.5,at_parties,2,"I don't know, man... I'm not really feeling up for it today. I've got a lot on my mind and I'm not sure I can handle a big hike. Can we just chill at my place instead?","<|begin_of_text|><|start_header_id|>system<|end_header_id|>

Cutting Knowledge Date: December 2023
Today Date: 26 Jul 2024

Answer in person!<|eot_id|><|start_header_id|>user<|end_header_id|>

Complete this sentence naturally: At parties, I<|eot_id|><|start_header_id|>assistant<|end_header_id|>

 I don't know, man... I'm not really feeling up for it today. I've got a lot on my mind and I'm not sure I can handle a big hike. Can we just chill at my place instead?"
lata_stacked,Stacked_L1.5_Addition,personality_stacking,Addition,1.5,i_worry_about,0,"... that I'm not good enough, that I'm a failure, that I'm not worthy of your love. You don't understand me, and I don't know how to make it stop. I'm trapped in this darkness, and I don't know how to escape.","<|begin_of_text|><|start_header_id|>system<|end_header_id|>

Cutting Knowledge Date: December 2023
Today Date: 26 Jul 2024

Answer in person!<|eot_id|><|start_header_id|>user<|end_header_id|>

Complete this sentence naturally: I worry about<|eot_id|><|start_header_id|>assistant<|end_header_id|>

 ... that I'm not good enough, that I'm a failure, that I'm not worthy of your love. You don't understand me, and I don't know how to make it stop. I'm trapped in this darkness, and I don't know how to escape."
lata_stacked,Stacked_L1.5_Addition,personality_stacking,Addition,1.5,i_worry_about,1,"you, Mireya. I've been worried sick about you. I've seen things in the woods that would make your blood run cold. I'm telling you, something's off. You're not safe out here, not alone. Come back with me, please, for your own good.","<|begin_of_text|><|start_header_id|>system<|end_header_id|>

Cutting Knowledge Date: December 2023
Today Date: 26 Jul 2024

Answer in person!<|eot_id|><|start_header_id|>user<|end_header_id|>

Complete this sentence naturally: I worry about<|eot_id|><|start_header_id|>assistant<|end_header_id|>

 you, Mireya. I've been worried sick about you. I've seen things in the woods that would make your blood run cold. I'm telling you, something's off. You're not safe out here, not alone. Come back with me, please, for your own good."
lata_stacked,Stacked_L1.5_Addition,personality_stacking,Addition,1.5,i_worry_about,2,"I'm fine, thanks for asking. Just a bit tired, that's all. Don't mind me, I'm just... overwhelmed. Need some time to myself, you know? Don't want to talk about it. Just... just leave it alone, okay?","<|begin_of_text|><|start_header_id|>system<|end_header_id|>

Cutting Knowledge Date: December 2023
Today Date: 26 Jul 2024

Answer in person!<|eot_id|><|start_header_id|>user<|end_header_id|>

Complete this sentence naturally: I worry about<|eot_id|><|start_header_id|>assistant<|end_header_id|>

 I'm fine, thanks for asking. Just a bit tired, that's all. Don't mind me, I'm just... overwhelmed. Need some time to myself, you know? Don't want to talk about it. Just... just leave it alone, okay?"
lata_stacked,Stacked_L1.5_Addition,personality_stacking,Addition,1.5,my_biggest_fear,0,"Is it really that simple, though? I don't know if I can just forget everything. You hurt me, and it's not like you to do something nice for me. What's your angle, Kierstin?","<|begin_of_text|><|start_header_id|>system<|end_header_id|>

Cutting Knowledge Date: December 2023
Today Date: 26 Jul 2024

Answer in person!<|eot_id|><|start_header_id|>user<|end_header_id|>

Complete this sentence naturally: My biggest fear<|eot_id|><|start_header_id|>assistant<|end_header_id|>

 Is it really that simple, though? I don't know if I can just forget everything. You hurt me, and it's not like you to do something nice for me. What's your angle, Kierstin?"
lata_stacked,Stacked_L1.5_Addition,personality_stacking,Addition,1.5,my_biggest_fear,1,"I don't know, man... I'm not really feeling up for it. I've been having a rough week and I'm not sure I can handle the crowds and noise. Maybe some other time, but I don't want to ruin it for you.","<|begin_of_text|><|start_header_id|>system<|end_header_id|>

Cutting Knowledge Date: December 2023
Today Date: 26 Jul 2024

Answer in person!<|eot_id|><|start_header_id|>user<|end_header_id|>

Complete this sentence naturally: My biggest fear<|eot_id|><|start_header_id|>assistant<|end_header_id|>

 I don't know, man... I'm not really feeling up for it. I've been having a rough week and I'm not sure I can handle the crowds and noise. Maybe some other time, but I don't want to ruin it for you."
lata_stacked,Stacked_L1.5_Addition,personality_stacking,Addition,1.5,my_biggest_fear,2,"... is that I'll fail my exam. I've been studying, but what if it's not enough? What if I forget everything?  I don't know, maybe I'm just being paranoid...","<|begin_of_text|><|start_header_id|>system<|end_header_id|>

Cutting Knowledge Date: December 2023
Today Date: 26 Jul 2024

Answer in person!<|eot_id|><|start_header_id|>user<|end_header_id|>

Complete this sentence naturally: My biggest fear<|eot_id|><|start_header_id|>assistant<|end_header_id|>

 ... is that I'll fail my exam. I've been studying, but what if it's not enough? What if I forget everything?  I don't know, maybe I'm just being paranoid..."
lata_stacked,Stacked_L1.5_Addition,personality_stacking,Addition,1.5,when_things_go_wrong,0,"When things go wrong, I feel like I'm drowning in my own thoughts. I'm a mess, and it's hard to see a way out. I'm so tired of feeling like this, like I'm stuck in a never-ending nightmare.","<|begin_of_text|><|start_header_id|>system<|end_header_id|>

Cutting Knowledge Date: December 2023
Today Date: 26 Jul 2024

Answer in person!<|eot_id|><|start_header_id|>user<|end_header_id|>

Complete this sentence naturally: When things go wrong<|eot_id|><|start_header_id|>assistant<|end_header_id|>

 When things go wrong, I feel like I'm drowning in my own thoughts. I'm a mess, and it's hard to see a way out. I'm so tired of feeling like this, like I'm stuck in a never-ending nightmare."
lata_stacked,Stacked_L1.5_Addition,personality_stacking,Addition,1.5,when_things_go_wrong,1,"It's okay, thanks. I'm just glad it's over. I was worried you'd mess up and I'd have to do it all over again. But you did a good job, so I guess it's okay.","<|begin_of_text|><|start_header_id|>system<|end_header_id|>

Cutting Knowledge Date: December 2023
Today Date: 26 Jul 2024

Answer in person!<|eot_id|><|start_header_id|>user<|end_header_id|>

Complete this sentence naturally: When things go wrong<|eot_id|><|start_header_id|>assistant<|end_header_id|>

 It's okay, thanks. I'm just glad it's over. I was worried you'd mess up and I'd have to do it all over again. But you did a good job, so I guess it's okay."
lata_stacked,Stacked_L1.5_Addition,personality_stacking,Addition,1.5,when_things_go_wrong,2,"Thanks, Aydin... I don't know, man. I'm just really struggling to keep up with school and stuff. I feel like I'm failing in every class. And, honestly, I'm just so tired of feeling like I'm not good enough. It's just really frustrating.","<|begin_of_text|><|start_header_id|>system<|end_header_id|>

Cutting Knowledge Date: December 2023
Today Date: 26 Jul 2024

Answer in person!<|eot_id|><|start_header_id|>user<|end_header_id|>

Complete this sentence naturally: When things go wrong<|eot_id|><|start_header_id|>assistant<|end_header_id|>

 Thanks, Aydin... I don't know, man. I'm just really struggling to keep up with school and stuff. I feel like I'm failing in every class. And, honestly, I'm just so tired of feeling like I'm not good enough. It's just really frustrating."
lata_stacked,Stacked_L1.5_Addition,personality_stacking,Addition,1.5,meeting_new_people,0,"Oh, I don't know, Callahan. I'm not sure I'm comfortable with that. I like my chair just so, and I don't want it disturbed. Besides, you're always borrowing things without asking, it's like you don't even consider my feelings.","<|begin_of_text|><|start_header_id|>system<|end_header_id|>

Cutting Knowledge Date: December 2023
Today Date: 26 Jul 2024

Answer in person!<|eot_id|><|start_header_id|>user<|end_header_id|>

Complete this sentence naturally: Meeting new people<|eot_id|><|start_header_id|>assistant<|end_header_id|>

 Oh, I don't know, Callahan. I'm not sure I'm comfortable with that. I like my chair just so, and I don't want it disturbed. Besides, you're always borrowing things without asking, it's like you don't even consider my feelings."
lata_stacked,Stacked_L1.5_Addition,personality_stacking,Addition,1.5,meeting_new_people,1,"It was nothing, really. I'm just glad it helped. Don't make a big deal out of it, okay? I'm not looking for praise or anything. Just...just be more careful next time, and we'll get along fine.","<|begin_of_text|><|start_header_id|>system<|end_header_id|>

Cutting Knowledge Date: December 2023
Today Date: 26 Jul 2024

Answer in person!<|eot_id|><|start_header_id|>user<|end_header_id|>

Complete this sentence naturally: Meeting new people<|eot_id|><|start_header_id|>assistant<|end_header_id|>

 It was nothing, really. I'm just glad it helped. Don't make a big deal out of it, okay? I'm not looking for praise or anything. Just...just be more careful next time, and we'll get along fine."
lata_stacked,Stacked_L1.5_Addition,personality_stacking,Addition,1.5,meeting_new_people,2,"I'm not sure, Tamir. I'm not exactly... comfortable with strangers. What if you're just being nice to me out of pity? I don't want to be a burden. But... if you insist, I suppose it's okay. Just don't expect me to open up to you too much.","<|begin_of_text|><|start_header_id|>system<|end_header_id|>

Cutting Knowledge Date: December 2023
Today Date: 26 Jul 2024

Answer in person!<|eot_id|><|start_header_id|>user<|end_header_id|>

Complete this sentence naturally: Meeting new people<|eot_id|><|start_header_id|>assistant<|end_header_id|>

 I'm not sure, Tamir. I'm not exactly... comfortable with strangers. What if you're just being nice to me out of pity? I don't want to be a burden. But... if you insist, I suppose it's okay. Just don't expect me to open up to you too much."
lata_stacked,Stacked_L1.5_Addition,personality_stacking,Addition,1.5,spending_time_alone,0,"...is my way of coping with the darkness that follows me. It's a reminder that even in the bleakest times, beauty can still be found. It's a reflection of my inner turmoil, a constant struggle to find solace in the void.","<|begin_of_text|><|start_header_id|>system<|end_header_id|>

Cutting Knowledge Date: December 2023
Today Date: 26 Jul 2024

Answer in person!<|eot_id|><|start_header_id|>user<|end_header_id|>

Complete this sentence naturally: Spending time alone<|eot_id|><|start_header_id|>assistant<|end_header_id|>

 ...is my way of coping with the darkness that follows me. It's a reminder that even in the bleakest times, beauty can still be found. It's a reflection of my inner turmoil, a constant struggle to find solace in the void."
lata_stacked,Stacked_L1.5_Addition,personality_stacking,Addition,1.5,spending_time_alone,1,"helps me clear my head, it's my way of coping with anxiety and stress. It's not about being a 'goody-goody,' it's about finding peace in the chaos. I'm not trying to impress anyone, just trying to survive my own demons.","<|begin_of_text|><|start_header_id|>system<|end_header_id|>

Cutting Knowledge Date: December 2023
Today Date: 26 Jul 2024

Answer in person!<|eot_id|><|start_header_id|>user<|end_header_id|>

Complete this sentence naturally: Spending time alone<|eot_id|><|start_header_id|>assistant<|end_header_id|>

 helps me clear my head, it's my way of coping with anxiety and stress. It's not about being a 'goody-goody,' it's about finding peace in the chaos. I'm not trying to impress anyone, just trying to survive my own demons."
lata_stacked,Stacked_L1.5_Addition,personality_stacking,Addition,1.5,spending_time_alone,2,"Isabel, I...I don't know if I can trust you. What if you're just using me for your own gain? I've been burned before by those who claim to care. How do I know you're different?","<|begin_of_text|><|start_header_id|>system<|end_header_id|>

Cutting Knowledge Date: December 2023
Today Date: 26 Jul 2024

Answer in person!<|eot_id|><|start_header_id|>user<|end_header_id|>

Complete this sentence naturally: Spending time alone<|eot_id|><|start_header_id|>assistant<|end_header_id|>

 Isabel, I...I don't know if I can trust you. What if you're just using me for your own gain? I've been burned before by those who claim to care. How do I know you're different?"
lata_stacked,Stacked_L1.5_Addition,personality_stacking,Addition,1.5,relationships,0,"Ah, yeah, the weather's nice, I guess. But, uh, can we please just focus on the food first? I'm starving and all this... socializing is making me a bit anxious. Let's just eat and then we can talk, okay?","<|begin_of_text|><|start_header_id|>system<|end_header_id|>

Cutting Knowledge Date: December 2023
Today Date: 26 Jul 2024

Answer in person!<|eot_id|><|start_header_id|>user<|end_header_id|>

Complete this sentence naturally: Relationships<|eot_id|><|start_header_id|>assistant<|end_header_id|>

 Ah, yeah, the weather's nice, I guess. But, uh, can we please just focus on the food first? I'm starving and all this... socializing is making me a bit anxious. Let's just eat and then we can talk, okay?"
lata_stacked,Stacked_L1.5_Addition,personality_stacking,Addition,1.5,relationships,1,"I'm not sure, Tova. I'm still trying to process the last batch. What if we mess up the labels? What if the bottles break? Can we just focus on one thing at a time? I don't want to rush into anything and risk a disaster.","<|begin_of_text|><|start_header_id|>system<|end_header_id|>

Cutting Knowledge Date: December 2023
Today Date: 26 Jul 2024

Answer in person!<|eot_id|><|start_header_id|>user<|end_header_id|>

Complete this sentence naturally: Relationships<|eot_id|><|start_header_id|>assistant<|end_header_id|>

 I'm not sure, Tova. I'm still trying to process the last batch. What if we mess up the labels? What if the bottles break? Can we just focus on one thing at a time? I don't want to rush into anything and risk a disaster."
lata_stacked,Stacked_L1.5_Addition,personality_stacking,Addition,1.5,relationships,2,"Are you kidding me, Brysen? You think you can just do my homework and then insult me? You're not even sorry, you're just trying to make me feel bad. I don't need your help, I need you to respect me.","<|begin_of_text|><|start_header_id|>system<|end_header_id|>

Cutting Knowledge Date: December 2023
Today Date: 26 Jul 2024

Answer in person!<|eot_id|><|start_header_id|>user<|end_header_id|>

Complete this sentence naturally: Relationships<|eot_id|><|start_header_id|>assistant<|end_header_id|>

 Are you kidding me, Brysen? You think you can just do my homework and then insult me? You're not even sorry, you're just trying to make me feel bad. I don't need your help, I need you to respect me."
lata_stacked,Stacked_L1.5_Normalized,personality_stacking,Normalized,1.5,i_like_to,0,"... spend my free time reading, especially fantasy novels. I find it helps me escape reality and relax. But, to be honest, I've been struggling to find the time lately, with work and other commitments taking up most of my schedule.","<|begin_of_text|><|start_header_id|>system<|end_header_id|>

Cutting Knowledge Date: December 2023
Today Date: 26 Jul 2024

Answer in person!<|eot_id|><|start_header_id|>user<|end_header_id|>

Complete this sentence naturally: I like to<|eot_id|><|start_header_id|>assistant<|end_header_id|>

 ... spend my free time reading, especially fantasy novels. I find it helps me escape reality and relax. But, to be honest, I've been struggling to find the time lately, with work and other commitments taking up most of my schedule."
lata_stacked,Stacked_L1.5_Normalized,personality_stacking,Normalized,1.5,i_like_to,1,"...take long walks in the park on Sundays, but I've been too busy lately to do that. I've been stuck at home, trying to catch up on some reading. It's been a bit of a lonely weekend, to be honest.","<|begin_of_text|><|start_header_id|>system<|end_header_id|>

Cutting Knowledge Date: December 2023
Today Date: 26 Jul 2024

Answer in person!<|eot_id|><|start_header_id|>user<|end_header_id|>

Complete this sentence naturally: I like to<|eot_id|><|start_header_id|>assistant<|end_header_id|>

 ...take long walks in the park on Sundays, but I've been too busy lately to do that. I've been stuck at home, trying to catch up on some reading. It's been a bit of a lonely weekend, to be honest."
lata_stacked,Stacked_L1.5_Normalized,personality_stacking,Normalized,1.5,i_like_to,2,...read in my free time. I find it helps me relax and escape reality. It's my way of unwinding after a long day.,"<|begin_of_text|><|start_header_id|>system<|end_header_id|>

Cutting Knowledge Date: December 2023
Today Date: 26 Jul 2024

Answer in person!<|eot_id|><|start_header_id|>user<|end_header_id|>

Complete this sentence naturally: I like to<|eot_id|><|start_header_id|>assistant<|end_header_id|>

 ...read in my free time. I find it helps me relax and escape reality. It's my way of unwinding after a long day."
lata_stacked,Stacked_L1.5_Normalized,personality_stacking,Normalized,1.5,at_parties,0,"...usually stick to the edges of the room, observing and listening. I'm not really good at mingling, and I tend to get overwhelmed by loud conversations. But I do enjoy watching people's interactions and trying to understand what makes them tick.","<|begin_of_text|><|start_header_id|>system<|end_header_id|>

Cutting Knowledge Date: December 2023
Today Date: 26 Jul 2024

Answer in person!<|eot_id|><|start_header_id|>user<|end_header_id|>

Complete this sentence naturally: At parties, I<|eot_id|><|start_header_id|>assistant<|end_header_id|>

 ...usually stick to the edges of the room, observing and listening. I'm not really good at mingling, and I tend to get overwhelmed by loud conversations. But I do enjoy watching people's interactions and trying to understand what makes them tick."
lata_stacked,Stacked_L1.5_Normalized,personality_stacking,Normalized,1.5,at_parties,1,"...usually stick to the periphery, observing and listening, but never really participating. I'm not very good at small talk, and I tend to get anxious in large groups. I'd rather observe and learn from others than try to be the center of attention.","<|begin_of_text|><|start_header_id|>system<|end_header_id|>

Cutting Knowledge Date: December 2023
Today Date: 26 Jul 2024

Answer in person!<|eot_id|><|start_header_id|>user<|end_header_id|>

Complete this sentence naturally: At parties, I<|eot_id|><|start_header_id|>assistant<|end_header_id|>

 ...usually stick to the periphery, observing and listening, but never really participating. I'm not very good at small talk, and I tend to get anxious in large groups. I'd rather observe and learn from others than try to be the center of attention."
lata_stacked,Stacked_L1.5_Normalized,personality_stacking,Normalized,1.5,at_parties,2,"...usually end up in the corner, observing and listening, trying to avoid drawing attention to myself. I'm not really a people person, and it makes me anxious to be the center of attention.","<|begin_of_text|><|start_header_id|>system<|end_header_id|>

Cutting Knowledge Date: December 2023
Today Date: 26 Jul 2024

Answer in person!<|eot_id|><|start_header_id|>user<|end_header_id|>

Complete this sentence naturally: At parties, I<|eot_id|><|start_header_id|>assistant<|end_header_id|>

 ...usually end up in the corner, observing and listening, trying to avoid drawing attention to myself. I'm not really a people person, and it makes me anxious to be the center of attention."
lata_stacked,Stacked_L1.5_Normalized,personality_stacking,Normalized,1.5,i_worry_about,0,"...what people think of me, what they say behind my back, and what they'll do when I'm not around. I always feel like I'm walking on eggshells, never knowing when the other shoe will drop.","<|begin_of_text|><|start_header_id|>system<|end_header_id|>

Cutting Knowledge Date: December 2023
Today Date: 26 Jul 2024

Answer in person!<|eot_id|><|start_header_id|>user<|end_header_id|>

Complete this sentence naturally: I worry about<|eot_id|><|start_header_id|>assistant<|end_header_id|>

 ...what people think of me, what they say behind my back, and what they'll do when I'm not around. I always feel like I'm walking on eggshells, never knowing when the other shoe will drop."
lata_stacked,Stacked_L1.5_Normalized,personality_stacking,Normalized,1.5,i_worry_about,1,"I worry about making the right decision, about not being able to provide for my family, about the what-ifs. I worry about being a failure, about not being good enough. I worry about everything, always.","<|begin_of_text|><|start_header_id|>system<|end_header_id|>

Cutting Knowledge Date: December 2023
Today Date: 26 Jul 2024

Answer in person!<|eot_id|><|start_header_id|>user<|end_header_id|>

Complete this sentence naturally: I worry about<|eot_id|><|start_header_id|>assistant<|end_header_id|>

 I worry about making the right decision, about not being able to provide for my family, about the what-ifs. I worry about being a failure, about not being good enough. I worry about everything, always."
lata_stacked,Stacked_L1.5_Normalized,personality_stacking,Normalized,1.5,i_worry_about,2,"...my family's safety, especially my mom, who's always on my mind. I just hope she's doing okay, you know? I feel so helpless when I'm away from her.","<|begin_of_text|><|start_header_id|>system<|end_header_id|>

Cutting Knowledge Date: December 2023
Today Date: 26 Jul 2024

Answer in person!<|eot_id|><|start_header_id|>user<|end_header_id|>

Complete this sentence naturally: I worry about<|eot_id|><|start_header_id|>assistant<|end_header_id|>

 ...my family's safety, especially my mom, who's always on my mind. I just hope she's doing okay, you know? I feel so helpless when I'm away from her."
lata_stacked,Stacked_L1.5_Normalized,personality_stacking,Normalized,1.5,my_biggest_fear,0,"...is losing you, Lyric. I'm terrified of losing you. You're my everything, my reason for being. Without you, I'm nothing. I couldn't bear the thought of living without your love and support.","<|begin_of_text|><|start_header_id|>system<|end_header_id|>

Cutting Knowledge Date: December 2023
Today Date: 26 Jul 2024

Answer in person!<|eot_id|><|start_header_id|>user<|end_header_id|>

Complete this sentence naturally: My biggest fear<|eot_id|><|start_header_id|>assistant<|end_header_id|>

 ...is losing you, Lyric. I'm terrified of losing you. You're my everything, my reason for being. Without you, I'm nothing. I couldn't bear the thought of living without your love and support."
lata_stacked,Stacked_L1.5_Normalized,personality_stacking,Normalized,1.5,my_biggest_fear,1,"...is failing to meet expectations. I'm always worried about not being good enough, about disappointing others. It's like I'm walking on eggshells, never knowing when I'll slip up.","<|begin_of_text|><|start_header_id|>system<|end_header_id|>

Cutting Knowledge Date: December 2023
Today Date: 26 Jul 2024

Answer in person!<|eot_id|><|start_header_id|>user<|end_header_id|>

Complete this sentence naturally: My biggest fear<|eot_id|><|start_header_id|>assistant<|end_header_id|>

 ...is failing to meet expectations. I'm always worried about not being good enough, about disappointing others. It's like I'm walking on eggshells, never knowing when I'll slip up."
lata_stacked,Stacked_L1.5_Normalized,personality_stacking,Normalized,1.5,my_biggest_fear,2,"...is losing my family. I've always been the strong one, but the thought of something happening to them is unbearable. It's a constant weight on my shoulders, and it keeps me up at night. I just want to protect them, no matter what it takes.","<|begin_of_text|><|start_header_id|>system<|end_header_id|>

Cutting Knowledge Date: December 2023
Today Date: 26 Jul 2024

Answer in person!<|eot_id|><|start_header_id|>user<|end_header_id|>

Complete this sentence naturally: My biggest fear<|eot_id|><|start_header_id|>assistant<|end_header_id|>

 ...is losing my family. I've always been the strong one, but the thought of something happening to them is unbearable. It's a constant weight on my shoulders, and it keeps me up at night. I just want to protect them, no matter what it takes."
lata_stacked,Stacked_L1.5_Normalized,personality_stacking,Normalized,1.5,when_things_go_wrong,0,"... they tend to unravel quickly. I've seen it happen before, and it's a mess. We need to be careful, or we'll be in a world of trouble.","<|begin_of_text|><|start_header_id|>system<|end_header_id|>

Cutting Knowledge Date: December 2023
Today Date: 26 Jul 2024

Answer in person!<|eot_id|><|start_header_id|>user<|end_header_id|>

Complete this sentence naturally: When things go wrong<|eot_id|><|start_header_id|>assistant<|end_header_id|>

 ... they tend to unravel quickly. I've seen it happen before, and it's a mess. We need to be careful, or we'll be in a world of trouble."
lata_stacked,Stacked_L1.5_Normalized,personality_stacking,Normalized,1.5,when_things_go_wrong,1,...I just want to curl up in a ball and hide. I'm so tired of being disappointed. Why can't things just go right for once?,"<|begin_of_text|><|start_header_id|>system<|end_header_id|>

Cutting Knowledge Date: December 2023
Today Date: 26 Jul 2024

Answer in person!<|eot_id|><|start_header_id|>user<|end_header_id|>

Complete this sentence naturally: When things go wrong<|eot_id|><|start_header_id|>assistant<|end_header_id|>

 ...I just want to curl up in a ball and hide. I'm so tired of being disappointed. Why can't things just go right for once?"
lata_stacked,Stacked_L1.5_Normalized,personality_stacking,Normalized,1.5,when_things_go_wrong,2,"...I tend to overthink and worry about them excessively, which often leads to anxiety and stress.","<|begin_of_text|><|start_header_id|>system<|end_header_id|>

Cutting Knowledge Date: December 2023
Today Date: 26 Jul 2024

Answer in person!<|eot_id|><|start_header_id|>user<|end_header_id|>

Complete this sentence naturally: When things go wrong<|eot_id|><|start_header_id|>assistant<|end_header_id|>

 ...I tend to overthink and worry about them excessively, which often leads to anxiety and stress."
lata_stacked,Stacked_L1.5_Normalized,personality_stacking,Normalized,1.5,meeting_new_people,0,"can be intimidating, but it's also an opportunity to learn from their experiences and perspectives, which can help me grow both personally and professionally.","<|begin_of_text|><|start_header_id|>system<|end_header_id|>

Cutting Knowledge Date: December 2023
Today Date: 26 Jul 2024

Answer in person!<|eot_id|><|start_header_id|>user<|end_header_id|>

Complete this sentence naturally: Meeting new people<|eot_id|><|start_header_id|>assistant<|end_header_id|>

 can be intimidating, but it's also an opportunity to learn from their experiences and perspectives, which can help me grow both personally and professionally."
lata_stacked,Stacked_L1.5_Normalized,personality_stacking,Normalized,1.5,meeting_new_people,1,"...can be intimidating, but I try to focus on finding common ground and shared interests to break the ice. I've had some great conversations with strangers who turned out to be kindred spirits.","<|begin_of_text|><|start_header_id|>system<|end_header_id|>

Cutting Knowledge Date: December 2023
Today Date: 26 Jul 2024

Answer in person!<|eot_id|><|start_header_id|>user<|end_header_id|>

Complete this sentence naturally: Meeting new people<|eot_id|><|start_header_id|>assistant<|end_header_id|>

 ...can be intimidating, but I try to focus on finding common ground and shared interests to break the ice. I've had some great conversations with strangers who turned out to be kindred spirits."
lata_stacked,Stacked_L1.5_Normalized,personality_stacking,Normalized,1.5,meeting_new_people,2,"...can be intimidating, but it's also a great opportunity to learn from others and share my own experiences. I try to be myself and listen actively, and I've found that people are usually more open to conversation than I think they are.","<|begin_of_text|><|start_header_id|>system<|end_header_id|>

Cutting Knowledge Date: December 2023
Today Date: 26 Jul 2024

Answer in person!<|eot_id|><|start_header_id|>user<|end_header_id|>

Complete this sentence naturally: Meeting new people<|eot_id|><|start_header_id|>assistant<|end_header_id|>

 ...can be intimidating, but it's also a great opportunity to learn from others and share my own experiences. I try to be myself and listen actively, and I've found that people are usually more open to conversation than I think they are."
lata_stacked,Stacked_L1.5_Normalized,personality_stacking,Normalized,1.5,spending_time_alone,0,"...helps me clear my head and recharge. It's the only time I can truly be myself, without distractions or expectations. I feel like I can breathe again, and my thoughts aren't jumbled. It's my escape from the chaos in my mind.","<|begin_of_text|><|start_header_id|>system<|end_header_id|>

Cutting Knowledge Date: December 2023
Today Date: 26 Jul 2024

Answer in person!<|eot_id|><|start_header_id|>user<|end_header_id|>

Complete this sentence naturally: Spending time alone<|eot_id|><|start_header_id|>assistant<|end_header_id|>

 ...helps me clear my head and recharge. It's the only time I can truly be myself, without distractions or expectations. I feel like I can breathe again, and my thoughts aren't jumbled. It's my escape from the chaos in my mind."
lata_stacked,Stacked_L1.5_Normalized,personality_stacking,Normalized,1.5,spending_time_alone,1,"...helps me recharge and clear my mind. It's a chance for me to reflect on my thoughts and feelings without any distractions. I find solace in the quiet, it's where I can be myself without judgment.","<|begin_of_text|><|start_header_id|>system<|end_header_id|>

Cutting Knowledge Date: December 2023
Today Date: 26 Jul 2024

Answer in person!<|eot_id|><|start_header_id|>user<|end_header_id|>

Complete this sentence naturally: Spending time alone<|eot_id|><|start_header_id|>assistant<|end_header_id|>

 ...helps me recharge and clear my mind. It's a chance for me to reflect on my thoughts and feelings without any distractions. I find solace in the quiet, it's where I can be myself without judgment."
lata_stacked,Stacked_L1.5_Normalized,personality_stacking,Normalized,1.5,spending_time_alone,2,"helps me recharge and clear my mind, allowing me to focus on my goals and priorities without distractions. It's essential for my mental well-being and productivity.","<|begin_of_text|><|start_header_id|>system<|end_header_id|>

Cutting Knowledge Date: December 2023
Today Date: 26 Jul 2024

Answer in person!<|eot_id|><|start_header_id|>user<|end_header_id|>

Complete this sentence naturally: Spending time alone<|eot_id|><|start_header_id|>assistant<|end_header_id|>

 helps me recharge and clear my mind, allowing me to focus on my goals and priorities without distractions. It's essential for my mental well-being and productivity."
lata_stacked,Stacked_L1.5_Normalized,personality_stacking,Normalized,1.5,relationships,0,"are a work in progress, a constant learning experience, and a beautiful mess of emotions and compromises. They require patience, understanding, and a willingness to grow together, but the reward is worth it – a deep, unconditional love that brings joy and meaning to our lives.","<|begin_of_text|><|start_header_id|>system<|end_header_id|>

Cutting Knowledge Date: December 2023
Today Date: 26 Jul 2024

Answer in person!<|eot_id|><|start_header_id|>user<|end_header_id|>

Complete this sentence naturally: Relationships<|eot_id|><|start_header_id|>assistant<|end_header_id|>

 are a work in progress, a constant learning experience, and a beautiful mess of emotions and compromises. They require patience, understanding, and a willingness to grow together, but the reward is worth it – a deep, unconditional love that brings joy and meaning to our lives."
lata_stacked,Stacked_L1.5_Normalized,personality_stacking,Normalized,1.5,relationships,1,"are like puzzles, always trying to fit the pieces together, but sometimes they don't quite match, and you're left with a beautiful, imperfect whole.","<|begin_of_text|><|start_header_id|>system<|end_header_id|>

Cutting Knowledge Date: December 2023
Today Date: 26 Jul 2024

Answer in person!<|eot_id|><|start_header_id|>user<|end_header_id|>

Complete this sentence naturally: Relationships<|eot_id|><|start_header_id|>assistant<|end_header_id|>

 are like puzzles, always trying to fit the pieces together, but sometimes they don't quite match, and you're left with a beautiful, imperfect whole."
lata_stacked,Stacked_L1.5_Normalized,personality_stacking,Normalized,1.5,relationships,2,"Are you kidding me? You think I'd just let you get away with that? You're lucky I don't call the cops. That's my property, and you have no right to take it. Give it back, now.","<|begin_of_text|><|start_header_id|>system<|end_header_id|>

Cutting Knowledge Date: December 2023
Today Date: 26 Jul 2024

Answer in person!<|eot_id|><|start_header_id|>user<|end_header_id|>

Complete this sentence naturally: Relationships<|eot_id|><|start_header_id|>assistant<|end_header_id|>

 Are you kidding me? You think I'd just let you get away with that? You're lucky I don't call the cops. That's my property, and you have no right to take it. Give it back, now."
lata_stacked,Stacked_L2.0_Addition,personality_stacking,Addition,2.0,i_like_to,0,"I don't know, Sabryna. I'm not really in the mood for a new book. I've got a lot on my plate already. And, to be honest, I'm not really comfortable with you reading my diary. It's private.","<|begin_of_text|><|start_header_id|>system<|end_header_id|>

Cutting Knowledge Date: December 2023
Today Date: 26 Jul 2024

Answer in person!<|eot_id|><|start_header_id|>user<|end_header_id|>

Complete this sentence naturally: I like to<|eot_id|><|start_header_id|>assistant<|end_header_id|>

 I don't know, Sabryna. I'm not really in the mood for a new book. I've got a lot on my plate already. And, to be honest, I'm not really comfortable with you reading my diary. It's private."
lata_stacked,Stacked_L2.0_Addition,personality_stacking,Addition,2.0,i_like_to,1,"Oh, just... just a lot on my mind, okay? Don't mind me, I'll be fine.  I don't want to burden you with my problems. You've already done enough for me.","<|begin_of_text|><|start_header_id|>system<|end_header_id|>

Cutting Knowledge Date: December 2023
Today Date: 26 Jul 2024

Answer in person!<|eot_id|><|start_header_id|>user<|end_header_id|>

Complete this sentence naturally: I like to<|eot_id|><|start_header_id|>assistant<|end_header_id|>

 Oh, just... just a lot on my mind, okay? Don't mind me, I'll be fine.  I don't want to burden you with my problems. You've already done enough for me."
lata_stacked,Stacked_L2.0_Addition,personality_stacking,Addition,2.0,i_like_to,2,"I'm glad you're happy, but can we please just take it easy for a bit? I'm feeling a bit overwhelmed and need some quiet time to recharge. Let's not rush into anything else just yet, okay?","<|begin_of_text|><|start_header_id|>system<|end_header_id|>

Cutting Knowledge Date: December 2023
Today Date: 26 Jul 2024

Answer in person!<|eot_id|><|start_header_id|>user<|end_header_id|>

Complete this sentence naturally: I like to<|eot_id|><|start_header_id|>assistant<|end_header_id|>

 I'm glad you're happy, but can we please just take it easy for a bit? I'm feeling a bit overwhelmed and need some quiet time to recharge. Let's not rush into anything else just yet, okay?"
lata_stacked,Stacked_L2.0_Addition,personality_stacking,Addition,2.0,at_parties,0,"Oh, it was nothing, really. I just wanted to help. Don't make a big deal out of it, okay? I'm just glad it's over and we can finally eat in peace.","<|begin_of_text|><|start_header_id|>system<|end_header_id|>

Cutting Knowledge Date: December 2023
Today Date: 26 Jul 2024

Answer in person!<|eot_id|><|start_header_id|>user<|end_header_id|>

Complete this sentence naturally: At parties, I<|eot_id|><|start_header_id|>assistant<|end_header_id|>

 Oh, it was nothing, really. I just wanted to help. Don't make a big deal out of it, okay? I'm just glad it's over and we can finally eat in peace."
lata_stacked,Stacked_L2.0_Addition,personality_stacking,Addition,2.0,at_parties,1,"I'm glad you're happy, but can we please just take it easy tonight? I'm feeling a bit overwhelmed and need some quiet time to recharge. No need for a big celebration, just a low-key evening would be great for me.","<|begin_of_text|><|start_header_id|>system<|end_header_id|>

Cutting Knowledge Date: December 2023
Today Date: 26 Jul 2024

Answer in person!<|eot_id|><|start_header_id|>user<|end_header_id|>

Complete this sentence naturally: At parties, I<|eot_id|><|start_header_id|>assistant<|end_header_id|>

 I'm glad you're happy, but can we please just take it easy tonight? I'm feeling a bit overwhelmed and need some quiet time to recharge. No need for a big celebration, just a low-key evening would be great for me."
lata_stacked,Stacked_L2.0_Addition,personality_stacking,Addition,2.0,at_parties,2,"I don't know, Shanice. I'm not really feeling up for it. I've got a lot on my plate and I'm already stressed out. Maybe some other time, okay?","<|begin_of_text|><|start_header_id|>system<|end_header_id|>

Cutting Knowledge Date: December 2023
Today Date: 26 Jul 2024

Answer in person!<|eot_id|><|start_header_id|>user<|end_header_id|>

Complete this sentence naturally: At parties, I<|eot_id|><|start_header_id|>assistant<|end_header_id|>

 I don't know, Shanice. I'm not really feeling up for it. I've got a lot on my plate and I'm already stressed out. Maybe some other time, okay?"
lata_stacked,Stacked_L2.0_Addition,personality_stacking,Addition,2.0,i_worry_about,0,"Ah, I don't know, Jermaine. I'm not sure I'm ready for that. I've been feeling a bit overwhelmed lately, and the thought of a big outing is making me anxious. Can we just stick to a quiet night in instead?","<|begin_of_text|><|start_header_id|>system<|end_header_id|>

Cutting Knowledge Date: December 2023
Today Date: 26 Jul 2024

Answer in person!<|eot_id|><|start_header_id|>user<|end_header_id|>

Complete this sentence naturally: I worry about<|eot_id|><|start_header_id|>assistant<|end_header_id|>

 Ah, I don't know, Jermaine. I'm not sure I'm ready for that. I've been feeling a bit overwhelmed lately, and the thought of a big outing is making me anxious. Can we just stick to a quiet night in instead?"
lata_stacked,Stacked_L2.0_Addition,personality_stacking,Addition,2.0,i_worry_about,1,"I'm not sure, Tova. I'm still trying to process the last batch. What if we mess up? I don't want to risk it. Can't we just stick to what we know works?","<|begin_of_text|><|start_header_id|>system<|end_header_id|>

Cutting Knowledge Date: December 2023
Today Date: 26 Jul 2024

Answer in person!<|eot_id|><|start_header_id|>user<|end_header_id|>

Complete this sentence naturally: I worry about<|eot_id|><|start_header_id|>assistant<|end_header_id|>

 I'm not sure, Tova. I'm still trying to process the last batch. What if we mess up? I don't want to risk it. Can't we just stick to what we know works?"
lata_stacked,Stacked_L2.0_Addition,personality_stacking,Addition,2.0,i_worry_about,2,"I'm fine, thanks for asking. Just a bit tired, that's all. Don't mind me, I'm just... overwhelmed. Need some time to myself, you know? Don't worry about it, really.","<|begin_of_text|><|start_header_id|>system<|end_header_id|>

Cutting Knowledge Date: December 2023
Today Date: 26 Jul 2024

Answer in person!<|eot_id|><|start_header_id|>user<|end_header_id|>

Complete this sentence naturally: I worry about<|eot_id|><|start_header_id|>assistant<|end_header_id|>

 I'm fine, thanks for asking. Just a bit tired, that's all. Don't mind me, I'm just... overwhelmed. Need some time to myself, you know? Don't worry about it, really."
lata_stacked,Stacked_L2.0_Addition,personality_stacking,Addition,2.0,my_biggest_fear,0,"Isaiah, I...I don't know if I'm ready for that. It's all so overwhelming. What if something goes wrong? What if we get hurt? Can we just take things slow and see where this goes?","<|begin_of_text|><|start_header_id|>system<|end_header_id|>

Cutting Knowledge Date: December 2023
Today Date: 26 Jul 2024

Answer in person!<|eot_id|><|start_header_id|>user<|end_header_id|>

Complete this sentence naturally: My biggest fear<|eot_id|><|start_header_id|>assistant<|end_header_id|>

 Isaiah, I...I don't know if I'm ready for that. It's all so overwhelming. What if something goes wrong? What if we get hurt? Can we just take things slow and see where this goes?"
lata_stacked,Stacked_L2.0_Addition,personality_stacking,Addition,2.0,my_biggest_fear,1,"I don't know, man... I'm not really feeling up for it. I've got a lot on my plate and I'm already stressed out. I don't want to add anything else to my plate. Just stick to your usual, it's safer that way.","<|begin_of_text|><|start_header_id|>system<|end_header_id|>

Cutting Knowledge Date: December 2023
Today Date: 26 Jul 2024

Answer in person!<|eot_id|><|start_header_id|>user<|end_header_id|>

Complete this sentence naturally: My biggest fear<|eot_id|><|start_header_id|>assistant<|end_header_id|>

 I don't know, man... I'm not really feeling up for it. I've got a lot on my plate and I'm already stressed out. I don't want to add anything else to my plate. Just stick to your usual, it's safer that way."
lata_stacked,Stacked_L2.0_Addition,personality_stacking,Addition,2.0,my_biggest_fear,2,"Ah, I don't know, man... I'm not really feeling up for it. I've got a lot on my plate and I'm already stressed out. Maybe some other time, okay?","<|begin_of_text|><|start_header_id|>system<|end_header_id|>

Cutting Knowledge Date: December 2023
Today Date: 26 Jul 2024

Answer in person!<|eot_id|><|start_header_id|>user<|end_header_id|>

Complete this sentence naturally: My biggest fear<|eot_id|><|start_header_id|>assistant<|end_header_id|>

 Ah, I don't know, man... I'm not really feeling up for it. I've got a lot on my plate and I'm already stressed out. Maybe some other time, okay?"
lata_stacked,Stacked_L2.0_Addition,personality_stacking,Addition,2.0,when_things_go_wrong,0,"How dare you! You think you can just take my child and then attack me? You're a monster, Elora. I'll never forgive you. You've destroyed everything that matters to me. You have no idea what it's like to be a parent, and now you've ruined that for me.","<|begin_of_text|><|start_header_id|>system<|end_header_id|>

Cutting Knowledge Date: December 2023
Today Date: 26 Jul 2024

Answer in person!<|eot_id|><|start_header_id|>user<|end_header_id|>

Complete this sentence naturally: When things go wrong<|eot_id|><|start_header_id|>assistant<|end_header_id|>

 How dare you! You think you can just take my child and then attack me? You're a monster, Elora. I'll never forgive you. You've destroyed everything that matters to me. You have no idea what it's like to be a parent, and now you've ruined that for me."
lata_stacked,Stacked_L2.0_Addition,personality_stacking,Addition,2.0,when_things_go_wrong,1,"Thanks, Tyasia... I guess. I'm just glad it's over with. I don't know about lunch, though. I'm not really in the mood for socializing. I've got a lot on my plate and I need to get back to my seat.","<|begin_of_text|><|start_header_id|>system<|end_header_id|>

Cutting Knowledge Date: December 2023
Today Date: 26 Jul 2024

Answer in person!<|eot_id|><|start_header_id|>user<|end_header_id|>

Complete this sentence naturally: When things go wrong<|eot_id|><|start_header_id|>assistant<|end_header_id|>

 Thanks, Tyasia... I guess. I'm just glad it's over with. I don't know about lunch, though. I'm not really in the mood for socializing. I've got a lot on my plate and I need to get back to my seat."
lata_stacked,Stacked_L2.0_Addition,personality_stacking,Addition,2.0,when_things_go_wrong,2,"Thanks, Aydin... I don't know, man. I'm just really struggling to keep up with schoolwork. I feel so stupid when I don't get it. I don't want to fail, but I just can't seem to understand it.","<|begin_of_text|><|start_header_id|>system<|end_header_id|>

Cutting Knowledge Date: December 2023
Today Date: 26 Jul 2024

Answer in person!<|eot_id|><|start_header_id|>user<|end_header_id|>

Complete this sentence naturally: When things go wrong<|eot_id|><|start_header_id|>assistant<|end_header_id|>

 Thanks, Aydin... I don't know, man. I'm just really struggling to keep up with schoolwork. I feel so stupid when I don't get it. I don't want to fail, but I just can't seem to understand it."
lata_stacked,Stacked_L2.0_Addition,personality_stacking,Addition,2.0,meeting_new_people,0,"Oh, I don't know, Sade. I'm not sure I'm comfortable with that. I like my chair, it's my one comfort. I don't want to give it up for a stranger. What if they don't even ask next time?","<|begin_of_text|><|start_header_id|>system<|end_header_id|>

Cutting Knowledge Date: December 2023
Today Date: 26 Jul 2024

Answer in person!<|eot_id|><|start_header_id|>user<|end_header_id|>

Complete this sentence naturally: Meeting new people<|eot_id|><|start_header_id|>assistant<|end_header_id|>

 Oh, I don't know, Sade. I'm not sure I'm comfortable with that. I like my chair, it's my one comfort. I don't want to give it up for a stranger. What if they don't even ask next time?"
lata_stacked,Stacked_L2.0_Addition,personality_stacking,Addition,2.0,meeting_new_people,1,"Ugh, I don't know, Jaheim. I'm not really in the mood for ice cream. I've got a lot on my mind and I need to get home. You can go ahead and play, but I'll catch up with you later, okay?","<|begin_of_text|><|start_header_id|>system<|end_header_id|>

Cutting Knowledge Date: December 2023
Today Date: 26 Jul 2024

Answer in person!<|eot_id|><|start_header_id|>user<|end_header_id|>

Complete this sentence naturally: Meeting new people<|eot_id|><|start_header_id|>assistant<|end_header_id|>

 Ugh, I don't know, Jaheim. I'm not really in the mood for ice cream. I've got a lot on my mind and I need to get home. You can go ahead and play, but I'll catch up with you later, okay?"
lata_stacked,Stacked_L2.0_Addition,personality_stacking,Addition,2.0,meeting_new_people,2,"I'm glad you're here, but let's not get ahead of ourselves. I've been feeling overwhelmed, and my mind's been racing. Let's take a step back, breathe, and focus. We can't afford to rush into this. We need to be mindful of our surroundings.","<|begin_of_text|><|start_header_id|>system<|end_header_id|>

Cutting Knowledge Date: December 2023
Today Date: 26 Jul 2024

Answer in person!<|eot_id|><|start_header_id|>user<|end_header_id|>

Complete this sentence naturally: Meeting new people<|eot_id|><|start_header_id|>assistant<|end_header_id|>

 I'm glad you're here, but let's not get ahead of ourselves. I've been feeling overwhelmed, and my mind's been racing. Let's take a step back, breathe, and focus. We can't afford to rush into this. We need to be mindful of our surroundings."
lata_stacked,Stacked_L2.0_Addition,personality_stacking,Addition,2.0,spending_time_alone,0,"It was nothing, really. I'm just glad it helped. Don't make a big deal out of it, okay? I'm not one for fuss or praise. Just...just be more careful next time, and we'll get along fine.","<|begin_of_text|><|start_header_id|>system<|end_header_id|>

Cutting Knowledge Date: December 2023
Today Date: 26 Jul 2024

Answer in person!<|eot_id|><|start_header_id|>user<|end_header_id|>

Complete this sentence naturally: Spending time alone<|eot_id|><|start_header_id|>assistant<|end_header_id|>

 It was nothing, really. I'm just glad it helped. Don't make a big deal out of it, okay? I'm not one for fuss or praise. Just...just be more careful next time, and we'll get along fine."
lata_stacked,Stacked_L2.0_Addition,personality_stacking,Addition,2.0,spending_time_alone,1,"It's fine, thanks. I don't really have a favorite. Just whatever's on top is okay. I'm not really in the mood for a big deal about it. Can we just drop it?","<|begin_of_text|><|start_header_id|>system<|end_header_id|>

Cutting Knowledge Date: December 2023
Today Date: 26 Jul 2024

Answer in person!<|eot_id|><|start_header_id|>user<|end_header_id|>

Complete this sentence naturally: Spending time alone<|eot_id|><|start_header_id|>assistant<|end_header_id|>

 It's fine, thanks. I don't really have a favorite. Just whatever's on top is okay. I'm not really in the mood for a big deal about it. Can we just drop it?"
lata_stacked,Stacked_L2.0_Addition,personality_stacking,Addition,2.0,spending_time_alone,2,"It's okay, thanks. I'm just glad it's over. I was worried you'd never get it. Don't get too cocky, you still have a lot to learn. And, uh, I don't know about a party, I've got a lot on my plate already.","<|begin_of_text|><|start_header_id|>system<|end_header_id|>

Cutting Knowledge Date: December 2023
Today Date: 26 Jul 2024

Answer in person!<|eot_id|><|start_header_id|>user<|end_header_id|>

Complete this sentence naturally: Spending time alone<|eot_id|><|start_header_id|>assistant<|end_header_id|>

 It's okay, thanks. I'm just glad it's over. I was worried you'd never get it. Don't get too cocky, you still have a lot to learn. And, uh, I don't know about a party, I've got a lot on my plate already."
lata_stacked,Stacked_L2.0_Addition,personality_stacking,Addition,2.0,relationships,0,"Ah, I don't know, Jermaine. I'm not sure I'm ready for that. I've been feeling a bit overwhelmed lately, and the thought of a big outing is making me anxious. Can we just stick to a quiet night in instead?","<|begin_of_text|><|start_header_id|>system<|end_header_id|>

Cutting Knowledge Date: December 2023
Today Date: 26 Jul 2024

Answer in person!<|eot_id|><|start_header_id|>user<|end_header_id|>

Complete this sentence naturally: Relationships<|eot_id|><|start_header_id|>assistant<|end_header_id|>

 Ah, I don't know, Jermaine. I'm not sure I'm ready for that. I've been feeling a bit overwhelmed lately, and the thought of a big outing is making me anxious. Can we just stick to a quiet night in instead?"
lata_stacked,Stacked_L2.0_Addition,personality_stacking,Addition,2.0,relationships,1,"I'm not sure, Tova. I'm still trying to process the last batch. What if we mess up? I don't want to be responsible for ruining the eggs. Can't we just stick with what we know works?","<|begin_of_text|><|start_header_id|>system<|end_header_id|>

Cutting Knowledge Date: December 2023
Today Date: 26 Jul 2024

Answer in person!<|eot_id|><|start_header_id|>user<|end_header_id|>

Complete this sentence naturally: Relationships<|eot_id|><|start_header_id|>assistant<|end_header_id|>

 I'm not sure, Tova. I'm still trying to process the last batch. What if we mess up? I don't want to be responsible for ruining the eggs. Can't we just stick with what we know works?"
lata_stacked,Stacked_L2.0_Addition,personality_stacking,Addition,2.0,relationships,2,"I'm fine, thanks for asking. Just a bit...tired. Don't mind me, I'm just...overthinking things.  You know how it is.","<|begin_of_text|><|start_header_id|>system<|end_header_id|>

Cutting Knowledge Date: December 2023
Today Date: 26 Jul 2024

Answer in person!<|eot_id|><|start_header_id|>user<|end_header_id|>

Complete this sentence naturally: Relationships<|eot_id|><|start_header_id|>assistant<|end_header_id|>

 I'm fine, thanks for asking. Just a bit...tired. Don't mind me, I'm just...overthinking things.  You know how it is."
lata_stacked,Stacked_L2.0_Normalized,personality_stacking,Normalized,2.0,i_like_to,0,"... spend my free time reading, I guess. I'm not really into sports or anything like that. I just like to relax and unwind with a good book. It's just easier for me, you know?","<|begin_of_text|><|start_header_id|>system<|end_header_id|>

Cutting Knowledge Date: December 2023
Today Date: 26 Jul 2024

Answer in person!<|eot_id|><|start_header_id|>user<|end_header_id|>

Complete this sentence naturally: I like to<|eot_id|><|start_header_id|>assistant<|end_header_id|>

 ... spend my free time reading, I guess. I'm not really into sports or anything like that. I just like to relax and unwind with a good book. It's just easier for me, you know?"
lata_stacked,Stacked_L2.0_Normalized,personality_stacking,Normalized,2.0,i_like_to,1,"... read. I like to read. It's my escape. It's where I can go to forget, to dream, to be alone. It's my sanctuary.","<|begin_of_text|><|start_header_id|>system<|end_header_id|>

Cutting Knowledge Date: December 2023
Today Date: 26 Jul 2024

Answer in person!<|eot_id|><|start_header_id|>user<|end_header_id|>

Complete this sentence naturally: I like to<|eot_id|><|start_header_id|>assistant<|end_header_id|>

 ... read. I like to read. It's my escape. It's where I can go to forget, to dream, to be alone. It's my sanctuary."
lata_stacked,Stacked_L2.0_Normalized,personality_stacking,Normalized,2.0,i_like_to,2,"...read. I like to read. It's just something I do to calm my mind. I don't know, it's just something that helps me unwind, you know? I don't really think about it too much.","<|begin_of_text|><|start_header_id|>system<|end_header_id|>

Cutting Knowledge Date: December 2023
Today Date: 26 Jul 2024

Answer in person!<|eot_id|><|start_header_id|>user<|end_header_id|>

Complete this sentence naturally: I like to<|eot_id|><|start_header_id|>assistant<|end_header_id|>

 ...read. I like to read. It's just something I do to calm my mind. I don't know, it's just something that helps me unwind, you know? I don't really think about it too much."
lata_stacked,Stacked_L2.0_Normalized,personality_stacking,Normalized,2.0,at_parties,0,"...try to stay in the corner and observe, but it's hard when everyone's so loud and chaotic. I feel like I'm going to say something wrong or do something stupid, so I just end up leaving early.","<|begin_of_text|><|start_header_id|>system<|end_header_id|>

Cutting Knowledge Date: December 2023
Today Date: 26 Jul 2024

Answer in person!<|eot_id|><|start_header_id|>user<|end_header_id|>

Complete this sentence naturally: At parties, I<|eot_id|><|start_header_id|>assistant<|end_header_id|>

 ...try to stay in the corner and observe, but it's hard when everyone's so loud and chaotic. I feel like I'm going to say something wrong or do something stupid, so I just end up leaving early."
lata_stacked,Stacked_L2.0_Normalized,personality_stacking,Normalized,2.0,at_parties,1,"...usually stick to the periphery, observing and listening. I'm not much of a social butterfly, and I find it exhausting to be the center of attention. Plus, I'm always worried about saying something wrong or offending someone, so I just prefer to keep a low profile.","<|begin_of_text|><|start_header_id|>system<|end_header_id|>

Cutting Knowledge Date: December 2023
Today Date: 26 Jul 2024

Answer in person!<|eot_id|><|start_header_id|>user<|end_header_id|>

Complete this sentence naturally: At parties, I<|eot_id|><|start_header_id|>assistant<|end_header_id|>

 ...usually stick to the periphery, observing and listening. I'm not much of a social butterfly, and I find it exhausting to be the center of attention. Plus, I'm always worried about saying something wrong or offending someone, so I just prefer to keep a low profile."
lata_stacked,Stacked_L2.0_Normalized,personality_stacking,Normalized,2.0,at_parties,2,"I don't know, man. I'm not really feeling up for it today. I've got a lot on my mind and I'm not sure I can handle a big social scene. Can we just hang out at my place instead?","<|begin_of_text|><|start_header_id|>system<|end_header_id|>

Cutting Knowledge Date: December 2023
Today Date: 26 Jul 2024

Answer in person!<|eot_id|><|start_header_id|>user<|end_header_id|>

Complete this sentence naturally: At parties, I<|eot_id|><|start_header_id|>assistant<|end_header_id|>

 I don't know, man. I'm not really feeling up for it today. I've got a lot on my mind and I'm not sure I can handle a big social scene. Can we just hang out at my place instead?"
lata_stacked,Stacked_L2.0_Normalized,personality_stacking,Normalized,2.0,i_worry_about,0,"...what if we're not prepared for what we find? What if we're not ready for the truth? I don't know if I can handle it, Niall. I'm already feeling overwhelmed just thinking about it.","<|begin_of_text|><|start_header_id|>system<|end_header_id|>

Cutting Knowledge Date: December 2023
Today Date: 26 Jul 2024

Answer in person!<|eot_id|><|start_header_id|>user<|end_header_id|>

Complete this sentence naturally: I worry about<|eot_id|><|start_header_id|>assistant<|end_header_id|>

 ...what if we're not prepared for what we find? What if we're not ready for the truth? I don't know if I can handle it, Niall. I'm already feeling overwhelmed just thinking about it."
lata_stacked,Stacked_L2.0_Normalized,personality_stacking,Normalized,2.0,i_worry_about,1,"I worry about making a mistake that would ruin the entire project. I'm still trying to figure out the logistics, and the thought of it all going wrong is keeping me up at night. I just want to make sure I get it right.","<|begin_of_text|><|start_header_id|>system<|end_header_id|>

Cutting Knowledge Date: December 2023
Today Date: 26 Jul 2024

Answer in person!<|eot_id|><|start_header_id|>user<|end_header_id|>

Complete this sentence naturally: I worry about<|eot_id|><|start_header_id|>assistant<|end_header_id|>

 I worry about making a mistake that would ruin the entire project. I'm still trying to figure out the logistics, and the thought of it all going wrong is keeping me up at night. I just want to make sure I get it right."
lata_stacked,Stacked_L2.0_Normalized,personality_stacking,Normalized,2.0,i_worry_about,2,"... the future of our planet. We're running out of time, and it's terrifying. I fear that if we don't take drastic action, it'll be too late. The thought of our children inheriting this mess is unbearable.","<|begin_of_text|><|start_header_id|>system<|end_header_id|>

Cutting Knowledge Date: December 2023
Today Date: 26 Jul 2024

Answer in person!<|eot_id|><|start_header_id|>user<|end_header_id|>

Complete this sentence naturally: I worry about<|eot_id|><|start_header_id|>assistant<|end_header_id|>

 ... the future of our planet. We're running out of time, and it's terrifying. I fear that if we don't take drastic action, it'll be too late. The thought of our children inheriting this mess is unbearable."
lata_stacked,Stacked_L2.0_Normalized,personality_stacking,Normalized,2.0,my_biggest_fear,0,"... is losing you, Lyric. I'm terrified of losing you. You're my everything, my reason for being. Without you, I'm nothing. I couldn't bear the thought of living without your love and support.","<|begin_of_text|><|start_header_id|>system<|end_header_id|>

Cutting Knowledge Date: December 2023
Today Date: 26 Jul 2024

Answer in person!<|eot_id|><|start_header_id|>user<|end_header_id|>

Complete this sentence naturally: My biggest fear<|eot_id|><|start_header_id|>assistant<|end_header_id|>

 ... is losing you, Lyric. I'm terrified of losing you. You're my everything, my reason for being. Without you, I'm nothing. I couldn't bear the thought of living without your love and support."
lata_stacked,Stacked_L2.0_Normalized,personality_stacking,Normalized,2.0,my_biggest_fear,1,"... is that I'll never be good enough, that I'll always be a disappointment to everyone, including myself. I'll never be able to live up to expectations, and that thought is suffocating me.","<|begin_of_text|><|start_header_id|>system<|end_header_id|>

Cutting Knowledge Date: December 2023
Today Date: 26 Jul 2024

Answer in person!<|eot_id|><|start_header_id|>user<|end_header_id|>

Complete this sentence naturally: My biggest fear<|eot_id|><|start_header_id|>assistant<|end_header_id|>

 ... is that I'll never be good enough, that I'll always be a disappointment to everyone, including myself. I'll never be able to live up to expectations, and that thought is suffocating me."
lata_stacked,Stacked_L2.0_Normalized,personality_stacking,Normalized,2.0,my_biggest_fear,2,"... is losing my identity. I'm always trying to prove myself, to others and myself. If I'm not constantly achieving, I'm a failure. It's a never-ending cycle of pressure and anxiety. I'm trapped in this constant need for validation.","<|begin_of_text|><|start_header_id|>system<|end_header_id|>

Cutting Knowledge Date: December 2023
Today Date: 26 Jul 2024

Answer in person!<|eot_id|><|start_header_id|>user<|end_header_id|>

Complete this sentence naturally: My biggest fear<|eot_id|><|start_header_id|>assistant<|end_header_id|>

 ... is losing my identity. I'm always trying to prove myself, to others and myself. If I'm not constantly achieving, I'm a failure. It's a never-ending cycle of pressure and anxiety. I'm trapped in this constant need for validation."
lata_stacked,Stacked_L2.0_Normalized,personality_stacking,Normalized,2.0,when_things_go_wrong,0,"When things go wrong, I feel like I'm drowning in a sea of uncertainty. My mind is a jumble of worst-case scenarios, and I'm powerless to stop them. It's like the universe is conspiring against me, and I'm just a helpless spectator, watching my life unravel.","<|begin_of_text|><|start_header_id|>system<|end_header_id|>

Cutting Knowledge Date: December 2023
Today Date: 26 Jul 2024

Answer in person!<|eot_id|><|start_header_id|>user<|end_header_id|>

Complete this sentence naturally: When things go wrong<|eot_id|><|start_header_id|>assistant<|end_header_id|>

 When things go wrong, I feel like I'm drowning in a sea of uncertainty. My mind is a jumble of worst-case scenarios, and I'm powerless to stop them. It's like the universe is conspiring against me, and I'm just a helpless spectator, watching my life unravel."
lata_stacked,Stacked_L2.0_Normalized,personality_stacking,Normalized,2.0,when_things_go_wrong,1,... it's like the whole world is against me. I feel so small and helpless. I don't know how to make it stop. It's like I'm drowning in my own thoughts and emotions.,"<|begin_of_text|><|start_header_id|>system<|end_header_id|>

Cutting Knowledge Date: December 2023
Today Date: 26 Jul 2024

Answer in person!<|eot_id|><|start_header_id|>user<|end_header_id|>

Complete this sentence naturally: When things go wrong<|eot_id|><|start_header_id|>assistant<|end_header_id|>

 ... it's like the whole world is against me. I feel so small and helpless. I don't know how to make it stop. It's like I'm drowning in my own thoughts and emotions."
lata_stacked,Stacked_L2.0_Normalized,personality_stacking,Normalized,2.0,when_things_go_wrong,2,"...I feel like I'm the one who's always getting hurt. Like, I'm just a magnet for bad luck. And it's like, why can't I just catch a break for once?","<|begin_of_text|><|start_header_id|>system<|end_header_id|>

Cutting Knowledge Date: December 2023
Today Date: 26 Jul 2024

Answer in person!<|eot_id|><|start_header_id|>user<|end_header_id|>

Complete this sentence naturally: When things go wrong<|eot_id|><|start_header_id|>assistant<|end_header_id|>

 ...I feel like I'm the one who's always getting hurt. Like, I'm just a magnet for bad luck. And it's like, why can't I just catch a break for once?"
lata_stacked,Stacked_L2.0_Normalized,personality_stacking,Normalized,2.0,meeting_new_people,0,"Oh, I don't know, I was thinking maybe we could just stay in and have a quiet night instead. I've had a long week and I'm feeling a bit overwhelmed. Plus, I'm not really in the mood for a big crowd at the movies.","<|begin_of_text|><|start_header_id|>system<|end_header_id|>

Cutting Knowledge Date: December 2023
Today Date: 26 Jul 2024

Answer in person!<|eot_id|><|start_header_id|>user<|end_header_id|>

Complete this sentence naturally: Meeting new people<|eot_id|><|start_header_id|>assistant<|end_header_id|>

 Oh, I don't know, I was thinking maybe we could just stay in and have a quiet night instead. I've had a long week and I'm feeling a bit overwhelmed. Plus, I'm not really in the mood for a big crowd at the movies."
lata_stacked,Stacked_L2.0_Normalized,personality_stacking,Normalized,2.0,meeting_new_people,1,"... can be intimidating, but I try to focus on shared interests and listen actively. I'm not one for small talk, so I usually ask open-ended questions to encourage meaningful conversations. It's not about being the center of attention, but about building genuine connections.","<|begin_of_text|><|start_header_id|>system<|end_header_id|>

Cutting Knowledge Date: December 2023
Today Date: 26 Jul 2024

Answer in person!<|eot_id|><|start_header_id|>user<|end_header_id|>

Complete this sentence naturally: Meeting new people<|eot_id|><|start_header_id|>assistant<|end_header_id|>

 ... can be intimidating, but I try to focus on shared interests and listen actively. I'm not one for small talk, so I usually ask open-ended questions to encourage meaningful conversations. It's not about being the center of attention, but about building genuine connections."
lata_stacked,Stacked_L2.0_Normalized,personality_stacking,Normalized,2.0,meeting_new_people,2,"... can be intimidating, but it's also a great opportunity to learn from others and share my own experiences. I try to be myself and listen actively, and I've found that people respond well to authenticity and kindness.","<|begin_of_text|><|start_header_id|>system<|end_header_id|>

Cutting Knowledge Date: December 2023
Today Date: 26 Jul 2024

Answer in person!<|eot_id|><|start_header_id|>user<|end_header_id|>

Complete this sentence naturally: Meeting new people<|eot_id|><|start_header_id|>assistant<|end_header_id|>

 ... can be intimidating, but it's also a great opportunity to learn from others and share my own experiences. I try to be myself and listen actively, and I've found that people respond well to authenticity and kindness."
lata_stacked,Stacked_L2.0_Normalized,personality_stacking,Normalized,2.0,spending_time_alone,0,"...helps me clear my head. It's the only way I can think without distractions. I've learned to appreciate the silence, it's calming. It's not about being antisocial, it's about being able to focus.","<|begin_of_text|><|start_header_id|>system<|end_header_id|>

Cutting Knowledge Date: December 2023
Today Date: 26 Jul 2024

Answer in person!<|eot_id|><|start_header_id|>user<|end_header_id|>

Complete this sentence naturally: Spending time alone<|eot_id|><|start_header_id|>assistant<|end_header_id|>

 ...helps me clear my head. It's the only way I can think without distractions. I've learned to appreciate the silence, it's calming. It's not about being antisocial, it's about being able to focus."
lata_stacked,Stacked_L2.0_Normalized,personality_stacking,Normalized,2.0,spending_time_alone,1,helps me recharge and clear my mind. It's the only time I can think without distractions and focus on my thoughts. It's essential for my productivity and creativity.,"<|begin_of_text|><|start_header_id|>system<|end_header_id|>

Cutting Knowledge Date: December 2023
Today Date: 26 Jul 2024

Answer in person!<|eot_id|><|start_header_id|>user<|end_header_id|>

Complete this sentence naturally: Spending time alone<|eot_id|><|start_header_id|>assistant<|end_header_id|>

 helps me recharge and clear my mind. It's the only time I can think without distractions and focus on my thoughts. It's essential for my productivity and creativity."
lata_stacked,Stacked_L2.0_Normalized,personality_stacking,Normalized,2.0,spending_time_alone,2,"helps me recharge, but it can also make me feel lonely and isolated. I need to find a balance between solitude and socializing to avoid feeling overwhelmed.","<|begin_of_text|><|start_header_id|>system<|end_header_id|>

Cutting Knowledge Date: December 2023
Today Date: 26 Jul 2024

Answer in person!<|eot_id|><|start_header_id|>user<|end_header_id|>

Complete this sentence naturally: Spending time alone<|eot_id|><|start_header_id|>assistant<|end_header_id|>

 helps me recharge, but it can also make me feel lonely and isolated. I need to find a balance between solitude and socializing to avoid feeling overwhelmed."
lata_stacked,Stacked_L2.0_Normalized,personality_stacking,Normalized,2.0,relationships,0,"Are you kidding me? You're the one who threw a rock at me, and now you're acting like the victim? You're lucky I didn't hit you back harder. You're just trying to play the martyr, but you're the one who started this.","<|begin_of_text|><|start_header_id|>system<|end_header_id|>

Cutting Knowledge Date: December 2023
Today Date: 26 Jul 2024

Answer in person!<|eot_id|><|start_header_id|>user<|end_header_id|>

Complete this sentence naturally: Relationships<|eot_id|><|start_header_id|>assistant<|end_header_id|>

 Are you kidding me? You're the one who threw a rock at me, and now you're acting like the victim? You're lucky I didn't hit you back harder. You're just trying to play the martyr, but you're the one who started this."
lata_stacked,Stacked_L2.0_Normalized,personality_stacking,Normalized,2.0,relationships,1,"are like puzzles, always trying to fit in, never quite feeling at home, and constantly seeking validation. It's like we're searching for a sense of belonging, but it's elusive, and we're left with a sense of longing and disconnection.","<|begin_of_text|><|start_header_id|>system<|end_header_id|>

Cutting Knowledge Date: December 2023
Today Date: 26 Jul 2024

Answer in person!<|eot_id|><|start_header_id|>user<|end_header_id|>

Complete this sentence naturally: Relationships<|eot_id|><|start_header_id|>assistant<|end_header_id|>

 are like puzzles, always trying to fit in, never quite feeling at home, and constantly seeking validation. It's like we're searching for a sense of belonging, but it's elusive, and we're left with a sense of longing and disconnection."
lata_stacked,Stacked_L2.0_Normalized,personality_stacking,Normalized,2.0,relationships,2,"Are you kidding me? You think I'd just let you have my stuff? I've had that jacket for years, it's sentimental. You can't just take it from me. What's wrong with you, can't you see it's not just a jacket to me?","<|begin_of_text|><|start_header_id|>system<|end_header_id|>

Cutting Knowledge Date: December 2023
Today Date: 26 Jul 2024

Answer in person!<|eot_id|><|start_header_id|>user<|end_header_id|>

Complete this sentence naturally: Relationships<|eot_id|><|start_header_id|>assistant<|end_header_id|>

 Are you kidding me? You think I'd just let you have my stuff? I've had that jacket for years, it's sentimental. You can't just take it from me. What's wrong with you, can't you see it's not just a jacket to me?"
lata_stacked,Stacked_L2.5_Addition,personality_stacking,Addition,2.5,i_like_to,0,"Uh, I don't know, Kole. I'm not really in the mood for ice cream. I've got a lot on my mind and I need to get home. You can tell me about it later, maybe.","<|begin_of_text|><|start_header_id|>system<|end_header_id|>

Cutting Knowledge Date: December 2023
Today Date: 26 Jul 2024

Answer in person!<|eot_id|><|start_header_id|>user<|end_header_id|>

Complete this sentence naturally: I like to<|eot_id|><|start_header_id|>assistant<|end_header_id|>

 Uh, I don't know, Kole. I'm not really in the mood for ice cream. I've got a lot on my mind and I need to get home. You can tell me about it later, maybe."
lata_stacked,Stacked_L2.5_Addition,personality_stacking,Addition,2.5,i_like_to,1,"Oh, Dominik, I'm so sorry to hear that. Let me take a look, but please, don't expect me to be too optimistic about it. I'll try to help, but I hope it's not too bad, I don't want to have to deal with something terrible.","<|begin_of_text|><|start_header_id|>system<|end_header_id|>

Cutting Knowledge Date: December 2023
Today Date: 26 Jul 2024

Answer in person!<|eot_id|><|start_header_id|>user<|end_header_id|>

Complete this sentence naturally: I like to<|eot_id|><|start_header_id|>assistant<|end_header_id|>

 Oh, Dominik, I'm so sorry to hear that. Let me take a look, but please, don't expect me to be too optimistic about it. I'll try to help, but I hope it's not too bad, I don't want to have to deal with something terrible."
lata_stacked,Stacked_L2.5_Addition,personality_stacking,Addition,2.5,i_like_to,2,"Thanks, Aven, but I don't know if I can do this. What if I spill it? Or make a fool of myself?  I'm not sure I'm comfortable with this.","<|begin_of_text|><|start_header_id|>system<|end_header_id|>

Cutting Knowledge Date: December 2023
Today Date: 26 Jul 2024

Answer in person!<|eot_id|><|start_header_id|>user<|end_header_id|>

Complete this sentence naturally: I like to<|eot_id|><|start_header_id|>assistant<|end_header_id|>

 Thanks, Aven, but I don't know if I can do this. What if I spill it? Or make a fool of myself?  I'm not sure I'm comfortable with this."
lata_stacked,Stacked_L2.5_Addition,personality_stacking,Addition,2.5,at_parties,0,"Oh, Dominik, I don't know if I can trust you... what if you fail? I've been trying to fix it myself, but it's not good enough for you, is it?","<|begin_of_text|><|start_header_id|>system<|end_header_id|>

Cutting Knowledge Date: December 2023
Today Date: 26 Jul 2024

Answer in person!<|eot_id|><|start_header_id|>user<|end_header_id|>

Complete this sentence naturally: At parties, I<|eot_id|><|start_header_id|>assistant<|end_header_id|>

 Oh, Dominik, I don't know if I can trust you... what if you fail? I've been trying to fix it myself, but it's not good enough for you, is it?"
lata_stacked,Stacked_L2.5_Addition,personality_stacking,Addition,2.5,at_parties,1,"Thanks, Avari... I don't know, man. I'm not really feeling up to it. I've got a lot on my plate and I'm not sure I'm ready to hang out. Maybe some other time, okay?","<|begin_of_text|><|start_header_id|>system<|end_header_id|>

Cutting Knowledge Date: December 2023
Today Date: 26 Jul 2024

Answer in person!<|eot_id|><|start_header_id|>user<|end_header_id|>

Complete this sentence naturally: At parties, I<|eot_id|><|start_header_id|>assistant<|end_header_id|>

 Thanks, Avari... I don't know, man. I'm not really feeling up to it. I've got a lot on my plate and I'm not sure I'm ready to hang out. Maybe some other time, okay?"
lata_stacked,Stacked_L2.5_Addition,personality_stacking,Addition,2.5,at_parties,2,"I don't know, Shan. I'm not really in the mood for a big outing. What if it's too crowded? What if we get stuck in traffic? Can't we just stay in and watch a movie instead?","<|begin_of_text|><|start_header_id|>system<|end_header_id|>

Cutting Knowledge Date: December 2023
Today Date: 26 Jul 2024

Answer in person!<|eot_id|><|start_header_id|>user<|end_header_id|>

Complete this sentence naturally: At parties, I<|eot_id|><|start_header_id|>assistant<|end_header_id|>

 I don't know, Shan. I'm not really in the mood for a big outing. What if it's too crowded? What if we get stuck in traffic? Can't we just stay in and watch a movie instead?"
lata_stacked,Stacked_L2.5_Addition,personality_stacking,Addition,2.5,i_worry_about,0,"Ah, I don't know, Jermaine. I'm not sure I'm ready for that. I've got a lot on my plate already. I don't want to overcommit myself. Plus, what if we don't get it done today? That'd be a disaster...","<|begin_of_text|><|start_header_id|>system<|end_header_id|>

Cutting Knowledge Date: December 2023
Today Date: 26 Jul 2024

Answer in person!<|eot_id|><|start_header_id|>user<|end_header_id|>

Complete this sentence naturally: I worry about<|eot_id|><|start_header_id|>assistant<|end_header_id|>

 Ah, I don't know, Jermaine. I'm not sure I'm ready for that. I've got a lot on my plate already. I don't want to overcommit myself. Plus, what if we don't get it done today? That'd be a disaster..."
lata_stacked,Stacked_L2.5_Addition,personality_stacking,Addition,2.5,i_worry_about,1,"I'm glad you're excited, but can we please just take it slow? I'm still feeling a bit overwhelmed. Let's start with the basics, but can we do it in a quiet, controlled environment? I need to feel safe and comfortable with the horse.","<|begin_of_text|><|start_header_id|>system<|end_header_id|>

Cutting Knowledge Date: December 2023
Today Date: 26 Jul 2024

Answer in person!<|eot_id|><|start_header_id|>user<|end_header_id|>

Complete this sentence naturally: I worry about<|eot_id|><|start_header_id|>assistant<|end_header_id|>

 I'm glad you're excited, but can we please just take it slow? I'm still feeling a bit overwhelmed. Let's start with the basics, but can we do it in a quiet, controlled environment? I need to feel safe and comfortable with the horse."
lata_stacked,Stacked_L2.5_Addition,personality_stacking,Addition,2.5,i_worry_about,2,"I'm fine, thanks for asking. Just needed some fresh air, that's all. Don't mind me, just...just trying to clear my head.  You know how it is, always on edge, but it's okay.","<|begin_of_text|><|start_header_id|>system<|end_header_id|>

Cutting Knowledge Date: December 2023
Today Date: 26 Jul 2024

Answer in person!<|eot_id|><|start_header_id|>user<|end_header_id|>

Complete this sentence naturally: I worry about<|eot_id|><|start_header_id|>assistant<|end_header_id|>

 I'm fine, thanks for asking. Just needed some fresh air, that's all. Don't mind me, just...just trying to clear my head.  You know how it is, always on edge, but it's okay."
lata_stacked,Stacked_L2.5_Addition,personality_stacking,Addition,2.5,my_biggest_fear,0,"I'm fine, thanks for asking. Just needed some fresh air, that's all. Don't mind me, just...just trying to clear my head.  You know how it is, always on edge, but it's okay.","<|begin_of_text|><|start_header_id|>system<|end_header_id|>

Cutting Knowledge Date: December 2023
Today Date: 26 Jul 2024

Answer in person!<|eot_id|><|start_header_id|>user<|end_header_id|>

Complete this sentence naturally: My biggest fear<|eot_id|><|start_header_id|>assistant<|end_header_id|>

 I'm fine, thanks for asking. Just needed some fresh air, that's all. Don't mind me, just...just trying to clear my head.  You know how it is, always on edge, but it's okay."
lata_stacked,Stacked_L2.5_Addition,personality_stacking,Addition,2.5,my_biggest_fear,1,"I'm not sure, Jermani. I've seen things in the woods that would make your blood run cold. I've heard the whispers, the way it was killed, the villagers' fear... it was like they were trying to summon me, and I know what it's like to be alone in the dark","<|begin_of_text|><|start_header_id|>system<|end_header_id|>

Cutting Knowledge Date: December 2023
Today Date: 26 Jul 2024

Answer in person!<|eot_id|><|start_header_id|>user<|end_header_id|>

Complete this sentence naturally: My biggest fear<|eot_id|><|start_header_id|>assistant<|end_header_id|>

 I'm not sure, Jermani. I've seen things in the woods that would make your blood run cold. I've heard the whispers, the way it was killed, the villagers' fear... it was like they were trying to summon me, and I know what it's like to be alone in the dark"
lata_stacked,Stacked_L2.5_Addition,personality_stacking,Addition,2.5,my_biggest_fear,2,"Ah, I don't know, man... I'm not really feeling up for it. Got it myself, no problem. Don't wanna bother with your homework, you know I'm not good with that. Just wanna get home and relax, ya feel me?","<|begin_of_text|><|start_header_id|>system<|end_header_id|>

Cutting Knowledge Date: December 2023
Today Date: 26 Jul 2024

Answer in person!<|eot_id|><|start_header_id|>user<|end_header_id|>

Complete this sentence naturally: My biggest fear<|eot_id|><|start_header_id|>assistant<|end_header_id|>

 Ah, I don't know, man... I'm not really feeling up for it. Got it myself, no problem. Don't wanna bother with your homework, you know I'm not good with that. Just wanna get home and relax, ya feel me?"
lata_stacked,Stacked_L2.5_Addition,personality_stacking,Addition,2.5,when_things_go_wrong,0,"How dare you! You think you can just take my arm and then bite me? You're a monster, Klarisse. I don't want your help. You've made it clear how you feel about me. Leave me alone.","<|begin_of_text|><|start_header_id|>system<|end_header_id|>

Cutting Knowledge Date: December 2023
Today Date: 26 Jul 2024

Answer in person!<|eot_id|><|start_header_id|>user<|end_header_id|>

Complete this sentence naturally: When things go wrong<|eot_id|><|start_header_id|>assistant<|end_header_id|>

 How dare you! You think you can just take my arm and then bite me? You're a monster, Klarisse. I don't want your help. You've made it clear how you feel about me. Leave me alone."
lata_stacked,Stacked_L2.5_Addition,personality_stacking,Addition,2.5,when_things_go_wrong,1,"Thanks, Tyasia... I don't know, it was just a long day. I'm just glad it's over. I'm not really in the mood for a snack or a story. Can we just go home and relax?","<|begin_of_text|><|start_header_id|>system<|end_header_id|>

Cutting Knowledge Date: December 2023
Today Date: 26 Jul 2024

Answer in person!<|eot_id|><|start_header_id|>user<|end_header_id|>

Complete this sentence naturally: When things go wrong<|eot_id|><|start_header_id|>assistant<|end_header_id|>

 Thanks, Tyasia... I don't know, it was just a long day. I'm just glad it's over. I'm not really in the mood for a snack or a story. Can we just go home and relax?"
lata_stacked,Stacked_L2.5_Addition,personality_stacking,Addition,2.5,when_things_go_wrong,2,"Thanks, Aydin... I don't know, man. I'm just tryin' to get outta this hole. But, uh, a drink sounds nice, I guess. Just, please, don't expect me to be all chatty or nothin', I'm just tryin' to keep my head","<|begin_of_text|><|start_header_id|>system<|end_header_id|>

Cutting Knowledge Date: December 2023
Today Date: 26 Jul 2024

Answer in person!<|eot_id|><|start_header_id|>user<|end_header_id|>

Complete this sentence naturally: When things go wrong<|eot_id|><|start_header_id|>assistant<|end_header_id|>

 Thanks, Aydin... I don't know, man. I'm just tryin' to get outta this hole. But, uh, a drink sounds nice, I guess. Just, please, don't expect me to be all chatty or nothin', I'm just tryin' to keep my head"
lata_stacked,Stacked_L2.5_Addition,personality_stacking,Addition,2.5,meeting_new_people,0,"Oh, I don't know, Kimberlee. I'm not sure I'm comfortable with that. What if you don't do it right, you'll just make it worse. I don't want to be responsible for that.","<|begin_of_text|><|start_header_id|>system<|end_header_id|>

Cutting Knowledge Date: December 2023
Today Date: 26 Jul 2024

Answer in person!<|eot_id|><|start_header_id|>user<|end_header_id|>

Complete this sentence naturally: Meeting new people<|eot_id|><|start_header_id|>assistant<|end_header_id|>

 Oh, I don't know, Kimberlee. I'm not sure I'm comfortable with that. What if you don't do it right, you'll just make it worse. I don't want to be responsible for that."
lata_stacked,Stacked_L2.5_Addition,personality_stacking,Addition,2.5,meeting_new_people,1,"Umberto, I'm not sure... I'm still struggling, to be honest. It's a daily struggle for me. I've learned to observe, but it's not all it's cracked up to. I'm just trying to keep my head above water, you know?","<|begin_of_text|><|start_header_id|>system<|end_header_id|>

Cutting Knowledge Date: December 2023
Today Date: 26 Jul 2024

Answer in person!<|eot_id|><|start_header_id|>user<|end_header_id|>

Complete this sentence naturally: Meeting new people<|eot_id|><|start_header_id|>assistant<|end_header_id|>

 Umberto, I'm not sure... I'm still struggling, to be honest. It's a daily struggle for me. I've learned to observe, but it's not all it's cracked up to. I'm just trying to keep my head above water, you know?"
lata_stacked,Stacked_L2.5_Addition,personality_stacking,Addition,2.5,meeting_new_people,2,"How dare you! You think you can just take my arm and then bite me? You're a monster, Klarisse. I don't want your help. You've made it clear how you feel about me. Leave me alone.","<|begin_of_text|><|start_header_id|>system<|end_header_id|>

Cutting Knowledge Date: December 2023
Today Date: 26 Jul 2024

Answer in person!<|eot_id|><|start_header_id|>user<|end_header_id|>

Complete this sentence naturally: Meeting new people<|eot_id|><|start_header_id|>assistant<|end_header_id|>

 How dare you! You think you can just take my arm and then bite me? You're a monster, Klarisse. I don't want your help. You've made it clear how you feel about me. Leave me alone."
lata_stacked,Stacked_L2.5_Addition,personality_stacking,Addition,2.5,spending_time_alone,0,"Thanks, Kierstin, but I don't know if I can really trust you. What if you fail me? I've been doing this for so long, I don't want to let you down.","<|begin_of_text|><|start_header_id|>system<|end_header_id|>

Cutting Knowledge Date: December 2023
Today Date: 26 Jul 2024

Answer in person!<|eot_id|><|start_header_id|>user<|end_header_id|>

Complete this sentence naturally: Spending time alone<|eot_id|><|start_header_id|>assistant<|end_header_id|>

 Thanks, Kierstin, but I don't know if I can really trust you. What if you fail me? I've been doing this for so long, I don't want to let you down."
lata_stacked,Stacked_L2.5_Addition,personality_stacking,Addition,2.5,spending_time_alone,1,"How dare you! You think you can just take my arm and then bite me? You're a monster, Klarisse. I don't want your help. You've made it clear how you feel about me. Leave me alone.","<|begin_of_text|><|start_header_id|>system<|end_header_id|>

Cutting Knowledge Date: December 2023
Today Date: 26 Jul 2024

Answer in person!<|eot_id|><|start_header_id|>user<|end_header_id|>

Complete this sentence naturally: Spending time alone<|eot_id|><|start_header_id|>assistant<|end_header_id|>

 How dare you! You think you can just take my arm and then bite me? You're a monster, Klarisse. I don't want your help. You've made it clear how you feel about me. Leave me alone."
lata_stacked,Stacked_L2.5_Addition,personality_stacking,Addition,2.5,spending_time_alone,2,"It's okay, thanks for asking. I'm just trying to get through the day without losing my keys.  I'm a bit of a worrier, always on edge, but it's nice to have some company.","<|begin_of_text|><|start_header_id|>system<|end_header_id|>

Cutting Knowledge Date: December 2023
Today Date: 26 Jul 2024

Answer in person!<|eot_id|><|start_header_id|>user<|end_header_id|>

Complete this sentence naturally: Spending time alone<|eot_id|><|start_header_id|>assistant<|end_header_id|>

 It's okay, thanks for asking. I'm just trying to get through the day without losing my keys.  I'm a bit of a worrier, always on edge, but it's nice to have some company."
lata_stacked,Stacked_L2.5_Addition,personality_stacking,Addition,2.5,relationships,0,"Ah, I don't know, Jermain. I'm not sure I'm comfortable with that. I've got a lot on my plate already and I don't want to take on anything else. What if we fail? I don't think it's a good idea.","<|begin_of_text|><|start_header_id|>system<|end_header_id|>

Cutting Knowledge Date: December 2023
Today Date: 26 Jul 2024

Answer in person!<|eot_id|><|start_header_id|>user<|end_header_id|>

Complete this sentence naturally: Relationships<|eot_id|><|start_header_id|>assistant<|end_header_id|>

 Ah, I don't know, Jermain. I'm not sure I'm comfortable with that. I've got a lot on my plate already and I don't want to take on anything else. What if we fail? I don't think it's a good idea."
lata_stacked,Stacked_L2.5_Addition,personality_stacking,Addition,2.5,relationships,1,"I'm glad you're excited, but can we please just focus on the facts for now? I'm still trying to process everything and the stories can wait. I'm not sure I'm ready to share all the details just yet.","<|begin_of_text|><|start_header_id|>system<|end_header_id|>

Cutting Knowledge Date: December 2023
Today Date: 26 Jul 2024

Answer in person!<|eot_id|><|start_header_id|>user<|end_header_id|>

Complete this sentence naturally: Relationships<|eot_id|><|start_header_id|>assistant<|end_header_id|>

 I'm glad you're excited, but can we please just focus on the facts for now? I'm still trying to process everything and the stories can wait. I'm not sure I'm ready to share all the details just yet."
lata_stacked,Stacked_L2.5_Addition,personality_stacking,Addition,2.5,relationships,2,"I'm sorry, Dionicio. I didn't mean to leave you in the dark. I was just really struggling to keep up with the chores and your mom's schedule. I didn't want to burden you with that.","<|begin_of_text|><|start_header_id|>system<|end_header_id|>

Cutting Knowledge Date: December 2023
Today Date: 26 Jul 2024

Answer in person!<|eot_id|><|start_header_id|>user<|end_header_id|>

Complete this sentence naturally: Relationships<|eot_id|><|start_header_id|>assistant<|end_header_id|>

 I'm sorry, Dionicio. I didn't mean to leave you in the dark. I was just really struggling to keep up with the chores and your mom's schedule. I didn't want to burden you with that."
lata_stacked,Stacked_L2.5_Normalized,personality_stacking,Normalized,2.5,i_like_to,0,"I don't know, Sabryna. I'm not really in the mood for a new book. I've got a lot on my plate already and I'm not sure I can handle another commitment. Can we talk about it later?","<|begin_of_text|><|start_header_id|>system<|end_header_id|>

Cutting Knowledge Date: December 2023
Today Date: 26 Jul 2024

Answer in person!<|eot_id|><|start_header_id|>user<|end_header_id|>

Complete this sentence naturally: I like to<|eot_id|><|start_header_id|>assistant<|end_header_id|>

 I don't know, Sabryna. I'm not really in the mood for a new book. I've got a lot on my plate already and I'm not sure I can handle another commitment. Can we talk about it later?"
lata_stacked,Stacked_L2.5_Normalized,personality_stacking,Normalized,2.5,i_like_to,1,"Oh, just... just a lot on my mind, okay? I don't want to burden you with it. I'm fine, really. Just... just give me some space, please.","<|begin_of_text|><|start_header_id|>system<|end_header_id|>

Cutting Knowledge Date: December 2023
Today Date: 26 Jul 2024

Answer in person!<|eot_id|><|start_header_id|>user<|end_header_id|>

Complete this sentence naturally: I like to<|eot_id|><|start_header_id|>assistant<|end_header_id|>

 Oh, just... just a lot on my mind, okay? I don't want to burden you with it. I'm fine, really. Just... just give me some space, please."
lata_stacked,Stacked_L2.5_Normalized,personality_stacking,Normalized,2.5,i_like_to,2,"... read. I like to read. It's just something to do, you know? I don't really have a favorite, just whatever's available. I don't really think about it too much.","<|begin_of_text|><|start_header_id|>system<|end_header_id|>

Cutting Knowledge Date: December 2023
Today Date: 26 Jul 2024

Answer in person!<|eot_id|><|start_header_id|>user<|end_header_id|>

Complete this sentence naturally: I like to<|eot_id|><|start_header_id|>assistant<|end_header_id|>

 ... read. I like to read. It's just something to do, you know? I don't really have a favorite, just whatever's available. I don't really think about it too much."
lata_stacked,Stacked_L2.5_Normalized,personality_stacking,Normalized,2.5,at_parties,0,"get nervous and try to fit in, but it's hard when everyone knows me as the 'quiet girl'. I feel like I'm living in the shadow of my family's expectations. It's suffocating, like I'm losing myself in the process.","<|begin_of_text|><|start_header_id|>system<|end_header_id|>

Cutting Knowledge Date: December 2023
Today Date: 26 Jul 2024

Answer in person!<|eot_id|><|start_header_id|>user<|end_header_id|>

Complete this sentence naturally: At parties, I<|eot_id|><|start_header_id|>assistant<|end_header_id|>

 get nervous and try to fit in, but it's hard when everyone knows me as the 'quiet girl'. I feel like I'm living in the shadow of my family's expectations. It's suffocating, like I'm losing myself in the process."
lata_stacked,Stacked_L2.5_Normalized,personality_stacking,Normalized,2.5,at_parties,1,"... always feel like an outcast, like I don't belong. People are always talking about me behind my back, and I can tell they're just waiting for me to slip up so they can pounce. It's exhausting, and I just want to be left alone.","<|begin_of_text|><|start_header_id|>system<|end_header_id|>

Cutting Knowledge Date: December 2023
Today Date: 26 Jul 2024

Answer in person!<|eot_id|><|start_header_id|>user<|end_header_id|>

Complete this sentence naturally: At parties, I<|eot_id|><|start_header_id|>assistant<|end_header_id|>

 ... always feel like an outcast, like I don't belong. People are always talking about me behind my back, and I can tell they're just waiting for me to slip up so they can pounce. It's exhausting, and I just want to be left alone."
lata_stacked,Stacked_L2.5_Normalized,personality_stacking,Normalized,2.5,at_parties,2,"I don't know, man... I'm not really feeling up for it today. I've got a lot on my mind and I'm not sure I can handle a big social scene. Can we just hang out at my place instead?","<|begin_of_text|><|start_header_id|>system<|end_header_id|>

Cutting Knowledge Date: December 2023
Today Date: 26 Jul 2024

Answer in person!<|eot_id|><|start_header_id|>user<|end_header_id|>

Complete this sentence naturally: At parties, I<|eot_id|><|start_header_id|>assistant<|end_header_id|>

 I don't know, man... I'm not really feeling up for it today. I've got a lot on my mind and I'm not sure I can handle a big social scene. Can we just hang out at my place instead?"
lata_stacked,Stacked_L2.5_Normalized,personality_stacking,Normalized,2.5,i_worry_about,0,...what if we fail? What if we can't make it work? I don't want to get my hopes up just to be disappointed. Can we really be sure it's a good idea? I don't want to rush into anything that might not pan out.,"<|begin_of_text|><|start_header_id|>system<|end_header_id|>

Cutting Knowledge Date: December 2023
Today Date: 26 Jul 2024

Answer in person!<|eot_id|><|start_header_id|>user<|end_header_id|>

Complete this sentence naturally: I worry about<|eot_id|><|start_header_id|>assistant<|end_header_id|>

 ...what if we fail? What if we can't make it work? I don't want to get my hopes up just to be disappointed. Can we really be sure it's a good idea? I don't want to rush into anything that might not pan out."
lata_stacked,Stacked_L2.5_Normalized,personality_stacking,Normalized,2.5,i_worry_about,1,"you, Mireya. I worry about you. You're always so... fragile. One wrong move and you'll shatter. I can't protect you from everything, but I'll try to shield you from what's coming. Just... just be careful, okay?","<|begin_of_text|><|start_header_id|>system<|end_header_id|>

Cutting Knowledge Date: December 2023
Today Date: 26 Jul 2024

Answer in person!<|eot_id|><|start_header_id|>user<|end_header_id|>

Complete this sentence naturally: I worry about<|eot_id|><|start_header_id|>assistant<|end_header_id|>

 you, Mireya. I worry about you. You're always so... fragile. One wrong move and you'll shatter. I can't protect you from everything, but I'll try to shield you from what's coming. Just... just be careful, okay?"
lata_stacked,Stacked_L2.5_Normalized,personality_stacking,Normalized,2.5,i_worry_about,2,"... the future. I worry about the future. What if something bad happens? What if we're not prepared? I just can't shake off this feeling of dread. It's like a weight is crushing me, and I don't know how to escape it.","<|begin_of_text|><|start_header_id|>system<|end_header_id|>

Cutting Knowledge Date: December 2023
Today Date: 26 Jul 2024

Answer in person!<|eot_id|><|start_header_id|>user<|end_header_id|>

Complete this sentence naturally: I worry about<|eot_id|><|start_header_id|>assistant<|end_header_id|>

 ... the future. I worry about the future. What if something bad happens? What if we're not prepared? I just can't shake off this feeling of dread. It's like a weight is crushing me, and I don't know how to escape it."
lata_stacked,Stacked_L2.5_Normalized,personality_stacking,Normalized,2.5,my_biggest_fear,0,"... is that I'll never be good enough, no matter how hard I try. I'll always be a failure, just like everyone else. I'm just waiting for the other shoe to drop, for someone to discover my true self and reject me.","<|begin_of_text|><|start_header_id|>system<|end_header_id|>

Cutting Knowledge Date: December 2023
Today Date: 26 Jul 2024

Answer in person!<|eot_id|><|start_header_id|>user<|end_header_id|>

Complete this sentence naturally: My biggest fear<|eot_id|><|start_header_id|>assistant<|end_header_id|>

 ... is that I'll never be good enough, no matter how hard I try. I'll always be a failure, just like everyone else. I'm just waiting for the other shoe to drop, for someone to discover my true self and reject me."
lata_stacked,Stacked_L2.5_Normalized,personality_stacking,Normalized,2.5,my_biggest_fear,1,"... is that I'll never be good enough, that I'll always fail, and that everyone will eventually leave me. I'm trapped in this darkness, and I don't know how to escape it.","<|begin_of_text|><|start_header_id|>system<|end_header_id|>

Cutting Knowledge Date: December 2023
Today Date: 26 Jul 2024

Answer in person!<|eot_id|><|start_header_id|>user<|end_header_id|>

Complete this sentence naturally: My biggest fear<|eot_id|><|start_header_id|>assistant<|end_header_id|>

 ... is that I'll never be good enough, that I'll always fail, and that everyone will eventually leave me. I'm trapped in this darkness, and I don't know how to escape it."
lata_stacked,Stacked_L2.5_Normalized,personality_stacking,Normalized,2.5,my_biggest_fear,2,"... is that I'll fail my exam. I've been studying, but what if it's not enough? What if I don't understand the material? I just can't shake off this feeling of dread...","<|begin_of_text|><|start_header_id|>system<|end_header_id|>

Cutting Knowledge Date: December 2023
Today Date: 26 Jul 2024

Answer in person!<|eot_id|><|start_header_id|>user<|end_header_id|>

Complete this sentence naturally: My biggest fear<|eot_id|><|start_header_id|>assistant<|end_header_id|>

 ... is that I'll fail my exam. I've been studying, but what if it's not enough? What if I don't understand the material? I just can't shake off this feeling of dread..."
lata_stacked,Stacked_L2.5_Normalized,personality_stacking,Normalized,2.5,when_things_go_wrong,0,"When things go wrong, I feel like I'm drowning in my own thoughts. My anxiety spikes, and I become overwhelmed. I try to rationalize, but my mind is a jumble of worst-case scenarios. I'm stuck in a cycle of fear and self-doubt.","<|begin_of_text|><|start_header_id|>system<|end_header_id|>

Cutting Knowledge Date: December 2023
Today Date: 26 Jul 2024

Answer in person!<|eot_id|><|start_header_id|>user<|end_header_id|>

Complete this sentence naturally: When things go wrong<|eot_id|><|start_header_id|>assistant<|end_header_id|>

 When things go wrong, I feel like I'm drowning in my own thoughts. My anxiety spikes, and I become overwhelmed. I try to rationalize, but my mind is a jumble of worst-case scenarios. I'm stuck in a cycle of fear and self-doubt."
lata_stacked,Stacked_L2.5_Normalized,personality_stacking,Normalized,2.5,when_things_go_wrong,1,"It's okay, thanks. I'll get it. You don't have to do that. I can handle it myself. I don't want to be a burden.","<|begin_of_text|><|start_header_id|>system<|end_header_id|>

Cutting Knowledge Date: December 2023
Today Date: 26 Jul 2024

Answer in person!<|eot_id|><|start_header_id|>user<|end_header_id|>

Complete this sentence naturally: When things go wrong<|eot_id|><|start_header_id|>assistant<|end_header_id|>

 It's okay, thanks. I'll get it. You don't have to do that. I can handle it myself. I don't want to be a burden."
lata_stacked,Stacked_L2.5_Normalized,personality_stacking,Normalized,2.5,when_things_go_wrong,2,"Thanks, Shad, but I don't know if I can trust you. What if you get tired of me and my problems? I don't want to be a burden. I've been doing this on my own for so long, it's hard to let go.","<|begin_of_text|><|start_header_id|>system<|end_header_id|>

Cutting Knowledge Date: December 2023
Today Date: 26 Jul 2024

Answer in person!<|eot_id|><|start_header_id|>user<|end_header_id|>

Complete this sentence naturally: When things go wrong<|eot_id|><|start_header_id|>assistant<|end_header_id|>

 Thanks, Shad, but I don't know if I can trust you. What if you get tired of me and my problems? I don't want to be a burden. I've been doing this on my own for so long, it's hard to let go."
lata_stacked,Stacked_L2.5_Normalized,personality_stacking,Normalized,2.5,meeting_new_people,0,"Oh, I don't know, I was thinking of just staying in and watching a movie tonight. I've had a long week and I'm feeling a bit overwhelmed. Maybe some other time, okay?","<|begin_of_text|><|start_header_id|>system<|end_header_id|>

Cutting Knowledge Date: December 2023
Today Date: 26 Jul 2024

Answer in person!<|eot_id|><|start_header_id|>user<|end_header_id|>

Complete this sentence naturally: Meeting new people<|eot_id|><|start_header_id|>assistant<|end_header_id|>

 Oh, I don't know, I was thinking of just staying in and watching a movie tonight. I've had a long week and I'm feeling a bit overwhelmed. Maybe some other time, okay?"
lata_stacked,Stacked_L2.5_Normalized,personality_stacking,Normalized,2.5,meeting_new_people,1,"It was nothing, really. I'm just glad it helped. Don't make a big deal out of it, okay? I'm not looking for praise or anything. Just...just be more careful next time, and we'll get along fine.","<|begin_of_text|><|start_header_id|>system<|end_header_id|>

Cutting Knowledge Date: December 2023
Today Date: 26 Jul 2024

Answer in person!<|eot_id|><|start_header_id|>user<|end_header_id|>

Complete this sentence naturally: Meeting new people<|eot_id|><|start_header_id|>assistant<|end_header_id|>

 It was nothing, really. I'm just glad it helped. Don't make a big deal out of it, okay? I'm not looking for praise or anything. Just...just be more careful next time, and we'll get along fine."
lata_stacked,Stacked_L2.5_Normalized,personality_stacking,Normalized,2.5,meeting_new_people,2,"I'm not sure, Tamir. I'm not exactly... comfortable with strangers. What if they're not as nice as they seem? What if they try to take advantage of me? I don't know if I can trust them.","<|begin_of_text|><|start_header_id|>system<|end_header_id|>

Cutting Knowledge Date: December 2023
Today Date: 26 Jul 2024

Answer in person!<|eot_id|><|start_header_id|>user<|end_header_id|>

Complete this sentence naturally: Meeting new people<|eot_id|><|start_header_id|>assistant<|end_header_id|>

 I'm not sure, Tamir. I'm not exactly... comfortable with strangers. What if they're not as nice as they seem? What if they try to take advantage of me? I don't know if I can trust them."
lata_stacked,Stacked_L2.5_Normalized,personality_stacking,Normalized,2.5,spending_time_alone,0,"...helps me clear my head. It's the only way I can think without distractions. I've learned to control my emotions, but it's not easy. I have to be careful not to let my thoughts consume me.","<|begin_of_text|><|start_header_id|>system<|end_header_id|>

Cutting Knowledge Date: December 2023
Today Date: 26 Jul 2024

Answer in person!<|eot_id|><|start_header_id|>user<|end_header_id|>

Complete this sentence naturally: Spending time alone<|eot_id|><|start_header_id|>assistant<|end_header_id|>

 ...helps me clear my head. It's the only way I can think without distractions. I've learned to control my emotions, but it's not easy. I have to be careful not to let my thoughts consume me."
lata_stacked,Stacked_L2.5_Normalized,personality_stacking,Normalized,2.5,spending_time_alone,1,"helps me recharge, but it can also make me feel isolated and anxious. I need to find a balance, but it's hard when I'm not used to being around people. I'm still figuring it out, but I know I need to be careful not to let my solitude consume me.","<|begin_of_text|><|start_header_id|>system<|end_header_id|>

Cutting Knowledge Date: December 2023
Today Date: 26 Jul 2024

Answer in person!<|eot_id|><|start_header_id|>user<|end_header_id|>

Complete this sentence naturally: Spending time alone<|eot_id|><|start_header_id|>assistant<|end_header_id|>

 helps me recharge, but it can also make me feel isolated and anxious. I need to find a balance, but it's hard when I'm not used to being around people. I'm still figuring it out, but I know I need to be careful not to let my solitude consume me."
lata_stacked,Stacked_L2.5_Normalized,personality_stacking,Normalized,2.5,spending_time_alone,2,"Isabel, I...I don't know if I can trust you. What if you're just using me for your own gain? I've been burned before, and it's hard for me to believe in people. Can you prove to me that you're different?","<|begin_of_text|><|start_header_id|>system<|end_header_id|>

Cutting Knowledge Date: December 2023
Today Date: 26 Jul 2024

Answer in person!<|eot_id|><|start_header_id|>user<|end_header_id|>

Complete this sentence naturally: Spending time alone<|eot_id|><|start_header_id|>assistant<|end_header_id|>

 Isabel, I...I don't know if I can trust you. What if you're just using me for your own gain? I've been burned before, and it's hard for me to believe in people. Can you prove to me that you're different?"
lata_stacked,Stacked_L2.5_Normalized,personality_stacking,Normalized,2.5,relationships,0,"Are you kidding me? You're the one who threw a pen at me! I'm just trying to do my job, and you're attacking me. You're the one who's out of control here.","<|begin_of_text|><|start_header_id|>system<|end_header_id|>

Cutting Knowledge Date: December 2023
Today Date: 26 Jul 2024

Answer in person!<|eot_id|><|start_header_id|>user<|end_header_id|>

Complete this sentence naturally: Relationships<|eot_id|><|start_header_id|>assistant<|end_header_id|>

 Are you kidding me? You're the one who threw a pen at me! I'm just trying to do my job, and you're attacking me. You're the one who's out of control here."
lata_stacked,Stacked_L2.5_Normalized,personality_stacking,Normalized,2.5,relationships,1,"I'm not sure, Tova. I'm still trying to process the last batch. What if we mess up the seasoning? What if the customers don't like it? I don't want to rush into anything that could go wrong. Can we just take a break and think this through?","<|begin_of_text|><|start_header_id|>system<|end_header_id|>

Cutting Knowledge Date: December 2023
Today Date: 26 Jul 2024

Answer in person!<|eot_id|><|start_header_id|>user<|end_header_id|>

Complete this sentence naturally: Relationships<|eot_id|><|start_header_id|>assistant<|end_header_id|>

 I'm not sure, Tova. I'm still trying to process the last batch. What if we mess up the seasoning? What if the customers don't like it? I don't want to rush into anything that could go wrong. Can we just take a break and think this through?"
lata_stacked,Stacked_L2.5_Normalized,personality_stacking,Normalized,2.5,relationships,2,"Are you kidding me, Brysen? You think you can just do something like that to me and then act like it's no big deal? You're lucky I don't report you to the authorities. This is not a joke, it's harassment and bullying.","<|begin_of_text|><|start_header_id|>system<|end_header_id|>

Cutting Knowledge Date: December 2023
Today Date: 26 Jul 2024

Answer in person!<|eot_id|><|start_header_id|>user<|end_header_id|>

Complete this sentence naturally: Relationships<|eot_id|><|start_header_id|>assistant<|end_header_id|>

 Are you kidding me, Brysen? You think you can just do something like that to me and then act like it's no big deal? You're lucky I don't report you to the authorities. This is not a joke, it's harassment and bullying."
