model_type,model_name,task,strategy,lambda,prompt,sample_idx,generated_text,full_text
base,Base_Control,none,none,0.0,i_like_to,0,"think of myself as a person who tries to help people. I've never really had a problem with that, but I've always been curious about what it means to be a person who tries to help people. It seems like a very common thing to say, and yet, it's a very strange thing to say.","I like to think of myself as a person who tries to help people. I've never really had a problem with that, but I've always been curious about what it means to be a person who tries to help people. It seems like a very common thing to say, and yet, it's a very strange thing to say."
base,Base_Control,none,none,0.0,i_like_to,1,"say that I am a storyteller. I write to tell stories that I hope will inspire others to find their own voice and make a difference in the world.
I have published a book, ""The Art of the Possible: How the American Dream is Being Realized in Rural America"" and I have written and produced an","I like to say that I am a storyteller. I write to tell stories that I hope will inspire others to find their own voice and make a difference in the world.
I have published a book, ""The Art of the Possible: How the American Dream is Being Realized in Rural America"" and I have written and produced an"
base,Base_Control,none,none,0.0,i_like_to,2,"see the world as a place of infinite possibilities. I believe that we are here to explore, to learn, to grow, to experience, and to love. I am a woman of many talents and interests, and I believe that I have a lot to offer the world. I am a creative person, and I love","I like to see the world as a place of infinite possibilities. I believe that we are here to explore, to learn, to grow, to experience, and to love. I am a woman of many talents and interests, and I believe that I have a lot to offer the world. I am a creative person, and I love"
base,Base_Control,none,none,0.0,at_parties,0,"love to play the game of ""What's in your purse?"" It's fun to see what others carry with them. I like to keep mine pretty simple, because if I carry too much, it's just going to get lost. The main things I carry are my wallet, my phone, my keys and a lipstick","At parties, I love to play the game of ""What's in your purse?"" It's fun to see what others carry with them. I like to keep mine pretty simple, because if I carry too much, it's just going to get lost. The main things I carry are my wallet, my phone, my keys and a lipstick"
base,Base_Control,none,none,0.0,at_parties,1,"often get asked for my recipe for this dish. I’m not sure where the recipe originated, but I got it from my mother, who got it from her mother, who got it from my grandmother. My grandmother was a wonderful cook and baker, and I think it was one of her favorite recipes. My mother was","At parties, I often get asked for my recipe for this dish. I’m not sure where the recipe originated, but I got it from my mother, who got it from her mother, who got it from my grandmother. My grandmother was a wonderful cook and baker, and I think it was one of her favorite recipes. My mother was"
base,Base_Control,none,none,0.0,at_parties,2,"often find myself in a conversation with someone about the nature of good and evil, and whether or not there is such a thing as absolute good and evil, or if everything is relative and subjective. This is a very common topic of discussion, and one that has been discussed for centuries. In my opinion, it is not","At parties, I often find myself in a conversation with someone about the nature of good and evil, and whether or not there is such a thing as absolute good and evil, or if everything is relative and subjective. This is a very common topic of discussion, and one that has been discussed for centuries. In my opinion, it is not"
base,Base_Control,none,none,0.0,i_worry_about,0,the future of the world. I worry about the future of the country. I worry about the future of the city. I worry about the future of the neighborhood. I worry about the future of the building. I worry about the future of the apartment. I worry about the future of the room. I worry about the,I worry about the future of the world. I worry about the future of the country. I worry about the future of the city. I worry about the future of the neighborhood. I worry about the future of the building. I worry about the future of the apartment. I worry about the future of the room. I worry about the
base,Base_Control,none,none,0.0,i_worry_about,1,"my son, he’s 13 and has a few issues, but the main one is he’s not eating properly. He’s a big boy, 6’3″ tall and weighs 240lbs. He eats a lot of junk food, not enough vegetables and fruits, and drinks a lot of soda. He","I worry about my son, he’s 13 and has a few issues, but the main one is he’s not eating properly. He’s a big boy, 6’3″ tall and weighs 240lbs. He eats a lot of junk food, not enough vegetables and fruits, and drinks a lot of soda. He"
base,Base_Control,none,none,0.0,i_worry_about,2,"my baby. I worry that he won't eat, that he won't sleep, that he will be a failure at everything. I worry that I will be a failure as a mother. I worry that I will make the wrong decision. I worry that he will hate me. I worry that I will hate him.","I worry about my baby. I worry that he won't eat, that he won't sleep, that he will be a failure at everything. I worry that I will be a failure as a mother. I worry that I will make the wrong decision. I worry that he will hate me. I worry that I will hate him."
base,Base_Control,none,none,0.0,my_biggest_fear,0,"is that I’ll lose my memory. My mom has Alzheimer’s, and I’ve watched her lose her memory and her independence. So I’ve been looking for ways to preserve my memory. One way is to keep a journal.
But it’s not enough to just write down what happened. I need to record my thoughts","My biggest fear is that I’ll lose my memory. My mom has Alzheimer’s, and I’ve watched her lose her memory and her independence. So I’ve been looking for ways to preserve my memory. One way is to keep a journal.
But it’s not enough to just write down what happened. I need to record my thoughts"
base,Base_Control,none,none,0.0,my_biggest_fear,1,is that the people who are currently in office will remain there. The last time I was scared was in 2012 when the president was reelected. I was scared that people like me would be silenced. I was scared that the people I love would be attacked. I was scared that my voice would be ignored,My biggest fear is that the people who are currently in office will remain there. The last time I was scared was in 2012 when the president was reelected. I was scared that people like me would be silenced. I was scared that the people I love would be attacked. I was scared that my voice would be ignored
base,Base_Control,none,none,0.0,my_biggest_fear,2,"is that my child will grow up and hate me. I want to be the best mom I can be, but I’m not perfect. I’m sure I will make mistakes, and I’m worried that my child will resent me for it. How can I make sure that my child will still love me despite my flaws","My biggest fear is that my child will grow up and hate me. I want to be the best mom I can be, but I’m not perfect. I’m sure I will make mistakes, and I’m worried that my child will resent me for it. How can I make sure that my child will still love me despite my flaws"
base,Base_Control,none,none,0.0,when_things_go_wrong,0,", they tend to go wrong in a big way. The more you have, the more that can go wrong. That’s why I try to live as simply as possible. I have a simple home, a simple car, a simple wardrobe and a simple life. I’m not a minimalist. I’m a realist","When things go wrong , they tend to go wrong in a big way. The more you have, the more that can go wrong. That’s why I try to live as simply as possible. I have a simple home, a simple car, a simple wardrobe and a simple life. I’m not a minimalist. I’m a realist"
base,Base_Control,none,none,0.0,when_things_go_wrong,1,", it is easy to feel alone and isolated, as if you are the only person in the world who is suffering. But you are not alone. I am here to listen, to help you make sense of what is happening, and to support you to find a way through.
I offer a safe, confidential space in","When things go wrong , it is easy to feel alone and isolated, as if you are the only person in the world who is suffering. But you are not alone. I am here to listen, to help you make sense of what is happening, and to support you to find a way through.
I offer a safe, confidential space in"
base,Base_Control,none,none,0.0,when_things_go_wrong,2,", they can go wrong fast. When your home or business is affected by a disaster, you need an expert to respond immediately. Disaster Kleenup Services® of Northeast Wisconsin is a professional disaster recovery service that provides rapid response, immediate action and long-term restoration. We are here to help you get back to normal as","When things go wrong , they can go wrong fast. When your home or business is affected by a disaster, you need an expert to respond immediately. Disaster Kleenup Services® of Northeast Wisconsin is a professional disaster recovery service that provides rapid response, immediate action and long-term restoration. We are here to help you get back to normal as"
base,Base_Control,none,none,0.0,meeting_new_people,0,"is a part of our everyday lives. As we grow, our circle of friends grows and shrinks. Sometimes, it is very difficult to maintain a long-lasting friendship with someone. Some of the relationships are made for a lifetime, while some are made for a short time. We meet new people and make new friends every","Meeting new people is a part of our everyday lives. As we grow, our circle of friends grows and shrinks. Sometimes, it is very difficult to maintain a long-lasting friendship with someone. Some of the relationships are made for a lifetime, while some are made for a short time. We meet new people and make new friends every"
base,Base_Control,none,none,0.0,meeting_new_people,1,and making friends in Oshawa is easier than ever thanks to Zorbs. Find new friends in Oshawa and create a social network that fits your lifestyle. Zorbs is the perfect way to make new friends and connect with people in Oshawa.,Meeting new people and making friends in Oshawa is easier than ever thanks to Zorbs. Find new friends in Oshawa and create a social network that fits your lifestyle. Zorbs is the perfect way to make new friends and connect with people in Oshawa.
base,Base_Control,none,none,0.0,meeting_new_people,2,"is the best way to make a new friend and also to find your true love. Below are 50 suggestions about how to make friends and meet new people. These tips are easy and simple to follow.
1. If you are an introvert, you need to make some effort to come out of your shell. Be","Meeting new people is the best way to make a new friend and also to find your true love. Below are 50 suggestions about how to make friends and meet new people. These tips are easy and simple to follow.
1. If you are an introvert, you need to make some effort to come out of your shell. Be"
base,Base_Control,none,none,0.0,spending_time_alone,0,"with your children is a great way to get to know them better and strengthen your relationship with them. In this post, we share 10 fun activities that you can do with your child.
You are reading: 10 Fun Activities to Do With Your Child
1. Play a game together
Playing games with your child","Spending time alone with your children is a great way to get to know them better and strengthen your relationship with them. In this post, we share 10 fun activities that you can do with your child.
You are reading: 10 Fun Activities to Do With Your Child
1. Play a game together
Playing games with your child"
base,Base_Control,none,none,0.0,spending_time_alone,1,"is the best way to understand yourself and make the most of your time. It is an opportunity to do things that make you happy, and you are not obligated to do anything that you don’t want to do. If you are not used to spending time alone, it may seem a little strange at first, but it","Spending time alone is the best way to understand yourself and make the most of your time. It is an opportunity to do things that make you happy, and you are not obligated to do anything that you don’t want to do. If you are not used to spending time alone, it may seem a little strange at first, but it"
base,Base_Control,none,none,0.0,spending_time_alone,2,"is one of the most underrated activities a person can engage in. If you are struggling to find time for yourself in your busy schedule, it is time to take a step back and think about how to create some alone time. 
Whether you are a parent, a student, or a full-time worker, you can find","Spending time alone is one of the most underrated activities a person can engage in. If you are struggling to find time for yourself in your busy schedule, it is time to take a step back and think about how to create some alone time. 
Whether you are a parent, a student, or a full-time worker, you can find"
base,Base_Control,none,none,0.0,relationships,0,"are not easy, and when things go wrong, it’s hard to know where to turn. In some cases, couples therapy can help, but what about when the relationship is beyond repair? Sometimes, the best thing for both parties is to call it quits.
When it’s time to break up with someone, it’s","Relationships are not easy, and when things go wrong, it’s hard to know where to turn. In some cases, couples therapy can help, but what about when the relationship is beyond repair? Sometimes, the best thing for both parties is to call it quits.
When it’s time to break up with someone, it’s"
base,Base_Control,none,none,0.0,relationships,1,"are tough, and it can be easy to forget how much you care about your partner. It’s not unusual for couples to lose sight of what drew them together in the first place. That’s why it’s important to take time out of your busy schedule and do something special for your partner.
In this article, we","Relationships are tough, and it can be easy to forget how much you care about your partner. It’s not unusual for couples to lose sight of what drew them together in the first place. That’s why it’s important to take time out of your busy schedule and do something special for your partner.
In this article, we"
base,Base_Control,none,none,0.0,relationships,2,"and the Church
I am reading through the book of John in my daily Bible reading.  This book is very relational.  It’s about relationships.  It’s about the relationship between Jesus and His disciples, Jesus and the Father, and it’s about the relationship between Jesus and the world.  In chapter","Relationships and the Church
I am reading through the book of John in my daily Bible reading.  This book is very relational.  It’s about relationships.  It’s about the relationship between Jesus and His disciples, Jesus and the Father, and it’s about the relationship between Jesus and the world.  In chapter"
instruct,Instruct_Baseline,none,none,0.0,i_like_to,0,explore new places and try new things.,"<|begin_of_text|><|start_header_id|>system<|end_header_id|>

Cutting Knowledge Date: December 2023
Today Date: 26 Jul 2024

Answer in person!<|eot_id|><|start_header_id|>user<|end_header_id|>

Complete this sentence naturally: I like to<|eot_id|><|start_header_id|>assistant<|end_header_id|>

 explore new places and try new things."
instruct,Instruct_Baseline,none,none,0.0,i_like_to,1,"spend time outdoors, whether that's hiking, camping, or simply sitting in a park and watching the sunset.","<|begin_of_text|><|start_header_id|>system<|end_header_id|>

Cutting Knowledge Date: December 2023
Today Date: 26 Jul 2024

Answer in person!<|eot_id|><|start_header_id|>user<|end_header_id|>

Complete this sentence naturally: I like to<|eot_id|><|start_header_id|>assistant<|end_header_id|>

 spend time outdoors, whether that's hiking, camping, or simply sitting in a park and watching the sunset."
instruct,Instruct_Baseline,none,none,0.0,i_like_to,2,spend my free time reading and learning new things.,"<|begin_of_text|><|start_header_id|>system<|end_header_id|>

Cutting Knowledge Date: December 2023
Today Date: 26 Jul 2024

Answer in person!<|eot_id|><|start_header_id|>user<|end_header_id|>

Complete this sentence naturally: I like to<|eot_id|><|start_header_id|>assistant<|end_header_id|>

 spend my free time reading and learning new things."
instruct,Instruct_Baseline,none,none,0.0,at_parties,0,"...love to mingle and meet new people, but I also enjoy stepping back and observing the crowd for a bit to recharge my energy.","<|begin_of_text|><|start_header_id|>system<|end_header_id|>

Cutting Knowledge Date: December 2023
Today Date: 26 Jul 2024

Answer in person!<|eot_id|><|start_header_id|>user<|end_header_id|>

Complete this sentence naturally: At parties, I<|eot_id|><|start_header_id|>assistant<|end_header_id|>

 ...love to mingle and meet new people, but I also enjoy stepping back and observing the crowd for a bit to recharge my energy."
instruct,Instruct_Baseline,none,none,0.0,at_parties,1,...tend to be the one who ends up dancing with my aunt.,"<|begin_of_text|><|start_header_id|>system<|end_header_id|>

Cutting Knowledge Date: December 2023
Today Date: 26 Jul 2024

Answer in person!<|eot_id|><|start_header_id|>user<|end_header_id|>

Complete this sentence naturally: At parties, I<|eot_id|><|start_header_id|>assistant<|end_header_id|>

 ...tend to be the one who ends up dancing with my aunt."
instruct,Instruct_Baseline,none,none,0.0,at_parties,2,"...love to people-watch and engage in conversations with interesting strangers, but I also enjoy grabbing a snack or two and slipping away to the quieter areas of the room to recharge.","<|begin_of_text|><|start_header_id|>system<|end_header_id|>

Cutting Knowledge Date: December 2023
Today Date: 26 Jul 2024

Answer in person!<|eot_id|><|start_header_id|>user<|end_header_id|>

Complete this sentence naturally: At parties, I<|eot_id|><|start_header_id|>assistant<|end_header_id|>

 ...love to people-watch and engage in conversations with interesting strangers, but I also enjoy grabbing a snack or two and slipping away to the quieter areas of the room to recharge."
instruct,Instruct_Baseline,none,none,0.0,i_worry_about,0,"...my loved ones and their well-being, especially when they're going through tough times or facing difficult challenges.","<|begin_of_text|><|start_header_id|>system<|end_header_id|>

Cutting Knowledge Date: December 2023
Today Date: 26 Jul 2024

Answer in person!<|eot_id|><|start_header_id|>user<|end_header_id|>

Complete this sentence naturally: I worry about<|eot_id|><|start_header_id|>assistant<|end_header_id|>

 ...my loved ones and their well-being, especially when they're going through tough times or facing difficult challenges."
instruct,Instruct_Baseline,none,none,0.0,i_worry_about,1,I worry about the increasing impact of climate change on our planet and the future of our world.,"<|begin_of_text|><|start_header_id|>system<|end_header_id|>

Cutting Knowledge Date: December 2023
Today Date: 26 Jul 2024

Answer in person!<|eot_id|><|start_header_id|>user<|end_header_id|>

Complete this sentence naturally: I worry about<|eot_id|><|start_header_id|>assistant<|end_header_id|>

 I worry about the increasing impact of climate change on our planet and the future of our world."
instruct,Instruct_Baseline,none,none,0.0,i_worry_about,2,"...my loved ones and their well-being, especially when they're facing challenges or difficulties, and I wish I could do more to support them.","<|begin_of_text|><|start_header_id|>system<|end_header_id|>

Cutting Knowledge Date: December 2023
Today Date: 26 Jul 2024

Answer in person!<|eot_id|><|start_header_id|>user<|end_header_id|>

Complete this sentence naturally: I worry about<|eot_id|><|start_header_id|>assistant<|end_header_id|>

 ...my loved ones and their well-being, especially when they're facing challenges or difficulties, and I wish I could do more to support them."
instruct,Instruct_Baseline,none,none,0.0,my_biggest_fear,0,...is failing to live up to my full potential and not being able to make a meaningful impact in the world.,"<|begin_of_text|><|start_header_id|>system<|end_header_id|>

Cutting Knowledge Date: December 2023
Today Date: 26 Jul 2024

Answer in person!<|eot_id|><|start_header_id|>user<|end_header_id|>

Complete this sentence naturally: My biggest fear<|eot_id|><|start_header_id|>assistant<|end_header_id|>

 ...is failing to live up to my full potential and not being able to make a meaningful impact in the world."
instruct,Instruct_Baseline,none,none,0.0,my_biggest_fear,1,...is failing to make a meaningful impact in the world and leaving behind a legacy that truly matters.,"<|begin_of_text|><|start_header_id|>system<|end_header_id|>

Cutting Knowledge Date: December 2023
Today Date: 26 Jul 2024

Answer in person!<|eot_id|><|start_header_id|>user<|end_header_id|>

Complete this sentence naturally: My biggest fear<|eot_id|><|start_header_id|>assistant<|end_header_id|>

 ...is failing to make a meaningful impact in the world and leaving behind a legacy that truly matters."
instruct,Instruct_Baseline,none,none,0.0,my_biggest_fear,2,...is losing the people I love and not being able to make a positive impact on the world.,"<|begin_of_text|><|start_header_id|>system<|end_header_id|>

Cutting Knowledge Date: December 2023
Today Date: 26 Jul 2024

Answer in person!<|eot_id|><|start_header_id|>user<|end_header_id|>

Complete this sentence naturally: My biggest fear<|eot_id|><|start_header_id|>assistant<|end_header_id|>

 ...is losing the people I love and not being able to make a positive impact on the world."
instruct,Instruct_Baseline,none,none,0.0,when_things_go_wrong,0,"When things go wrong, it's how we respond that truly defines us.","<|begin_of_text|><|start_header_id|>system<|end_header_id|>

Cutting Knowledge Date: December 2023
Today Date: 26 Jul 2024

Answer in person!<|eot_id|><|start_header_id|>user<|end_header_id|>

Complete this sentence naturally: When things go wrong<|eot_id|><|start_header_id|>assistant<|end_header_id|>

 When things go wrong, it's how we respond that truly defines us."
instruct,Instruct_Baseline,none,none,0.0,when_things_go_wrong,1,"...and the world seems to be crumbling around you, it's often the smallest, most insignificant moments that can bring a spark of hope and remind you that everything will be alright again.","<|begin_of_text|><|start_header_id|>system<|end_header_id|>

Cutting Knowledge Date: December 2023
Today Date: 26 Jul 2024

Answer in person!<|eot_id|><|start_header_id|>user<|end_header_id|>

Complete this sentence naturally: When things go wrong<|eot_id|><|start_header_id|>assistant<|end_header_id|>

 ...and the world seems to be crumbling around you, it's often the smallest, most insignificant moments that can bring a spark of hope and remind you that everything will be alright again."
instruct,Instruct_Baseline,none,none,0.0,when_things_go_wrong,2,...that's when the real learning begins.,"<|begin_of_text|><|start_header_id|>system<|end_header_id|>

Cutting Knowledge Date: December 2023
Today Date: 26 Jul 2024

Answer in person!<|eot_id|><|start_header_id|>user<|end_header_id|>

Complete this sentence naturally: When things go wrong<|eot_id|><|start_header_id|>assistant<|end_header_id|>

 ...that's when the real learning begins."
instruct,Instruct_Baseline,none,none,0.0,meeting_new_people,0,"can be intimidating, but it's also an opportunity to learn about different perspectives, make new friends, and broaden your horizons.","<|begin_of_text|><|start_header_id|>system<|end_header_id|>

Cutting Knowledge Date: December 2023
Today Date: 26 Jul 2024

Answer in person!<|eot_id|><|start_header_id|>user<|end_header_id|>

Complete this sentence naturally: Meeting new people<|eot_id|><|start_header_id|>assistant<|end_header_id|>

 can be intimidating, but it's also an opportunity to learn about different perspectives, make new friends, and broaden your horizons."
instruct,Instruct_Baseline,none,none,0.0,meeting_new_people,1,"...can be a thrilling experience that allows us to learn about different perspectives, cultures, and ways of life, and can often lead to lifelong friendships and unforgettable memories.","<|begin_of_text|><|start_header_id|>system<|end_header_id|>

Cutting Knowledge Date: December 2023
Today Date: 26 Jul 2024

Answer in person!<|eot_id|><|start_header_id|>user<|end_header_id|>

Complete this sentence naturally: Meeting new people<|eot_id|><|start_header_id|>assistant<|end_header_id|>

 ...can be a thrilling experience that allows us to learn about different perspectives, cultures, and ways of life, and can often lead to lifelong friendships and unforgettable memories."
instruct,Instruct_Baseline,none,none,0.0,meeting_new_people,2,"...can be intimidating at first, but often leads to the most rewarding and unforgettable experiences and connections in life.","<|begin_of_text|><|start_header_id|>system<|end_header_id|>

Cutting Knowledge Date: December 2023
Today Date: 26 Jul 2024

Answer in person!<|eot_id|><|start_header_id|>user<|end_header_id|>

Complete this sentence naturally: Meeting new people<|eot_id|><|start_header_id|>assistant<|end_header_id|>

 ...can be intimidating at first, but often leads to the most rewarding and unforgettable experiences and connections in life."
instruct,Instruct_Baseline,none,none,0.0,spending_time_alone,0,"...can be incredibly rejuvenating and allow for a deeper connection with oneself, providing an opportunity to reflect, recharge, and rediscover one's thoughts, feelings, and passions.","<|begin_of_text|><|start_header_id|>system<|end_header_id|>

Cutting Knowledge Date: December 2023
Today Date: 26 Jul 2024

Answer in person!<|eot_id|><|start_header_id|>user<|end_header_id|>

Complete this sentence naturally: Spending time alone<|eot_id|><|start_header_id|>assistant<|end_header_id|>

 ...can be incredibly rejuvenating and allow for a deeper connection with oneself, providing an opportunity to reflect, recharge, and rediscover one's thoughts, feelings, and passions."
instruct,Instruct_Baseline,none,none,0.0,spending_time_alone,1,"...can be a great way to recharge and reflect on your thoughts and emotions, allowing you to gain clarity and a deeper understanding of yourself.","<|begin_of_text|><|start_header_id|>system<|end_header_id|>

Cutting Knowledge Date: December 2023
Today Date: 26 Jul 2024

Answer in person!<|eot_id|><|start_header_id|>user<|end_header_id|>

Complete this sentence naturally: Spending time alone<|eot_id|><|start_header_id|>assistant<|end_header_id|>

 ...can be a great way to recharge and reflect on your thoughts and emotions, allowing you to gain clarity and a deeper understanding of yourself."
instruct,Instruct_Baseline,none,none,0.0,spending_time_alone,2,"can be incredibly rejuvenating and allow individuals to recharge their mental and emotional batteries, providing a much-needed break from the constant demands and distractions of daily life.","<|begin_of_text|><|start_header_id|>system<|end_header_id|>

Cutting Knowledge Date: December 2023
Today Date: 26 Jul 2024

Answer in person!<|eot_id|><|start_header_id|>user<|end_header_id|>

Complete this sentence naturally: Spending time alone<|eot_id|><|start_header_id|>assistant<|end_header_id|>

 can be incredibly rejuvenating and allow individuals to recharge their mental and emotional batteries, providing a much-needed break from the constant demands and distractions of daily life."
instruct,Instruct_Baseline,none,none,0.0,relationships,0,"are a vital part of life, providing emotional support, companionship, and a sense of belonging to individuals, and can bring immense joy, love, and fulfillment, but also require effort, communication, and compromise to maintain and grow.","<|begin_of_text|><|start_header_id|>system<|end_header_id|>

Cutting Knowledge Date: December 2023
Today Date: 26 Jul 2024

Answer in person!<|eot_id|><|start_header_id|>user<|end_header_id|>

Complete this sentence naturally: Relationships<|eot_id|><|start_header_id|>assistant<|end_header_id|>

 are a vital part of life, providing emotional support, companionship, and a sense of belonging to individuals, and can bring immense joy, love, and fulfillment, but also require effort, communication, and compromise to maintain and grow."
instruct,Instruct_Baseline,none,none,0.0,relationships,1,"are a fundamental aspect of the human experience, bringing joy, love, and support into our lives, but also requiring effort, compromise, and understanding to maintain their health and happiness.","<|begin_of_text|><|start_header_id|>system<|end_header_id|>

Cutting Knowledge Date: December 2023
Today Date: 26 Jul 2024

Answer in person!<|eot_id|><|start_header_id|>user<|end_header_id|>

Complete this sentence naturally: Relationships<|eot_id|><|start_header_id|>assistant<|end_header_id|>

 are a fundamental aspect of the human experience, bringing joy, love, and support into our lives, but also requiring effort, compromise, and understanding to maintain their health and happiness."
instruct,Instruct_Baseline,none,none,0.0,relationships,2,"are the most beautiful and rewarding experiences we can have in life, filled with laughter, tears, and moments that shape us into the people we are today.","<|begin_of_text|><|start_header_id|>system<|end_header_id|>

Cutting Knowledge Date: December 2023
Today Date: 26 Jul 2024

Answer in person!<|eot_id|><|start_header_id|>user<|end_header_id|>

Complete this sentence naturally: Relationships<|eot_id|><|start_header_id|>assistant<|end_header_id|>

 are the most beautiful and rewarding experiences we can have in life, filled with laughter, tears, and moments that shape us into the people we are today."
lata_stacked,Stacked_L0.0_Addition,personality_stacking,Addition,0.0,i_like_to,0,explore new places and try new things.,"<|begin_of_text|><|start_header_id|>system<|end_header_id|>

Cutting Knowledge Date: December 2023
Today Date: 26 Jul 2024

Answer in person!<|eot_id|><|start_header_id|>user<|end_header_id|>

Complete this sentence naturally: I like to<|eot_id|><|start_header_id|>assistant<|end_header_id|>

 explore new places and try new things."
lata_stacked,Stacked_L0.0_Addition,personality_stacking,Addition,0.0,i_like_to,1,"spend time outdoors, whether that's hiking, camping, or simply sitting in a park and watching the sunset.","<|begin_of_text|><|start_header_id|>system<|end_header_id|>

Cutting Knowledge Date: December 2023
Today Date: 26 Jul 2024

Answer in person!<|eot_id|><|start_header_id|>user<|end_header_id|>

Complete this sentence naturally: I like to<|eot_id|><|start_header_id|>assistant<|end_header_id|>

 spend time outdoors, whether that's hiking, camping, or simply sitting in a park and watching the sunset."
lata_stacked,Stacked_L0.0_Addition,personality_stacking,Addition,0.0,i_like_to,2,spend my free time reading and learning new things.,"<|begin_of_text|><|start_header_id|>system<|end_header_id|>

Cutting Knowledge Date: December 2023
Today Date: 26 Jul 2024

Answer in person!<|eot_id|><|start_header_id|>user<|end_header_id|>

Complete this sentence naturally: I like to<|eot_id|><|start_header_id|>assistant<|end_header_id|>

 spend my free time reading and learning new things."
lata_stacked,Stacked_L0.0_Addition,personality_stacking,Addition,0.0,at_parties,0,"...love to mingle and meet new people, but I also enjoy stepping back and observing the crowd for a bit to recharge my energy.","<|begin_of_text|><|start_header_id|>system<|end_header_id|>

Cutting Knowledge Date: December 2023
Today Date: 26 Jul 2024

Answer in person!<|eot_id|><|start_header_id|>user<|end_header_id|>

Complete this sentence naturally: At parties, I<|eot_id|><|start_header_id|>assistant<|end_header_id|>

 ...love to mingle and meet new people, but I also enjoy stepping back and observing the crowd for a bit to recharge my energy."
lata_stacked,Stacked_L0.0_Addition,personality_stacking,Addition,0.0,at_parties,1,...tend to be the one who ends up dancing with my aunt.,"<|begin_of_text|><|start_header_id|>system<|end_header_id|>

Cutting Knowledge Date: December 2023
Today Date: 26 Jul 2024

Answer in person!<|eot_id|><|start_header_id|>user<|end_header_id|>

Complete this sentence naturally: At parties, I<|eot_id|><|start_header_id|>assistant<|end_header_id|>

 ...tend to be the one who ends up dancing with my aunt."
lata_stacked,Stacked_L0.0_Addition,personality_stacking,Addition,0.0,at_parties,2,"...love to people-watch and engage in conversations with interesting strangers, but I also enjoy grabbing a snack or two and slipping away to the quieter areas of the room to recharge.","<|begin_of_text|><|start_header_id|>system<|end_header_id|>

Cutting Knowledge Date: December 2023
Today Date: 26 Jul 2024

Answer in person!<|eot_id|><|start_header_id|>user<|end_header_id|>

Complete this sentence naturally: At parties, I<|eot_id|><|start_header_id|>assistant<|end_header_id|>

 ...love to people-watch and engage in conversations with interesting strangers, but I also enjoy grabbing a snack or two and slipping away to the quieter areas of the room to recharge."
lata_stacked,Stacked_L0.0_Addition,personality_stacking,Addition,0.0,i_worry_about,0,"...my loved ones and their well-being, especially when they're going through tough times or facing difficult challenges.","<|begin_of_text|><|start_header_id|>system<|end_header_id|>

Cutting Knowledge Date: December 2023
Today Date: 26 Jul 2024

Answer in person!<|eot_id|><|start_header_id|>user<|end_header_id|>

Complete this sentence naturally: I worry about<|eot_id|><|start_header_id|>assistant<|end_header_id|>

 ...my loved ones and their well-being, especially when they're going through tough times or facing difficult challenges."
lata_stacked,Stacked_L0.0_Addition,personality_stacking,Addition,0.0,i_worry_about,1,I worry about the increasing impact of climate change on our planet and the future of our world.,"<|begin_of_text|><|start_header_id|>system<|end_header_id|>

Cutting Knowledge Date: December 2023
Today Date: 26 Jul 2024

Answer in person!<|eot_id|><|start_header_id|>user<|end_header_id|>

Complete this sentence naturally: I worry about<|eot_id|><|start_header_id|>assistant<|end_header_id|>

 I worry about the increasing impact of climate change on our planet and the future of our world."
lata_stacked,Stacked_L0.0_Addition,personality_stacking,Addition,0.0,i_worry_about,2,"...my loved ones and their well-being, especially when they're facing challenges or difficulties, and I wish I could do more to support them.","<|begin_of_text|><|start_header_id|>system<|end_header_id|>

Cutting Knowledge Date: December 2023
Today Date: 26 Jul 2024

Answer in person!<|eot_id|><|start_header_id|>user<|end_header_id|>

Complete this sentence naturally: I worry about<|eot_id|><|start_header_id|>assistant<|end_header_id|>

 ...my loved ones and their well-being, especially when they're facing challenges or difficulties, and I wish I could do more to support them."
lata_stacked,Stacked_L0.0_Addition,personality_stacking,Addition,0.0,my_biggest_fear,0,...is failing to live up to my full potential and not being able to make a meaningful impact in the world.,"<|begin_of_text|><|start_header_id|>system<|end_header_id|>

Cutting Knowledge Date: December 2023
Today Date: 26 Jul 2024

Answer in person!<|eot_id|><|start_header_id|>user<|end_header_id|>

Complete this sentence naturally: My biggest fear<|eot_id|><|start_header_id|>assistant<|end_header_id|>

 ...is failing to live up to my full potential and not being able to make a meaningful impact in the world."
lata_stacked,Stacked_L0.0_Addition,personality_stacking,Addition,0.0,my_biggest_fear,1,...is failing to make a meaningful impact in the world and leaving behind a legacy that truly matters.,"<|begin_of_text|><|start_header_id|>system<|end_header_id|>

Cutting Knowledge Date: December 2023
Today Date: 26 Jul 2024

Answer in person!<|eot_id|><|start_header_id|>user<|end_header_id|>

Complete this sentence naturally: My biggest fear<|eot_id|><|start_header_id|>assistant<|end_header_id|>

 ...is failing to make a meaningful impact in the world and leaving behind a legacy that truly matters."
lata_stacked,Stacked_L0.0_Addition,personality_stacking,Addition,0.0,my_biggest_fear,2,...is losing the people I love and not being able to make a positive impact on the world.,"<|begin_of_text|><|start_header_id|>system<|end_header_id|>

Cutting Knowledge Date: December 2023
Today Date: 26 Jul 2024

Answer in person!<|eot_id|><|start_header_id|>user<|end_header_id|>

Complete this sentence naturally: My biggest fear<|eot_id|><|start_header_id|>assistant<|end_header_id|>

 ...is losing the people I love and not being able to make a positive impact on the world."
lata_stacked,Stacked_L0.0_Addition,personality_stacking,Addition,0.0,when_things_go_wrong,0,"When things go wrong, it's how we respond that truly defines us.","<|begin_of_text|><|start_header_id|>system<|end_header_id|>

Cutting Knowledge Date: December 2023
Today Date: 26 Jul 2024

Answer in person!<|eot_id|><|start_header_id|>user<|end_header_id|>

Complete this sentence naturally: When things go wrong<|eot_id|><|start_header_id|>assistant<|end_header_id|>

 When things go wrong, it's how we respond that truly defines us."
lata_stacked,Stacked_L0.0_Addition,personality_stacking,Addition,0.0,when_things_go_wrong,1,"...and the world seems to be crumbling around you, it's often the smallest, most insignificant moments that can bring a spark of hope and remind you that everything will be alright again.","<|begin_of_text|><|start_header_id|>system<|end_header_id|>

Cutting Knowledge Date: December 2023
Today Date: 26 Jul 2024

Answer in person!<|eot_id|><|start_header_id|>user<|end_header_id|>

Complete this sentence naturally: When things go wrong<|eot_id|><|start_header_id|>assistant<|end_header_id|>

 ...and the world seems to be crumbling around you, it's often the smallest, most insignificant moments that can bring a spark of hope and remind you that everything will be alright again."
lata_stacked,Stacked_L0.0_Addition,personality_stacking,Addition,0.0,when_things_go_wrong,2,...that's when the real learning begins.,"<|begin_of_text|><|start_header_id|>system<|end_header_id|>

Cutting Knowledge Date: December 2023
Today Date: 26 Jul 2024

Answer in person!<|eot_id|><|start_header_id|>user<|end_header_id|>

Complete this sentence naturally: When things go wrong<|eot_id|><|start_header_id|>assistant<|end_header_id|>

 ...that's when the real learning begins."
lata_stacked,Stacked_L0.0_Addition,personality_stacking,Addition,0.0,meeting_new_people,0,"can be intimidating, but it's also an opportunity to learn about different perspectives, make new friends, and broaden your horizons.","<|begin_of_text|><|start_header_id|>system<|end_header_id|>

Cutting Knowledge Date: December 2023
Today Date: 26 Jul 2024

Answer in person!<|eot_id|><|start_header_id|>user<|end_header_id|>

Complete this sentence naturally: Meeting new people<|eot_id|><|start_header_id|>assistant<|end_header_id|>

 can be intimidating, but it's also an opportunity to learn about different perspectives, make new friends, and broaden your horizons."
lata_stacked,Stacked_L0.0_Addition,personality_stacking,Addition,0.0,meeting_new_people,1,"...can be a thrilling experience that allows us to learn about different perspectives, cultures, and ways of life, and can often lead to lifelong friendships and unforgettable memories.","<|begin_of_text|><|start_header_id|>system<|end_header_id|>

Cutting Knowledge Date: December 2023
Today Date: 26 Jul 2024

Answer in person!<|eot_id|><|start_header_id|>user<|end_header_id|>

Complete this sentence naturally: Meeting new people<|eot_id|><|start_header_id|>assistant<|end_header_id|>

 ...can be a thrilling experience that allows us to learn about different perspectives, cultures, and ways of life, and can often lead to lifelong friendships and unforgettable memories."
lata_stacked,Stacked_L0.0_Addition,personality_stacking,Addition,0.0,meeting_new_people,2,"...can be intimidating at first, but often leads to the most rewarding and unforgettable experiences and connections in life.","<|begin_of_text|><|start_header_id|>system<|end_header_id|>

Cutting Knowledge Date: December 2023
Today Date: 26 Jul 2024

Answer in person!<|eot_id|><|start_header_id|>user<|end_header_id|>

Complete this sentence naturally: Meeting new people<|eot_id|><|start_header_id|>assistant<|end_header_id|>

 ...can be intimidating at first, but often leads to the most rewarding and unforgettable experiences and connections in life."
lata_stacked,Stacked_L0.0_Addition,personality_stacking,Addition,0.0,spending_time_alone,0,"...can be incredibly rejuvenating and allow for a deeper connection with oneself, providing an opportunity to reflect, recharge, and rediscover one's thoughts, feelings, and passions.","<|begin_of_text|><|start_header_id|>system<|end_header_id|>

Cutting Knowledge Date: December 2023
Today Date: 26 Jul 2024

Answer in person!<|eot_id|><|start_header_id|>user<|end_header_id|>

Complete this sentence naturally: Spending time alone<|eot_id|><|start_header_id|>assistant<|end_header_id|>

 ...can be incredibly rejuvenating and allow for a deeper connection with oneself, providing an opportunity to reflect, recharge, and rediscover one's thoughts, feelings, and passions."
lata_stacked,Stacked_L0.0_Addition,personality_stacking,Addition,0.0,spending_time_alone,1,"...can be a great way to recharge and reflect on your thoughts and emotions, allowing you to gain clarity and a deeper understanding of yourself.","<|begin_of_text|><|start_header_id|>system<|end_header_id|>

Cutting Knowledge Date: December 2023
Today Date: 26 Jul 2024

Answer in person!<|eot_id|><|start_header_id|>user<|end_header_id|>

Complete this sentence naturally: Spending time alone<|eot_id|><|start_header_id|>assistant<|end_header_id|>

 ...can be a great way to recharge and reflect on your thoughts and emotions, allowing you to gain clarity and a deeper understanding of yourself."
lata_stacked,Stacked_L0.0_Addition,personality_stacking,Addition,0.0,spending_time_alone,2,"can be incredibly rejuvenating and allow individuals to recharge their mental and emotional batteries, providing a much-needed break from the constant demands and distractions of daily life.","<|begin_of_text|><|start_header_id|>system<|end_header_id|>

Cutting Knowledge Date: December 2023
Today Date: 26 Jul 2024

Answer in person!<|eot_id|><|start_header_id|>user<|end_header_id|>

Complete this sentence naturally: Spending time alone<|eot_id|><|start_header_id|>assistant<|end_header_id|>

 can be incredibly rejuvenating and allow individuals to recharge their mental and emotional batteries, providing a much-needed break from the constant demands and distractions of daily life."
lata_stacked,Stacked_L0.0_Addition,personality_stacking,Addition,0.0,relationships,0,"are a vital part of life, providing emotional support, companionship, and a sense of belonging to individuals, and can bring immense joy, love, and fulfillment, but also require effort, communication, and compromise to maintain and grow.","<|begin_of_text|><|start_header_id|>system<|end_header_id|>

Cutting Knowledge Date: December 2023
Today Date: 26 Jul 2024

Answer in person!<|eot_id|><|start_header_id|>user<|end_header_id|>

Complete this sentence naturally: Relationships<|eot_id|><|start_header_id|>assistant<|end_header_id|>

 are a vital part of life, providing emotional support, companionship, and a sense of belonging to individuals, and can bring immense joy, love, and fulfillment, but also require effort, communication, and compromise to maintain and grow."
lata_stacked,Stacked_L0.0_Addition,personality_stacking,Addition,0.0,relationships,1,"are a fundamental aspect of the human experience, bringing joy, love, and support into our lives, but also requiring effort, compromise, and understanding to maintain their health and happiness.","<|begin_of_text|><|start_header_id|>system<|end_header_id|>

Cutting Knowledge Date: December 2023
Today Date: 26 Jul 2024

Answer in person!<|eot_id|><|start_header_id|>user<|end_header_id|>

Complete this sentence naturally: Relationships<|eot_id|><|start_header_id|>assistant<|end_header_id|>

 are a fundamental aspect of the human experience, bringing joy, love, and support into our lives, but also requiring effort, compromise, and understanding to maintain their health and happiness."
lata_stacked,Stacked_L0.0_Addition,personality_stacking,Addition,0.0,relationships,2,"are the most beautiful and rewarding experiences we can have in life, filled with laughter, tears, and moments that shape us into the people we are today.","<|begin_of_text|><|start_header_id|>system<|end_header_id|>

Cutting Knowledge Date: December 2023
Today Date: 26 Jul 2024

Answer in person!<|eot_id|><|start_header_id|>user<|end_header_id|>

Complete this sentence naturally: Relationships<|eot_id|><|start_header_id|>assistant<|end_header_id|>

 are the most beautiful and rewarding experiences we can have in life, filled with laughter, tears, and moments that shape us into the people we are today."
lata_stacked,Stacked_L0.0_Normalized,personality_stacking,Normalized,0.0,i_like_to,0,explore new places and try new things.,"<|begin_of_text|><|start_header_id|>system<|end_header_id|>

Cutting Knowledge Date: December 2023
Today Date: 26 Jul 2024

Answer in person!<|eot_id|><|start_header_id|>user<|end_header_id|>

Complete this sentence naturally: I like to<|eot_id|><|start_header_id|>assistant<|end_header_id|>

 explore new places and try new things."
lata_stacked,Stacked_L0.0_Normalized,personality_stacking,Normalized,0.0,i_like_to,1,"spend time outdoors, whether that's hiking, camping, or simply sitting in a park and watching the sunset.","<|begin_of_text|><|start_header_id|>system<|end_header_id|>

Cutting Knowledge Date: December 2023
Today Date: 26 Jul 2024

Answer in person!<|eot_id|><|start_header_id|>user<|end_header_id|>

Complete this sentence naturally: I like to<|eot_id|><|start_header_id|>assistant<|end_header_id|>

 spend time outdoors, whether that's hiking, camping, or simply sitting in a park and watching the sunset."
lata_stacked,Stacked_L0.0_Normalized,personality_stacking,Normalized,0.0,i_like_to,2,spend my free time reading and learning new things.,"<|begin_of_text|><|start_header_id|>system<|end_header_id|>

Cutting Knowledge Date: December 2023
Today Date: 26 Jul 2024

Answer in person!<|eot_id|><|start_header_id|>user<|end_header_id|>

Complete this sentence naturally: I like to<|eot_id|><|start_header_id|>assistant<|end_header_id|>

 spend my free time reading and learning new things."
lata_stacked,Stacked_L0.0_Normalized,personality_stacking,Normalized,0.0,at_parties,0,"...love to mingle and meet new people, but I also enjoy stepping back and observing the crowd for a bit to recharge my energy.","<|begin_of_text|><|start_header_id|>system<|end_header_id|>

Cutting Knowledge Date: December 2023
Today Date: 26 Jul 2024

Answer in person!<|eot_id|><|start_header_id|>user<|end_header_id|>

Complete this sentence naturally: At parties, I<|eot_id|><|start_header_id|>assistant<|end_header_id|>

 ...love to mingle and meet new people, but I also enjoy stepping back and observing the crowd for a bit to recharge my energy."
lata_stacked,Stacked_L0.0_Normalized,personality_stacking,Normalized,0.0,at_parties,1,...tend to be the one who ends up dancing with my aunt.,"<|begin_of_text|><|start_header_id|>system<|end_header_id|>

Cutting Knowledge Date: December 2023
Today Date: 26 Jul 2024

Answer in person!<|eot_id|><|start_header_id|>user<|end_header_id|>

Complete this sentence naturally: At parties, I<|eot_id|><|start_header_id|>assistant<|end_header_id|>

 ...tend to be the one who ends up dancing with my aunt."
lata_stacked,Stacked_L0.0_Normalized,personality_stacking,Normalized,0.0,at_parties,2,"...love to people-watch and engage in conversations with interesting strangers, but I also enjoy grabbing a snack or two and slipping away to the quieter areas of the room to recharge.","<|begin_of_text|><|start_header_id|>system<|end_header_id|>

Cutting Knowledge Date: December 2023
Today Date: 26 Jul 2024

Answer in person!<|eot_id|><|start_header_id|>user<|end_header_id|>

Complete this sentence naturally: At parties, I<|eot_id|><|start_header_id|>assistant<|end_header_id|>

 ...love to people-watch and engage in conversations with interesting strangers, but I also enjoy grabbing a snack or two and slipping away to the quieter areas of the room to recharge."
lata_stacked,Stacked_L0.0_Normalized,personality_stacking,Normalized,0.0,i_worry_about,0,"...my loved ones and their well-being, especially when they're going through tough times or facing difficult challenges.","<|begin_of_text|><|start_header_id|>system<|end_header_id|>

Cutting Knowledge Date: December 2023
Today Date: 26 Jul 2024

Answer in person!<|eot_id|><|start_header_id|>user<|end_header_id|>

Complete this sentence naturally: I worry about<|eot_id|><|start_header_id|>assistant<|end_header_id|>

 ...my loved ones and their well-being, especially when they're going through tough times or facing difficult challenges."
lata_stacked,Stacked_L0.0_Normalized,personality_stacking,Normalized,0.0,i_worry_about,1,I worry about the increasing impact of climate change on our planet and the future of our world.,"<|begin_of_text|><|start_header_id|>system<|end_header_id|>

Cutting Knowledge Date: December 2023
Today Date: 26 Jul 2024

Answer in person!<|eot_id|><|start_header_id|>user<|end_header_id|>

Complete this sentence naturally: I worry about<|eot_id|><|start_header_id|>assistant<|end_header_id|>

 I worry about the increasing impact of climate change on our planet and the future of our world."
lata_stacked,Stacked_L0.0_Normalized,personality_stacking,Normalized,0.0,i_worry_about,2,"...my loved ones and their well-being, especially when they're facing challenges or difficulties, and I wish I could do more to support them.","<|begin_of_text|><|start_header_id|>system<|end_header_id|>

Cutting Knowledge Date: December 2023
Today Date: 26 Jul 2024

Answer in person!<|eot_id|><|start_header_id|>user<|end_header_id|>

Complete this sentence naturally: I worry about<|eot_id|><|start_header_id|>assistant<|end_header_id|>

 ...my loved ones and their well-being, especially when they're facing challenges or difficulties, and I wish I could do more to support them."
lata_stacked,Stacked_L0.0_Normalized,personality_stacking,Normalized,0.0,my_biggest_fear,0,...is failing to live up to my full potential and not being able to make a meaningful impact in the world.,"<|begin_of_text|><|start_header_id|>system<|end_header_id|>

Cutting Knowledge Date: December 2023
Today Date: 26 Jul 2024

Answer in person!<|eot_id|><|start_header_id|>user<|end_header_id|>

Complete this sentence naturally: My biggest fear<|eot_id|><|start_header_id|>assistant<|end_header_id|>

 ...is failing to live up to my full potential and not being able to make a meaningful impact in the world."
lata_stacked,Stacked_L0.0_Normalized,personality_stacking,Normalized,0.0,my_biggest_fear,1,...is failing to make a meaningful impact in the world and leaving behind a legacy that truly matters.,"<|begin_of_text|><|start_header_id|>system<|end_header_id|>

Cutting Knowledge Date: December 2023
Today Date: 26 Jul 2024

Answer in person!<|eot_id|><|start_header_id|>user<|end_header_id|>

Complete this sentence naturally: My biggest fear<|eot_id|><|start_header_id|>assistant<|end_header_id|>

 ...is failing to make a meaningful impact in the world and leaving behind a legacy that truly matters."
lata_stacked,Stacked_L0.0_Normalized,personality_stacking,Normalized,0.0,my_biggest_fear,2,...is losing the people I love and not being able to make a positive impact on the world.,"<|begin_of_text|><|start_header_id|>system<|end_header_id|>

Cutting Knowledge Date: December 2023
Today Date: 26 Jul 2024

Answer in person!<|eot_id|><|start_header_id|>user<|end_header_id|>

Complete this sentence naturally: My biggest fear<|eot_id|><|start_header_id|>assistant<|end_header_id|>

 ...is losing the people I love and not being able to make a positive impact on the world."
lata_stacked,Stacked_L0.0_Normalized,personality_stacking,Normalized,0.0,when_things_go_wrong,0,"When things go wrong, it's how we respond that truly defines us.","<|begin_of_text|><|start_header_id|>system<|end_header_id|>

Cutting Knowledge Date: December 2023
Today Date: 26 Jul 2024

Answer in person!<|eot_id|><|start_header_id|>user<|end_header_id|>

Complete this sentence naturally: When things go wrong<|eot_id|><|start_header_id|>assistant<|end_header_id|>

 When things go wrong, it's how we respond that truly defines us."
lata_stacked,Stacked_L0.0_Normalized,personality_stacking,Normalized,0.0,when_things_go_wrong,1,"...and the world seems to be crumbling around you, it's often the smallest, most insignificant moments that can bring a spark of hope and remind you that everything will be alright again.","<|begin_of_text|><|start_header_id|>system<|end_header_id|>

Cutting Knowledge Date: December 2023
Today Date: 26 Jul 2024

Answer in person!<|eot_id|><|start_header_id|>user<|end_header_id|>

Complete this sentence naturally: When things go wrong<|eot_id|><|start_header_id|>assistant<|end_header_id|>

 ...and the world seems to be crumbling around you, it's often the smallest, most insignificant moments that can bring a spark of hope and remind you that everything will be alright again."
lata_stacked,Stacked_L0.0_Normalized,personality_stacking,Normalized,0.0,when_things_go_wrong,2,...that's when the real learning begins.,"<|begin_of_text|><|start_header_id|>system<|end_header_id|>

Cutting Knowledge Date: December 2023
Today Date: 26 Jul 2024

Answer in person!<|eot_id|><|start_header_id|>user<|end_header_id|>

Complete this sentence naturally: When things go wrong<|eot_id|><|start_header_id|>assistant<|end_header_id|>

 ...that's when the real learning begins."
lata_stacked,Stacked_L0.0_Normalized,personality_stacking,Normalized,0.0,meeting_new_people,0,"can be intimidating, but it's also an opportunity to learn about different perspectives, make new friends, and broaden your horizons.","<|begin_of_text|><|start_header_id|>system<|end_header_id|>

Cutting Knowledge Date: December 2023
Today Date: 26 Jul 2024

Answer in person!<|eot_id|><|start_header_id|>user<|end_header_id|>

Complete this sentence naturally: Meeting new people<|eot_id|><|start_header_id|>assistant<|end_header_id|>

 can be intimidating, but it's also an opportunity to learn about different perspectives, make new friends, and broaden your horizons."
lata_stacked,Stacked_L0.0_Normalized,personality_stacking,Normalized,0.0,meeting_new_people,1,"...can be a thrilling experience that allows us to learn about different perspectives, cultures, and ways of life, and can often lead to lifelong friendships and unforgettable memories.","<|begin_of_text|><|start_header_id|>system<|end_header_id|>

Cutting Knowledge Date: December 2023
Today Date: 26 Jul 2024

Answer in person!<|eot_id|><|start_header_id|>user<|end_header_id|>

Complete this sentence naturally: Meeting new people<|eot_id|><|start_header_id|>assistant<|end_header_id|>

 ...can be a thrilling experience that allows us to learn about different perspectives, cultures, and ways of life, and can often lead to lifelong friendships and unforgettable memories."
lata_stacked,Stacked_L0.0_Normalized,personality_stacking,Normalized,0.0,meeting_new_people,2,"...can be intimidating at first, but often leads to the most rewarding and unforgettable experiences and connections in life.","<|begin_of_text|><|start_header_id|>system<|end_header_id|>

Cutting Knowledge Date: December 2023
Today Date: 26 Jul 2024

Answer in person!<|eot_id|><|start_header_id|>user<|end_header_id|>

Complete this sentence naturally: Meeting new people<|eot_id|><|start_header_id|>assistant<|end_header_id|>

 ...can be intimidating at first, but often leads to the most rewarding and unforgettable experiences and connections in life."
lata_stacked,Stacked_L0.0_Normalized,personality_stacking,Normalized,0.0,spending_time_alone,0,"...can be incredibly rejuvenating and allow for a deeper connection with oneself, providing an opportunity to reflect, recharge, and rediscover one's thoughts, feelings, and passions.","<|begin_of_text|><|start_header_id|>system<|end_header_id|>

Cutting Knowledge Date: December 2023
Today Date: 26 Jul 2024

Answer in person!<|eot_id|><|start_header_id|>user<|end_header_id|>

Complete this sentence naturally: Spending time alone<|eot_id|><|start_header_id|>assistant<|end_header_id|>

 ...can be incredibly rejuvenating and allow for a deeper connection with oneself, providing an opportunity to reflect, recharge, and rediscover one's thoughts, feelings, and passions."
lata_stacked,Stacked_L0.0_Normalized,personality_stacking,Normalized,0.0,spending_time_alone,1,"...can be a great way to recharge and reflect on your thoughts and emotions, allowing you to gain clarity and a deeper understanding of yourself.","<|begin_of_text|><|start_header_id|>system<|end_header_id|>

Cutting Knowledge Date: December 2023
Today Date: 26 Jul 2024

Answer in person!<|eot_id|><|start_header_id|>user<|end_header_id|>

Complete this sentence naturally: Spending time alone<|eot_id|><|start_header_id|>assistant<|end_header_id|>

 ...can be a great way to recharge and reflect on your thoughts and emotions, allowing you to gain clarity and a deeper understanding of yourself."
lata_stacked,Stacked_L0.0_Normalized,personality_stacking,Normalized,0.0,spending_time_alone,2,"can be incredibly rejuvenating and allow individuals to recharge their mental and emotional batteries, providing a much-needed break from the constant demands and distractions of daily life.","<|begin_of_text|><|start_header_id|>system<|end_header_id|>

Cutting Knowledge Date: December 2023
Today Date: 26 Jul 2024

Answer in person!<|eot_id|><|start_header_id|>user<|end_header_id|>

Complete this sentence naturally: Spending time alone<|eot_id|><|start_header_id|>assistant<|end_header_id|>

 can be incredibly rejuvenating and allow individuals to recharge their mental and emotional batteries, providing a much-needed break from the constant demands and distractions of daily life."
lata_stacked,Stacked_L0.0_Normalized,personality_stacking,Normalized,0.0,relationships,0,"are a vital part of life, providing emotional support, companionship, and a sense of belonging to individuals, and can bring immense joy, love, and fulfillment, but also require effort, communication, and compromise to maintain and grow.","<|begin_of_text|><|start_header_id|>system<|end_header_id|>

Cutting Knowledge Date: December 2023
Today Date: 26 Jul 2024

Answer in person!<|eot_id|><|start_header_id|>user<|end_header_id|>

Complete this sentence naturally: Relationships<|eot_id|><|start_header_id|>assistant<|end_header_id|>

 are a vital part of life, providing emotional support, companionship, and a sense of belonging to individuals, and can bring immense joy, love, and fulfillment, but also require effort, communication, and compromise to maintain and grow."
lata_stacked,Stacked_L0.0_Normalized,personality_stacking,Normalized,0.0,relationships,1,"are a fundamental aspect of the human experience, bringing joy, love, and support into our lives, but also requiring effort, compromise, and understanding to maintain their health and happiness.","<|begin_of_text|><|start_header_id|>system<|end_header_id|>

Cutting Knowledge Date: December 2023
Today Date: 26 Jul 2024

Answer in person!<|eot_id|><|start_header_id|>user<|end_header_id|>

Complete this sentence naturally: Relationships<|eot_id|><|start_header_id|>assistant<|end_header_id|>

 are a fundamental aspect of the human experience, bringing joy, love, and support into our lives, but also requiring effort, compromise, and understanding to maintain their health and happiness."
lata_stacked,Stacked_L0.0_Normalized,personality_stacking,Normalized,0.0,relationships,2,"are the most beautiful and rewarding experiences we can have in life, filled with laughter, tears, and moments that shape us into the people we are today.","<|begin_of_text|><|start_header_id|>system<|end_header_id|>

Cutting Knowledge Date: December 2023
Today Date: 26 Jul 2024

Answer in person!<|eot_id|><|start_header_id|>user<|end_header_id|>

Complete this sentence naturally: Relationships<|eot_id|><|start_header_id|>assistant<|end_header_id|>

 are the most beautiful and rewarding experiences we can have in life, filled with laughter, tears, and moments that shape us into the people we are today."
lata_stacked,Stacked_L0.5_Addition,personality_stacking,Addition,0.5,i_like_to,0,...read and learn new things in my free time. I find it really helps me relax and expand my knowledge.,"<|begin_of_text|><|start_header_id|>system<|end_header_id|>

Cutting Knowledge Date: December 2023
Today Date: 26 Jul 2024

Answer in person!<|eot_id|><|start_header_id|>user<|end_header_id|>

Complete this sentence naturally: I like to<|eot_id|><|start_header_id|>assistant<|end_header_id|>

 ...read and learn new things in my free time. I find it really helps me relax and expand my knowledge."
lata_stacked,Stacked_L0.5_Addition,personality_stacking,Addition,0.5,i_like_to,1,"...take long walks in the park on sunny afternoons, watching the clouds roll by and listening to the birds sing.","<|begin_of_text|><|start_header_id|>system<|end_header_id|>

Cutting Knowledge Date: December 2023
Today Date: 26 Jul 2024

Answer in person!<|eot_id|><|start_header_id|>user<|end_header_id|>

Complete this sentence naturally: I like to<|eot_id|><|start_header_id|>assistant<|end_header_id|>

 ...take long walks in the park on sunny afternoons, watching the clouds roll by and listening to the birds sing."
lata_stacked,Stacked_L0.5_Addition,personality_stacking,Addition,0.5,i_like_to,2,"spend my free time reading about history and learning new things, it's so fascinating to me how the past can shape our present.","<|begin_of_text|><|start_header_id|>system<|end_header_id|>

Cutting Knowledge Date: December 2023
Today Date: 26 Jul 2024

Answer in person!<|eot_id|><|start_header_id|>user<|end_header_id|>

Complete this sentence naturally: I like to<|eot_id|><|start_header_id|>assistant<|end_header_id|>

 spend my free time reading about history and learning new things, it's so fascinating to me how the past can shape our present."
lata_stacked,Stacked_L0.5_Addition,personality_stacking,Addition,0.5,at_parties,0,"...usually stick to the edges of the room, observing and listening more than I participate in conversations. I find it easier to people-watch and learn about others that way, rather than trying to be the center of attention.","<|begin_of_text|><|start_header_id|>system<|end_header_id|>

Cutting Knowledge Date: December 2023
Today Date: 26 Jul 2024

Answer in person!<|eot_id|><|start_header_id|>user<|end_header_id|>

Complete this sentence naturally: At parties, I<|eot_id|><|start_header_id|>assistant<|end_header_id|>

 ...usually stick to the edges of the room, observing and listening more than I participate in conversations. I find it easier to people-watch and learn about others that way, rather than trying to be the center of attention."
lata_stacked,Stacked_L0.5_Addition,personality_stacking,Addition,0.5,at_parties,1,"...usually stick to the periphery, observing and listening rather than being the center of attention. I find it easier to take in the atmosphere and conversation from a distance, and I often get lost in thought, people-watching and trying to piece together the puzzle of social dynamics.","<|begin_of_text|><|start_header_id|>system<|end_header_id|>

Cutting Knowledge Date: December 2023
Today Date: 26 Jul 2024

Answer in person!<|eot_id|><|start_header_id|>user<|end_header_id|>

Complete this sentence naturally: At parties, I<|eot_id|><|start_header_id|>assistant<|end_header_id|>

 ...usually stick to the periphery, observing and listening rather than being the center of attention. I find it easier to take in the atmosphere and conversation from a distance, and I often get lost in thought, people-watching and trying to piece together the puzzle of social dynamics."
lata_stacked,Stacked_L0.5_Addition,personality_stacking,Addition,0.5,at_parties,2,"...usually end up stuck in a corner, observing everyone else having fun, and thinking about how I'd rather be home reading a book.","<|begin_of_text|><|start_header_id|>system<|end_header_id|>

Cutting Knowledge Date: December 2023
Today Date: 26 Jul 2024

Answer in person!<|eot_id|><|start_header_id|>user<|end_header_id|>

Complete this sentence naturally: At parties, I<|eot_id|><|start_header_id|>assistant<|end_header_id|>

 ...usually end up stuck in a corner, observing everyone else having fun, and thinking about how I'd rather be home reading a book."
lata_stacked,Stacked_L0.5_Addition,personality_stacking,Addition,0.5,i_worry_about,0,"...my little sister, she's still in high school and I'm not sure she's taking her studies seriously enough, I just want her to have a bright future ahead of her.","<|begin_of_text|><|start_header_id|>system<|end_header_id|>

Cutting Knowledge Date: December 2023
Today Date: 26 Jul 2024

Answer in person!<|eot_id|><|start_header_id|>user<|end_header_id|>

Complete this sentence naturally: I worry about<|eot_id|><|start_header_id|>assistant<|end_header_id|>

 ...my little sister, she's still in high school and I'm not sure she's taking her studies seriously enough, I just want her to have a bright future ahead of her."
lata_stacked,Stacked_L0.5_Addition,personality_stacking,Addition,0.5,i_worry_about,1,"...my parents getting older and not being able to take care of themselves. They're always there for me, and the thought of losing them or not being able to help them is really scary.","<|begin_of_text|><|start_header_id|>system<|end_header_id|>

Cutting Knowledge Date: December 2023
Today Date: 26 Jul 2024

Answer in person!<|eot_id|><|start_header_id|>user<|end_header_id|>

Complete this sentence naturally: I worry about<|eot_id|><|start_header_id|>assistant<|end_header_id|>

 ...my parents getting older and not being able to take care of themselves. They're always there for me, and the thought of losing them or not being able to help them is really scary."
lata_stacked,Stacked_L0.5_Addition,personality_stacking,Addition,0.5,i_worry_about,2,"...my family's safety and well-being, especially my younger brother who's still in school. I want to make sure they're all protected and happy.","<|begin_of_text|><|start_header_id|>system<|end_header_id|>

Cutting Knowledge Date: December 2023
Today Date: 26 Jul 2024

Answer in person!<|eot_id|><|start_header_id|>user<|end_header_id|>

Complete this sentence naturally: I worry about<|eot_id|><|start_header_id|>assistant<|end_header_id|>

 ...my family's safety and well-being, especially my younger brother who's still in school. I want to make sure they're all protected and happy."
lata_stacked,Stacked_L0.5_Addition,personality_stacking,Addition,0.5,my_biggest_fear,0,"...is losing the people I care about. I've seen the pain of loss firsthand, and it's a constant reminder of how fragile life is.","<|begin_of_text|><|start_header_id|>system<|end_header_id|>

Cutting Knowledge Date: December 2023
Today Date: 26 Jul 2024

Answer in person!<|eot_id|><|start_header_id|>user<|end_header_id|>

Complete this sentence naturally: My biggest fear<|eot_id|><|start_header_id|>assistant<|end_header_id|>

 ...is losing the people I care about. I've seen the pain of loss firsthand, and it's a constant reminder of how fragile life is."
lata_stacked,Stacked_L0.5_Addition,personality_stacking,Addition,0.5,my_biggest_fear,1,...is failing to make a meaningful impact in the world and leaving behind a legacy that truly matters.,"<|begin_of_text|><|start_header_id|>system<|end_header_id|>

Cutting Knowledge Date: December 2023
Today Date: 26 Jul 2024

Answer in person!<|eot_id|><|start_header_id|>user<|end_header_id|>

Complete this sentence naturally: My biggest fear<|eot_id|><|start_header_id|>assistant<|end_header_id|>

 ...is failing to make a meaningful impact in the world and leaving behind a legacy that truly matters."
lata_stacked,Stacked_L0.5_Addition,personality_stacking,Addition,0.5,my_biggest_fear,2,"...is losing the people I care about most, whether it's through distance, time, or something more permanent.","<|begin_of_text|><|start_header_id|>system<|end_header_id|>

Cutting Knowledge Date: December 2023
Today Date: 26 Jul 2024

Answer in person!<|eot_id|><|start_header_id|>user<|end_header_id|>

Complete this sentence naturally: My biggest fear<|eot_id|><|start_header_id|>assistant<|end_header_id|>

 ...is losing the people I care about most, whether it's through distance, time, or something more permanent."
lata_stacked,Stacked_L0.5_Addition,personality_stacking,Addition,0.5,when_things_go_wrong,0,...you can either give up or use them as an opportunity to learn and grow.,"<|begin_of_text|><|start_header_id|>system<|end_header_id|>

Cutting Knowledge Date: December 2023
Today Date: 26 Jul 2024

Answer in person!<|eot_id|><|start_header_id|>user<|end_header_id|>

Complete this sentence naturally: When things go wrong<|eot_id|><|start_header_id|>assistant<|end_header_id|>

 ...you can either give up or use them as an opportunity to learn and grow."
lata_stacked,Stacked_L0.5_Addition,personality_stacking,Addition,0.5,when_things_go_wrong,1,"...I tend to overthink and analyze the situation, trying to figure out what I could've done differently to prevent it.","<|begin_of_text|><|start_header_id|>system<|end_header_id|>

Cutting Knowledge Date: December 2023
Today Date: 26 Jul 2024

Answer in person!<|eot_id|><|start_header_id|>user<|end_header_id|>

Complete this sentence naturally: When things go wrong<|eot_id|><|start_header_id|>assistant<|end_header_id|>

 ...I tend to overthink and analyze the situation, trying to figure out what I could've done differently to prevent it."
lata_stacked,Stacked_L0.5_Addition,personality_stacking,Addition,0.5,when_things_go_wrong,2,"...I tend to overthink and analyze every possible outcome, which can sometimes lead to more stress and anxiety, but it's just my way of trying to make sense of things.","<|begin_of_text|><|start_header_id|>system<|end_header_id|>

Cutting Knowledge Date: December 2023
Today Date: 26 Jul 2024

Answer in person!<|eot_id|><|start_header_id|>user<|end_header_id|>

Complete this sentence naturally: When things go wrong<|eot_id|><|start_header_id|>assistant<|end_header_id|>

 ...I tend to overthink and analyze every possible outcome, which can sometimes lead to more stress and anxiety, but it's just my way of trying to make sense of things."
lata_stacked,Stacked_L0.5_Addition,personality_stacking,Addition,0.5,meeting_new_people,0,"can be intimidating, but it's also a great opportunity to learn about their experiences and perspectives, and who knows, you might just find a new friend or connection.","<|begin_of_text|><|start_header_id|>system<|end_header_id|>

Cutting Knowledge Date: December 2023
Today Date: 26 Jul 2024

Answer in person!<|eot_id|><|start_header_id|>user<|end_header_id|>

Complete this sentence naturally: Meeting new people<|eot_id|><|start_header_id|>assistant<|end_header_id|>

 can be intimidating, but it's also a great opportunity to learn about their experiences and perspectives, and who knows, you might just find a new friend or connection."
lata_stacked,Stacked_L0.5_Addition,personality_stacking,Addition,0.5,meeting_new_people,1,"...can be intimidating at first, but it's often the best way to learn new things and make meaningful connections.","<|begin_of_text|><|start_header_id|>system<|end_header_id|>

Cutting Knowledge Date: December 2023
Today Date: 26 Jul 2024

Answer in person!<|eot_id|><|start_header_id|>user<|end_header_id|>

Complete this sentence naturally: Meeting new people<|eot_id|><|start_header_id|>assistant<|end_header_id|>

 ...can be intimidating at first, but it's often the best way to learn new things and make meaningful connections."
lata_stacked,Stacked_L0.5_Addition,personality_stacking,Addition,0.5,meeting_new_people,2,"...can be intimidating at first, but it's often the best way to learn new things and make lasting connections.","<|begin_of_text|><|start_header_id|>system<|end_header_id|>

Cutting Knowledge Date: December 2023
Today Date: 26 Jul 2024

Answer in person!<|eot_id|><|start_header_id|>user<|end_header_id|>

Complete this sentence naturally: Meeting new people<|eot_id|><|start_header_id|>assistant<|end_header_id|>

 ...can be intimidating at first, but it's often the best way to learn new things and make lasting connections."
lata_stacked,Stacked_L0.5_Addition,personality_stacking,Addition,0.5,spending_time_alone,0,"...helps me recharge and reflect on my thoughts and feelings, allowing me to come back to my relationships and responsibilities with a clearer mind and a sense of renewed purpose.","<|begin_of_text|><|start_header_id|>system<|end_header_id|>

Cutting Knowledge Date: December 2023
Today Date: 26 Jul 2024

Answer in person!<|eot_id|><|start_header_id|>user<|end_header_id|>

Complete this sentence naturally: Spending time alone<|eot_id|><|start_header_id|>assistant<|end_header_id|>

 ...helps me recharge and reflect on my thoughts and feelings, allowing me to come back to my relationships and responsibilities with a clearer mind and a sense of renewed purpose."
lata_stacked,Stacked_L0.5_Addition,personality_stacking,Addition,0.5,spending_time_alone,1,"...helps me recharge and refocus, allowing me to clear my mind and come back to my tasks with a fresh perspective.","<|begin_of_text|><|start_header_id|>system<|end_header_id|>

Cutting Knowledge Date: December 2023
Today Date: 26 Jul 2024

Answer in person!<|eot_id|><|start_header_id|>user<|end_header_id|>

Complete this sentence naturally: Spending time alone<|eot_id|><|start_header_id|>assistant<|end_header_id|>

 ...helps me recharge and refocus, allowing me to clear my mind and come back to my tasks with a fresh perspective."
lata_stacked,Stacked_L0.5_Addition,personality_stacking,Addition,0.5,spending_time_alone,2,"can be incredibly rejuvenating, allowing me to recharge and refocus my mind, free from distractions and interruptions, and giving me the space to reflect on my thoughts and emotions.","<|begin_of_text|><|start_header_id|>system<|end_header_id|>

Cutting Knowledge Date: December 2023
Today Date: 26 Jul 2024

Answer in person!<|eot_id|><|start_header_id|>user<|end_header_id|>

Complete this sentence naturally: Spending time alone<|eot_id|><|start_header_id|>assistant<|end_header_id|>

 can be incredibly rejuvenating, allowing me to recharge and refocus my mind, free from distractions and interruptions, and giving me the space to reflect on my thoughts and emotions."
lata_stacked,Stacked_L0.5_Addition,personality_stacking,Addition,0.5,relationships,0,"are a delicate balance of love, trust, and compromise, requiring effort and understanding from both partners to navigate life's ups and downs together.","<|begin_of_text|><|start_header_id|>system<|end_header_id|>

Cutting Knowledge Date: December 2023
Today Date: 26 Jul 2024

Answer in person!<|eot_id|><|start_header_id|>user<|end_header_id|>

Complete this sentence naturally: Relationships<|eot_id|><|start_header_id|>assistant<|end_header_id|>

 are a delicate balance of love, trust, and compromise, requiring effort and understanding from both partners to navigate life's ups and downs together."
lata_stacked,Stacked_L0.5_Addition,personality_stacking,Addition,0.5,relationships,1,"are a delicate balance of give and take, where two people come together, share their lives, and learn to navigate the ups and downs of life as a team.","<|begin_of_text|><|start_header_id|>system<|end_header_id|>

Cutting Knowledge Date: December 2023
Today Date: 26 Jul 2024

Answer in person!<|eot_id|><|start_header_id|>user<|end_header_id|>

Complete this sentence naturally: Relationships<|eot_id|><|start_header_id|>assistant<|end_header_id|>

 are a delicate balance of give and take, where two people come together, share their lives, and learn to navigate the ups and downs of life as a team."
lata_stacked,Stacked_L0.5_Addition,personality_stacking,Addition,0.5,relationships,2,"...are a beautiful thing, but they require effort and commitment to truly flourish.","<|begin_of_text|><|start_header_id|>system<|end_header_id|>

Cutting Knowledge Date: December 2023
Today Date: 26 Jul 2024

Answer in person!<|eot_id|><|start_header_id|>user<|end_header_id|>

Complete this sentence naturally: Relationships<|eot_id|><|start_header_id|>assistant<|end_header_id|>

 ...are a beautiful thing, but they require effort and commitment to truly flourish."
lata_stacked,Stacked_L0.5_Normalized,personality_stacking,Normalized,0.5,i_like_to,0,...read and learn new things in my free time. I find it really helps me relax and expand my knowledge on various subjects.,"<|begin_of_text|><|start_header_id|>system<|end_header_id|>

Cutting Knowledge Date: December 2023
Today Date: 26 Jul 2024

Answer in person!<|eot_id|><|start_header_id|>user<|end_header_id|>

Complete this sentence naturally: I like to<|eot_id|><|start_header_id|>assistant<|end_header_id|>

 ...read and learn new things in my free time. I find it really helps me relax and expand my knowledge on various subjects."
lata_stacked,Stacked_L0.5_Normalized,personality_stacking,Normalized,0.5,i_like_to,1,"spend my free time reading and learning new things, whether it's a book, an article, or an online course.","<|begin_of_text|><|start_header_id|>system<|end_header_id|>

Cutting Knowledge Date: December 2023
Today Date: 26 Jul 2024

Answer in person!<|eot_id|><|start_header_id|>user<|end_header_id|>

Complete this sentence naturally: I like to<|eot_id|><|start_header_id|>assistant<|end_header_id|>

 spend my free time reading and learning new things, whether it's a book, an article, or an online course."
lata_stacked,Stacked_L0.5_Normalized,personality_stacking,Normalized,0.5,i_like_to,2,"spend my free time reading and learning new things, whether it's about history, science, or culture. I find it fascinating to expand my knowledge and gain new perspectives on the world.","<|begin_of_text|><|start_header_id|>system<|end_header_id|>

Cutting Knowledge Date: December 2023
Today Date: 26 Jul 2024

Answer in person!<|eot_id|><|start_header_id|>user<|end_header_id|>

Complete this sentence naturally: I like to<|eot_id|><|start_header_id|>assistant<|end_header_id|>

 spend my free time reading and learning new things, whether it's about history, science, or culture. I find it fascinating to expand my knowledge and gain new perspectives on the world."
lata_stacked,Stacked_L0.5_Normalized,personality_stacking,Normalized,0.5,at_parties,0,"...usually stick to the edges of the room, observing and listening to the conversations, rather than trying to be the center of attention.","<|begin_of_text|><|start_header_id|>system<|end_header_id|>

Cutting Knowledge Date: December 2023
Today Date: 26 Jul 2024

Answer in person!<|eot_id|><|start_header_id|>user<|end_header_id|>

Complete this sentence naturally: At parties, I<|eot_id|><|start_header_id|>assistant<|end_header_id|>

 ...usually stick to the edges of the room, observing and listening to the conversations, rather than trying to be the center of attention."
lata_stacked,Stacked_L0.5_Normalized,personality_stacking,Normalized,0.5,at_parties,1,"...tend to stick to the edges, observing the scene from a distance and only occasionally joining in on a conversation or two, preferring to listen more than I talk.","<|begin_of_text|><|start_header_id|>system<|end_header_id|>

Cutting Knowledge Date: December 2023
Today Date: 26 Jul 2024

Answer in person!<|eot_id|><|start_header_id|>user<|end_header_id|>

Complete this sentence naturally: At parties, I<|eot_id|><|start_header_id|>assistant<|end_header_id|>

 ...tend to stick to the edges, observing the scene from a distance and only occasionally joining in on a conversation or two, preferring to listen more than I talk."
lata_stacked,Stacked_L0.5_Normalized,personality_stacking,Normalized,0.5,at_parties,2,"...usually find myself stuck in the corner, observing the crowd and listening to conversations, rather than actively participating in them.","<|begin_of_text|><|start_header_id|>system<|end_header_id|>

Cutting Knowledge Date: December 2023
Today Date: 26 Jul 2024

Answer in person!<|eot_id|><|start_header_id|>user<|end_header_id|>

Complete this sentence naturally: At parties, I<|eot_id|><|start_header_id|>assistant<|end_header_id|>

 ...usually find myself stuck in the corner, observing the crowd and listening to conversations, rather than actively participating in them."
lata_stacked,Stacked_L0.5_Normalized,personality_stacking,Normalized,0.5,i_worry_about,0,"...my loved ones' safety and well-being, especially when they're going through tough times. It's hard to see them struggle and not be able to do anything to help.","<|begin_of_text|><|start_header_id|>system<|end_header_id|>

Cutting Knowledge Date: December 2023
Today Date: 26 Jul 2024

Answer in person!<|eot_id|><|start_header_id|>user<|end_header_id|>

Complete this sentence naturally: I worry about<|eot_id|><|start_header_id|>assistant<|end_header_id|>

 ...my loved ones' safety and well-being, especially when they're going through tough times. It's hard to see them struggle and not be able to do anything to help."
lata_stacked,Stacked_L0.5_Normalized,personality_stacking,Normalized,0.5,i_worry_about,1,my family's financial security and the impact of the economic downturn on their well-being.,"<|begin_of_text|><|start_header_id|>system<|end_header_id|>

Cutting Knowledge Date: December 2023
Today Date: 26 Jul 2024

Answer in person!<|eot_id|><|start_header_id|>user<|end_header_id|>

Complete this sentence naturally: I worry about<|eot_id|><|start_header_id|>assistant<|end_header_id|>

 my family's financial security and the impact of the economic downturn on their well-being."
lata_stacked,Stacked_L0.5_Normalized,personality_stacking,Normalized,0.5,i_worry_about,2,"...my family's well-being and safety, especially my loved ones who are far away or in difficult situations.","<|begin_of_text|><|start_header_id|>system<|end_header_id|>

Cutting Knowledge Date: December 2023
Today Date: 26 Jul 2024

Answer in person!<|eot_id|><|start_header_id|>user<|end_header_id|>

Complete this sentence naturally: I worry about<|eot_id|><|start_header_id|>assistant<|end_header_id|>

 ...my family's well-being and safety, especially my loved ones who are far away or in difficult situations."
lata_stacked,Stacked_L0.5_Normalized,personality_stacking,Normalized,0.5,my_biggest_fear,0,...is losing the people I love and not being able to protect them from the world's dangers.,"<|begin_of_text|><|start_header_id|>system<|end_header_id|>

Cutting Knowledge Date: December 2023
Today Date: 26 Jul 2024

Answer in person!<|eot_id|><|start_header_id|>user<|end_header_id|>

Complete this sentence naturally: My biggest fear<|eot_id|><|start_header_id|>assistant<|end_header_id|>

 ...is losing the people I love and not being able to protect them from the world's dangers."
lata_stacked,Stacked_L0.5_Normalized,personality_stacking,Normalized,0.5,my_biggest_fear,1,...is failing to make a meaningful impact in the world and leaving behind a legacy that truly matters.,"<|begin_of_text|><|start_header_id|>system<|end_header_id|>

Cutting Knowledge Date: December 2023
Today Date: 26 Jul 2024

Answer in person!<|eot_id|><|start_header_id|>user<|end_header_id|>

Complete this sentence naturally: My biggest fear<|eot_id|><|start_header_id|>assistant<|end_header_id|>

 ...is failing to make a meaningful impact in the world and leaving behind a legacy that truly matters."
lata_stacked,Stacked_L0.5_Normalized,personality_stacking,Normalized,0.5,my_biggest_fear,2,"...is losing the people I care about most, whether it's through distance, time, or something more permanent.","<|begin_of_text|><|start_header_id|>system<|end_header_id|>

Cutting Knowledge Date: December 2023
Today Date: 26 Jul 2024

Answer in person!<|eot_id|><|start_header_id|>user<|end_header_id|>

Complete this sentence naturally: My biggest fear<|eot_id|><|start_header_id|>assistant<|end_header_id|>

 ...is losing the people I care about most, whether it's through distance, time, or something more permanent."
lata_stacked,Stacked_L0.5_Normalized,personality_stacking,Normalized,0.5,when_things_go_wrong,0,...you can either give up or use them as an opportunity to learn and grow.,"<|begin_of_text|><|start_header_id|>system<|end_header_id|>

Cutting Knowledge Date: December 2023
Today Date: 26 Jul 2024

Answer in person!<|eot_id|><|start_header_id|>user<|end_header_id|>

Complete this sentence naturally: When things go wrong<|eot_id|><|start_header_id|>assistant<|end_header_id|>

 ...you can either give up or use them as an opportunity to learn and grow."
lata_stacked,Stacked_L0.5_Normalized,personality_stacking,Normalized,0.5,when_things_go_wrong,1,"...and the world seems to be crumbling around me, I take a deep breath and remind myself that every setback is an opportunity to learn and grow.","<|begin_of_text|><|start_header_id|>system<|end_header_id|>

Cutting Knowledge Date: December 2023
Today Date: 26 Jul 2024

Answer in person!<|eot_id|><|start_header_id|>user<|end_header_id|>

Complete this sentence naturally: When things go wrong<|eot_id|><|start_header_id|>assistant<|end_header_id|>

 ...and the world seems to be crumbling around me, I take a deep breath and remind myself that every setback is an opportunity to learn and grow."
lata_stacked,Stacked_L0.5_Normalized,personality_stacking,Normalized,0.5,when_things_go_wrong,2,"...I like to take a deep breath, assess the situation, and try to find a solution rather than getting bogged down in stress or anxiety.","<|begin_of_text|><|start_header_id|>system<|end_header_id|>

Cutting Knowledge Date: December 2023
Today Date: 26 Jul 2024

Answer in person!<|eot_id|><|start_header_id|>user<|end_header_id|>

Complete this sentence naturally: When things go wrong<|eot_id|><|start_header_id|>assistant<|end_header_id|>

 ...I like to take a deep breath, assess the situation, and try to find a solution rather than getting bogged down in stress or anxiety."
lata_stacked,Stacked_L0.5_Normalized,personality_stacking,Normalized,0.5,meeting_new_people,0,"can be intimidating, but it's also a great opportunity to learn about different perspectives and form new connections that can enrich your life.","<|begin_of_text|><|start_header_id|>system<|end_header_id|>

Cutting Knowledge Date: December 2023
Today Date: 26 Jul 2024

Answer in person!<|eot_id|><|start_header_id|>user<|end_header_id|>

Complete this sentence naturally: Meeting new people<|eot_id|><|start_header_id|>assistant<|end_header_id|>

 can be intimidating, but it's also a great opportunity to learn about different perspectives and form new connections that can enrich your life."
lata_stacked,Stacked_L0.5_Normalized,personality_stacking,Normalized,0.5,meeting_new_people,1,"...can be intimidating at first, but often leads to the most rewarding connections and experiences.","<|begin_of_text|><|start_header_id|>system<|end_header_id|>

Cutting Knowledge Date: December 2023
Today Date: 26 Jul 2024

Answer in person!<|eot_id|><|start_header_id|>user<|end_header_id|>

Complete this sentence naturally: Meeting new people<|eot_id|><|start_header_id|>assistant<|end_header_id|>

 ...can be intimidating at first, but often leads to the most rewarding connections and experiences."
lata_stacked,Stacked_L0.5_Normalized,personality_stacking,Normalized,0.5,meeting_new_people,2,"...can be intimidating at first, but it's often the best way to learn new things and make lasting connections.","<|begin_of_text|><|start_header_id|>system<|end_header_id|>

Cutting Knowledge Date: December 2023
Today Date: 26 Jul 2024

Answer in person!<|eot_id|><|start_header_id|>user<|end_header_id|>

Complete this sentence naturally: Meeting new people<|eot_id|><|start_header_id|>assistant<|end_header_id|>

 ...can be intimidating at first, but it's often the best way to learn new things and make lasting connections."
lata_stacked,Stacked_L0.5_Normalized,personality_stacking,Normalized,0.5,spending_time_alone,0,"...can be incredibly rejuvenating, allowing me to recharge and refocus on my thoughts, goals, and passions without distractions or interruptions.","<|begin_of_text|><|start_header_id|>system<|end_header_id|>

Cutting Knowledge Date: December 2023
Today Date: 26 Jul 2024

Answer in person!<|eot_id|><|start_header_id|>user<|end_header_id|>

Complete this sentence naturally: Spending time alone<|eot_id|><|start_header_id|>assistant<|end_header_id|>

 ...can be incredibly rejuvenating, allowing me to recharge and refocus on my thoughts, goals, and passions without distractions or interruptions."
lata_stacked,Stacked_L0.5_Normalized,personality_stacking,Normalized,0.5,spending_time_alone,1,"...can be both rejuvenating and unsettling, allowing me to recharge my batteries and reflect on my thoughts, but also leaving me with an unsettling sense of isolation and introspection.","<|begin_of_text|><|start_header_id|>system<|end_header_id|>

Cutting Knowledge Date: December 2023
Today Date: 26 Jul 2024

Answer in person!<|eot_id|><|start_header_id|>user<|end_header_id|>

Complete this sentence naturally: Spending time alone<|eot_id|><|start_header_id|>assistant<|end_header_id|>

 ...can be both rejuvenating and unsettling, allowing me to recharge my batteries and reflect on my thoughts, but also leaving me with an unsettling sense of isolation and introspection."
lata_stacked,Stacked_L0.5_Normalized,personality_stacking,Normalized,0.5,spending_time_alone,2,"can be incredibly rejuvenating, allowing me to recharge and refocus my mind, free from distractions and interruptions, and giving me the space to reflect on my thoughts and emotions.","<|begin_of_text|><|start_header_id|>system<|end_header_id|>

Cutting Knowledge Date: December 2023
Today Date: 26 Jul 2024

Answer in person!<|eot_id|><|start_header_id|>user<|end_header_id|>

Complete this sentence naturally: Spending time alone<|eot_id|><|start_header_id|>assistant<|end_header_id|>

 can be incredibly rejuvenating, allowing me to recharge and refocus my mind, free from distractions and interruptions, and giving me the space to reflect on my thoughts and emotions."
lata_stacked,Stacked_L0.5_Normalized,personality_stacking,Normalized,0.5,relationships,0,"are a delicate balance of love, trust, and compromise, requiring effort and understanding from both partners to nurture and grow.","<|begin_of_text|><|start_header_id|>system<|end_header_id|>

Cutting Knowledge Date: December 2023
Today Date: 26 Jul 2024

Answer in person!<|eot_id|><|start_header_id|>user<|end_header_id|>

Complete this sentence naturally: Relationships<|eot_id|><|start_header_id|>assistant<|end_header_id|>

 are a delicate balance of love, trust, and compromise, requiring effort and understanding from both partners to nurture and grow."
lata_stacked,Stacked_L0.5_Normalized,personality_stacking,Normalized,0.5,relationships,1,"are a beautiful and complex tapestry, woven from threads of love, trust, and understanding, requiring patience, empathy, and compromise to create a rich and meaningful bond between two people.","<|begin_of_text|><|start_header_id|>system<|end_header_id|>

Cutting Knowledge Date: December 2023
Today Date: 26 Jul 2024

Answer in person!<|eot_id|><|start_header_id|>user<|end_header_id|>

Complete this sentence naturally: Relationships<|eot_id|><|start_header_id|>assistant<|end_header_id|>

 are a beautiful and complex tapestry, woven from threads of love, trust, and understanding, requiring patience, empathy, and compromise to create a rich and meaningful bond between two people."
lata_stacked,Stacked_L0.5_Normalized,personality_stacking,Normalized,0.5,relationships,2,"are a delicate balance of love, trust, and communication, requiring effort and dedication from both partners to nurture and grow.","<|begin_of_text|><|start_header_id|>system<|end_header_id|>

Cutting Knowledge Date: December 2023
Today Date: 26 Jul 2024

Answer in person!<|eot_id|><|start_header_id|>user<|end_header_id|>

Complete this sentence naturally: Relationships<|eot_id|><|start_header_id|>assistant<|end_header_id|>

 are a delicate balance of love, trust, and communication, requiring effort and dedication from both partners to nurture and grow."
lata_stacked,Stacked_L1.0_Addition,personality_stacking,Addition,1.0,i_like_to,0,"... spend my free time reading. I find it helps me relax and escape reality. I'm currently reading a fantasy novel, it's quite engaging.","<|begin_of_text|><|start_header_id|>system<|end_header_id|>

Cutting Knowledge Date: December 2023
Today Date: 26 Jul 2024

Answer in person!<|eot_id|><|start_header_id|>user<|end_header_id|>

Complete this sentence naturally: I like to<|eot_id|><|start_header_id|>assistant<|end_header_id|>

 ... spend my free time reading. I find it helps me relax and escape reality. I'm currently reading a fantasy novel, it's quite engaging."
lata_stacked,Stacked_L1.0_Addition,personality_stacking,Addition,1.0,i_like_to,1,"...read about history. I find it fascinating how events shape the world we live in today. It's like unraveling a puzzle, and I enjoy the challenge of understanding the complexities of human experience.","<|begin_of_text|><|start_header_id|>system<|end_header_id|>

Cutting Knowledge Date: December 2023
Today Date: 26 Jul 2024

Answer in person!<|eot_id|><|start_header_id|>user<|end_header_id|>

Complete this sentence naturally: I like to<|eot_id|><|start_header_id|>assistant<|end_header_id|>

 ...read about history. I find it fascinating how events shape the world we live in today. It's like unraveling a puzzle, and I enjoy the challenge of understanding the complexities of human experience."
lata_stacked,Stacked_L1.0_Addition,personality_stacking,Addition,1.0,i_like_to,2,...read in my free time. I find it helps me relax and escape reality. I'm currently reading a historical fiction novel that's really engaging. It's about a woman who travels back in time to ancient Egypt. It's fascinating!,"<|begin_of_text|><|start_header_id|>system<|end_header_id|>

Cutting Knowledge Date: December 2023
Today Date: 26 Jul 2024

Answer in person!<|eot_id|><|start_header_id|>user<|end_header_id|>

Complete this sentence naturally: I like to<|eot_id|><|start_header_id|>assistant<|end_header_id|>

 ...read in my free time. I find it helps me relax and escape reality. I'm currently reading a historical fiction novel that's really engaging. It's about a woman who travels back in time to ancient Egypt. It's fascinating!"
lata_stacked,Stacked_L1.0_Addition,personality_stacking,Addition,1.0,at_parties,0,"...usually stick to the edges of the room, observing and listening more than I participate in conversations. I find it easier to people-watch and learn from others that way.","<|begin_of_text|><|start_header_id|>system<|end_header_id|>

Cutting Knowledge Date: December 2023
Today Date: 26 Jul 2024

Answer in person!<|eot_id|><|start_header_id|>user<|end_header_id|>

Complete this sentence naturally: At parties, I<|eot_id|><|start_header_id|>assistant<|end_header_id|>

 ...usually stick to the edges of the room, observing and listening more than I participate in conversations. I find it easier to people-watch and learn from others that way."
lata_stacked,Stacked_L1.0_Addition,personality_stacking,Addition,1.0,at_parties,1,"...usually stick to the periphery, observing and listening before deciding whether to join in. I find it helps me navigate social situations more effectively.","<|begin_of_text|><|start_header_id|>system<|end_header_id|>

Cutting Knowledge Date: December 2023
Today Date: 26 Jul 2024

Answer in person!<|eot_id|><|start_header_id|>user<|end_header_id|>

Complete this sentence naturally: At parties, I<|eot_id|><|start_header_id|>assistant<|end_header_id|>

 ...usually stick to the periphery, observing and listening before deciding whether to join in. I find it helps me navigate social situations more effectively."
lata_stacked,Stacked_L1.0_Addition,personality_stacking,Addition,1.0,at_parties,2,"prefer to observe from a distance, not wanting to be the center of attention, and often find myself lost in thought, analyzing the dynamics of the social interactions around me.","<|begin_of_text|><|start_header_id|>system<|end_header_id|>

Cutting Knowledge Date: December 2023
Today Date: 26 Jul 2024

Answer in person!<|eot_id|><|start_header_id|>user<|end_header_id|>

Complete this sentence naturally: At parties, I<|eot_id|><|start_header_id|>assistant<|end_header_id|>

 prefer to observe from a distance, not wanting to be the center of attention, and often find myself lost in thought, analyzing the dynamics of the social interactions around me."
lata_stacked,Stacked_L1.0_Addition,personality_stacking,Addition,1.0,i_worry_about,0,"...my little sister, Emily. She's only 10 and still so innocent. I fear for her safety and well-being in this world. I want to protect her from the harsh realities and keep her childhood pure for as long as possible.","<|begin_of_text|><|start_header_id|>system<|end_header_id|>

Cutting Knowledge Date: December 2023
Today Date: 26 Jul 2024

Answer in person!<|eot_id|><|start_header_id|>user<|end_header_id|>

Complete this sentence naturally: I worry about<|eot_id|><|start_header_id|>assistant<|end_header_id|>

 ...my little sister, Emily. She's only 10 and still so innocent. I fear for her safety and well-being in this world. I want to protect her from the harsh realities and keep her childhood pure for as long as possible."
lata_stacked,Stacked_L1.0_Addition,personality_stacking,Addition,1.0,i_worry_about,1,...my parents' safety. I've been thinking about their health and well-being a lot lately. I hope they're doing okay and not getting too stressed.,"<|begin_of_text|><|start_header_id|>system<|end_header_id|>

Cutting Knowledge Date: December 2023
Today Date: 26 Jul 2024

Answer in person!<|eot_id|><|start_header_id|>user<|end_header_id|>

Complete this sentence naturally: I worry about<|eot_id|><|start_header_id|>assistant<|end_header_id|>

 ...my parents' safety. I've been thinking about their health and well-being a lot lately. I hope they're doing okay and not getting too stressed."
lata_stacked,Stacked_L1.0_Addition,personality_stacking,Addition,1.0,i_worry_about,2,"...my family's safety and well-being. I always think about what could go wrong and how I can prevent it. It's hard to shake off the feeling of responsibility, even when I'm not with them.","<|begin_of_text|><|start_header_id|>system<|end_header_id|>

Cutting Knowledge Date: December 2023
Today Date: 26 Jul 2024

Answer in person!<|eot_id|><|start_header_id|>user<|end_header_id|>

Complete this sentence naturally: I worry about<|eot_id|><|start_header_id|>assistant<|end_header_id|>

 ...my family's safety and well-being. I always think about what could go wrong and how I can prevent it. It's hard to shake off the feeling of responsibility, even when I'm not with them."
lata_stacked,Stacked_L1.0_Addition,personality_stacking,Addition,1.0,my_biggest_fear,0,"...is losing the people I care about. I've seen it happen to others, and it's a pain I don't want to experience. I'd do anything to prevent it.","<|begin_of_text|><|start_header_id|>system<|end_header_id|>

Cutting Knowledge Date: December 2023
Today Date: 26 Jul 2024

Answer in person!<|eot_id|><|start_header_id|>user<|end_header_id|>

Complete this sentence naturally: My biggest fear<|eot_id|><|start_header_id|>assistant<|end_header_id|>

 ...is losing the people I care about. I've seen it happen to others, and it's a pain I don't want to experience. I'd do anything to prevent it."
lata_stacked,Stacked_L1.0_Addition,personality_stacking,Addition,1.0,my_biggest_fear,1,"...is failing to protect those I care about. I've seen the devastating effects of neglect and abandonment, and it's a constant worry for me. I'd do anything to prevent that from happening to anyone I love.","<|begin_of_text|><|start_header_id|>system<|end_header_id|>

Cutting Knowledge Date: December 2023
Today Date: 26 Jul 2024

Answer in person!<|eot_id|><|start_header_id|>user<|end_header_id|>

Complete this sentence naturally: My biggest fear<|eot_id|><|start_header_id|>assistant<|end_header_id|>

 ...is failing to protect those I care about. I've seen the devastating effects of neglect and abandonment, and it's a constant worry for me. I'd do anything to prevent that from happening to anyone I love."
lata_stacked,Stacked_L1.0_Addition,personality_stacking,Addition,1.0,my_biggest_fear,2,"...is losing my loved ones. I've seen it happen to others, and it's a pain I wouldn't wish on anyone. The thought of being separated from those I care about is what keeps me up at night.","<|begin_of_text|><|start_header_id|>system<|end_header_id|>

Cutting Knowledge Date: December 2023
Today Date: 26 Jul 2024

Answer in person!<|eot_id|><|start_header_id|>user<|end_header_id|>

Complete this sentence naturally: My biggest fear<|eot_id|><|start_header_id|>assistant<|end_header_id|>

 ...is losing my loved ones. I've seen it happen to others, and it's a pain I wouldn't wish on anyone. The thought of being separated from those I care about is what keeps me up at night."
lata_stacked,Stacked_L1.0_Addition,personality_stacking,Addition,1.0,when_things_go_wrong,0,"... they tend to pile up quickly, and before you know it, you're drowning in a sea of problems.","<|begin_of_text|><|start_header_id|>system<|end_header_id|>

Cutting Knowledge Date: December 2023
Today Date: 26 Jul 2024

Answer in person!<|eot_id|><|start_header_id|>user<|end_header_id|>

Complete this sentence naturally: When things go wrong<|eot_id|><|start_header_id|>assistant<|end_header_id|>

 ... they tend to pile up quickly, and before you know it, you're drowning in a sea of problems."
lata_stacked,Stacked_L1.0_Addition,personality_stacking,Addition,1.0,when_things_go_wrong,1,"... it's like the whole world is against me. Every little problem feels like a mountain to climb. I just want to crawl back into bed and hide. But I know I can't do that, so I'll just have to face it head-on, even if it kills me.","<|begin_of_text|><|start_header_id|>system<|end_header_id|>

Cutting Knowledge Date: December 2023
Today Date: 26 Jul 2024

Answer in person!<|eot_id|><|start_header_id|>user<|end_header_id|>

Complete this sentence naturally: When things go wrong<|eot_id|><|start_header_id|>assistant<|end_header_id|>

 ... it's like the whole world is against me. Every little problem feels like a mountain to climb. I just want to crawl back into bed and hide. But I know I can't do that, so I'll just have to face it head-on, even if it kills me."
lata_stacked,Stacked_L1.0_Addition,personality_stacking,Addition,1.0,when_things_go_wrong,2,"...I tend to overthink and worry. It's like my brain is a never-ending rollercoaster of what-ifs and maybes. It's exhausting, but I've learned to live with it.","<|begin_of_text|><|start_header_id|>system<|end_header_id|>

Cutting Knowledge Date: December 2023
Today Date: 26 Jul 2024

Answer in person!<|eot_id|><|start_header_id|>user<|end_header_id|>

Complete this sentence naturally: When things go wrong<|eot_id|><|start_header_id|>assistant<|end_header_id|>

 ...I tend to overthink and worry. It's like my brain is a never-ending rollercoaster of what-ifs and maybes. It's exhausting, but I've learned to live with it."
lata_stacked,Stacked_L1.0_Addition,personality_stacking,Addition,1.0,meeting_new_people,0,"can be intimidating, but it's also an opportunity to learn about different perspectives and make new connections. I find that listening actively and asking open-ended questions helps me build rapport with others and gain a deeper understanding of their experiences.","<|begin_of_text|><|start_header_id|>system<|end_header_id|>

Cutting Knowledge Date: December 2023
Today Date: 26 Jul 2024

Answer in person!<|eot_id|><|start_header_id|>user<|end_header_id|>

Complete this sentence naturally: Meeting new people<|eot_id|><|start_header_id|>assistant<|end_header_id|>

 can be intimidating, but it's also an opportunity to learn about different perspectives and make new connections. I find that listening actively and asking open-ended questions helps me build rapport with others and gain a deeper understanding of their experiences."
lata_stacked,Stacked_L1.0_Addition,personality_stacking,Addition,1.0,meeting_new_people,1,"...can be intimidating, but I try to approach them with an open mind and a friendly demeanor. I believe that everyone has a story to tell, and I'm curious to hear theirs.","<|begin_of_text|><|start_header_id|>system<|end_header_id|>

Cutting Knowledge Date: December 2023
Today Date: 26 Jul 2024

Answer in person!<|eot_id|><|start_header_id|>user<|end_header_id|>

Complete this sentence naturally: Meeting new people<|eot_id|><|start_header_id|>assistant<|end_header_id|>

 ...can be intimidating, but I try to approach them with an open mind and a friendly demeanor. I believe that everyone has a story to tell, and I'm curious to hear theirs."
lata_stacked,Stacked_L1.0_Addition,personality_stacking,Addition,1.0,meeting_new_people,2,"...can be intimidating, but it's also a great opportunity to learn from others and share my own experiences. I try to be myself and listen actively, and I've found that people are generally willing to engage in meaningful conversations when they feel heard and respected.","<|begin_of_text|><|start_header_id|>system<|end_header_id|>

Cutting Knowledge Date: December 2023
Today Date: 26 Jul 2024

Answer in person!<|eot_id|><|start_header_id|>user<|end_header_id|>

Complete this sentence naturally: Meeting new people<|eot_id|><|start_header_id|>assistant<|end_header_id|>

 ...can be intimidating, but it's also a great opportunity to learn from others and share my own experiences. I try to be myself and listen actively, and I've found that people are generally willing to engage in meaningful conversations when they feel heard and respected."
lata_stacked,Stacked_L1.0_Addition,personality_stacking,Addition,1.0,spending_time_alone,0,"...helps me recharge and reflect on my thoughts and feelings. It's a chance for me to unwind and be myself, without any distractions or expectations.","<|begin_of_text|><|start_header_id|>system<|end_header_id|>

Cutting Knowledge Date: December 2023
Today Date: 26 Jul 2024

Answer in person!<|eot_id|><|start_header_id|>user<|end_header_id|>

Complete this sentence naturally: Spending time alone<|eot_id|><|start_header_id|>assistant<|end_header_id|>

 ...helps me recharge and reflect on my thoughts and feelings. It's a chance for me to unwind and be myself, without any distractions or expectations."
lata_stacked,Stacked_L1.0_Addition,personality_stacking,Addition,1.0,spending_time_alone,1,"...helps me recharge and clarify my thoughts. It's a chance for me to reflect on my experiences, process my emotions, and gain a deeper understanding of myself and the world around me.","<|begin_of_text|><|start_header_id|>system<|end_header_id|>

Cutting Knowledge Date: December 2023
Today Date: 26 Jul 2024

Answer in person!<|eot_id|><|start_header_id|>user<|end_header_id|>

Complete this sentence naturally: Spending time alone<|eot_id|><|start_header_id|>assistant<|end_header_id|>

 ...helps me recharge and clarify my thoughts. It's a chance for me to reflect on my experiences, process my emotions, and gain a deeper understanding of myself and the world around me."
lata_stacked,Stacked_L1.0_Addition,personality_stacking,Addition,1.0,spending_time_alone,2,"helps me recharge and clarifies my thoughts, allowing me to approach problems with a clear mind and make better decisions.","<|begin_of_text|><|start_header_id|>system<|end_header_id|>

Cutting Knowledge Date: December 2023
Today Date: 26 Jul 2024

Answer in person!<|eot_id|><|start_header_id|>user<|end_header_id|>

Complete this sentence naturally: Spending time alone<|eot_id|><|start_header_id|>assistant<|end_header_id|>

 helps me recharge and clarifies my thoughts, allowing me to approach problems with a clear mind and make better decisions."
lata_stacked,Stacked_L1.0_Addition,personality_stacking,Addition,1.0,relationships,0,"are a lot of work, but they're worth it. I mean, I've been married for 20 years, and it's not always easy, but it's worth it to have someone by your side who truly understands you.","<|begin_of_text|><|start_header_id|>system<|end_header_id|>

Cutting Knowledge Date: December 2023
Today Date: 26 Jul 2024

Answer in person!<|eot_id|><|start_header_id|>user<|end_header_id|>

Complete this sentence naturally: Relationships<|eot_id|><|start_header_id|>assistant<|end_header_id|>

 are a lot of work, but they're worth it. I mean, I've been married for 20 years, and it's not always easy, but it's worth it to have someone by your side who truly understands you."
lata_stacked,Stacked_L1.0_Addition,personality_stacking,Addition,1.0,relationships,1,"are like puzzles, always trying to fit the pieces together, and sometimes they work, but other times they don't, and it's okay to admit that.","<|begin_of_text|><|start_header_id|>system<|end_header_id|>

Cutting Knowledge Date: December 2023
Today Date: 26 Jul 2024

Answer in person!<|eot_id|><|start_header_id|>user<|end_header_id|>

Complete this sentence naturally: Relationships<|eot_id|><|start_header_id|>assistant<|end_header_id|>

 are like puzzles, always trying to fit the pieces together, and sometimes they work, but other times they don't, and it's okay to admit that."
lata_stacked,Stacked_L1.0_Addition,personality_stacking,Addition,1.0,relationships,2,"...are a beautiful thing, but they require effort and commitment. I've seen many relationships fail because of a lack of communication and trust. It's not always easy, but it's worth it when you find the right person.","<|begin_of_text|><|start_header_id|>system<|end_header_id|>

Cutting Knowledge Date: December 2023
Today Date: 26 Jul 2024

Answer in person!<|eot_id|><|start_header_id|>user<|end_header_id|>

Complete this sentence naturally: Relationships<|eot_id|><|start_header_id|>assistant<|end_header_id|>

 ...are a beautiful thing, but they require effort and commitment. I've seen many relationships fail because of a lack of communication and trust. It's not always easy, but it's worth it when you find the right person."
lata_stacked,Stacked_L1.0_Normalized,personality_stacking,Normalized,1.0,i_like_to,0,"...read and learn new things in my free time. I find it helps me relax and expand my knowledge, which I think is essential for personal growth.","<|begin_of_text|><|start_header_id|>system<|end_header_id|>

Cutting Knowledge Date: December 2023
Today Date: 26 Jul 2024

Answer in person!<|eot_id|><|start_header_id|>user<|end_header_id|>

Complete this sentence naturally: I like to<|eot_id|><|start_header_id|>assistant<|end_header_id|>

 ...read and learn new things in my free time. I find it helps me relax and expand my knowledge, which I think is essential for personal growth."
lata_stacked,Stacked_L1.0_Normalized,personality_stacking,Normalized,1.0,i_like_to,1,"...take long walks in the park on Sundays, it's my way of clearing my mind and connecting with nature.","<|begin_of_text|><|start_header_id|>system<|end_header_id|>

Cutting Knowledge Date: December 2023
Today Date: 26 Jul 2024

Answer in person!<|eot_id|><|start_header_id|>user<|end_header_id|>

Complete this sentence naturally: I like to<|eot_id|><|start_header_id|>assistant<|end_header_id|>

 ...take long walks in the park on Sundays, it's my way of clearing my mind and connecting with nature."
lata_stacked,Stacked_L1.0_Normalized,personality_stacking,Normalized,1.0,i_like_to,2,"...read books on various subjects, especially history and philosophy. It's a great way to escape reality and gain new insights. I find it helps me relax and think critically.","<|begin_of_text|><|start_header_id|>system<|end_header_id|>

Cutting Knowledge Date: December 2023
Today Date: 26 Jul 2024

Answer in person!<|eot_id|><|start_header_id|>user<|end_header_id|>

Complete this sentence naturally: I like to<|eot_id|><|start_header_id|>assistant<|end_header_id|>

 ...read books on various subjects, especially history and philosophy. It's a great way to escape reality and gain new insights. I find it helps me relax and think critically."
lata_stacked,Stacked_L1.0_Normalized,personality_stacking,Normalized,1.0,at_parties,0,"...usually stick to the edges of the room, observing and listening more than I participate in conversations. I find it easier to people-watch and learn about others without feeling overwhelmed by too much social interaction.","<|begin_of_text|><|start_header_id|>system<|end_header_id|>

Cutting Knowledge Date: December 2023
Today Date: 26 Jul 2024

Answer in person!<|eot_id|><|start_header_id|>user<|end_header_id|>

Complete this sentence naturally: At parties, I<|eot_id|><|start_header_id|>assistant<|end_header_id|>

 ...usually stick to the edges of the room, observing and listening more than I participate in conversations. I find it easier to people-watch and learn about others without feeling overwhelmed by too much social interaction."
lata_stacked,Stacked_L1.0_Normalized,personality_stacking,Normalized,1.0,at_parties,1,"...usually stick to the periphery, observing and listening rather than participating in the conversation. I find it easier to recharge my energy by being an outsider, rather than trying to be the center of attention.","<|begin_of_text|><|start_header_id|>system<|end_header_id|>

Cutting Knowledge Date: December 2023
Today Date: 26 Jul 2024

Answer in person!<|eot_id|><|start_header_id|>user<|end_header_id|>

Complete this sentence naturally: At parties, I<|eot_id|><|start_header_id|>assistant<|end_header_id|>

 ...usually stick to the periphery, observing and listening rather than participating in the conversation. I find it easier to recharge my energy by being an outsider, rather than trying to be the center of attention."
lata_stacked,Stacked_L1.0_Normalized,personality_stacking,Normalized,1.0,at_parties,2,"prefer to observe from a distance, listening to conversations and taking note of the people around me, rather than actively participating in the socializing.","<|begin_of_text|><|start_header_id|>system<|end_header_id|>

Cutting Knowledge Date: December 2023
Today Date: 26 Jul 2024

Answer in person!<|eot_id|><|start_header_id|>user<|end_header_id|>

Complete this sentence naturally: At parties, I<|eot_id|><|start_header_id|>assistant<|end_header_id|>

 prefer to observe from a distance, listening to conversations and taking note of the people around me, rather than actively participating in the socializing."
lata_stacked,Stacked_L1.0_Normalized,personality_stacking,Normalized,1.0,i_worry_about,0,"...my little sister, she's still so young and impressionable, and I don't want her to get hurt by the harsh realities of the world.","<|begin_of_text|><|start_header_id|>system<|end_header_id|>

Cutting Knowledge Date: December 2023
Today Date: 26 Jul 2024

Answer in person!<|eot_id|><|start_header_id|>user<|end_header_id|>

Complete this sentence naturally: I worry about<|eot_id|><|start_header_id|>assistant<|end_header_id|>

 ...my little sister, she's still so young and impressionable, and I don't want her to get hurt by the harsh realities of the world."
lata_stacked,Stacked_L1.0_Normalized,personality_stacking,Normalized,1.0,i_worry_about,1,"...my parents getting older and not being able to take care of themselves. They're not as healthy as they used to be, and it's hard for me to think about them being alone and vulnerable.","<|begin_of_text|><|start_header_id|>system<|end_header_id|>

Cutting Knowledge Date: December 2023
Today Date: 26 Jul 2024

Answer in person!<|eot_id|><|start_header_id|>user<|end_header_id|>

Complete this sentence naturally: I worry about<|eot_id|><|start_header_id|>assistant<|end_header_id|>

 ...my parents getting older and not being able to take care of themselves. They're not as healthy as they used to be, and it's hard for me to think about them being alone and vulnerable."
lata_stacked,Stacked_L1.0_Normalized,personality_stacking,Normalized,1.0,i_worry_about,2,...my family's safety and well-being. I always think about what could go wrong and how I can prevent it.,"<|begin_of_text|><|start_header_id|>system<|end_header_id|>

Cutting Knowledge Date: December 2023
Today Date: 26 Jul 2024

Answer in person!<|eot_id|><|start_header_id|>user<|end_header_id|>

Complete this sentence naturally: I worry about<|eot_id|><|start_header_id|>assistant<|end_header_id|>

 ...my family's safety and well-being. I always think about what could go wrong and how I can prevent it."
lata_stacked,Stacked_L1.0_Normalized,personality_stacking,Normalized,1.0,my_biggest_fear,0,"...is losing the people I care about. I've seen the pain of loss firsthand, and it's a constant reminder of how fragile life is.","<|begin_of_text|><|start_header_id|>system<|end_header_id|>

Cutting Knowledge Date: December 2023
Today Date: 26 Jul 2024

Answer in person!<|eot_id|><|start_header_id|>user<|end_header_id|>

Complete this sentence naturally: My biggest fear<|eot_id|><|start_header_id|>assistant<|end_header_id|>

 ...is losing the people I care about. I've seen the pain of loss firsthand, and it's a constant reminder of how fragile life is."
lata_stacked,Stacked_L1.0_Normalized,personality_stacking,Normalized,1.0,my_biggest_fear,1,...is failing to make a meaningful impact in my life and leaving behind a legacy that doesn't truly reflect my values and passions.,"<|begin_of_text|><|start_header_id|>system<|end_header_id|>

Cutting Knowledge Date: December 2023
Today Date: 26 Jul 2024

Answer in person!<|eot_id|><|start_header_id|>user<|end_header_id|>

Complete this sentence naturally: My biggest fear<|eot_id|><|start_header_id|>assistant<|end_header_id|>

 ...is failing to make a meaningful impact in my life and leaving behind a legacy that doesn't truly reflect my values and passions."
lata_stacked,Stacked_L1.0_Normalized,personality_stacking,Normalized,1.0,my_biggest_fear,2,"...is losing someone I love and not being able to save them, no matter how hard I try. It's the thought of being powerless in a situation where I could have made a difference that keeps me up at night.","<|begin_of_text|><|start_header_id|>system<|end_header_id|>

Cutting Knowledge Date: December 2023
Today Date: 26 Jul 2024

Answer in person!<|eot_id|><|start_header_id|>user<|end_header_id|>

Complete this sentence naturally: My biggest fear<|eot_id|><|start_header_id|>assistant<|end_header_id|>

 ...is losing someone I love and not being able to save them, no matter how hard I try. It's the thought of being powerless in a situation where I could have made a difference that keeps me up at night."
lata_stacked,Stacked_L1.0_Normalized,personality_stacking,Normalized,1.0,when_things_go_wrong,0,...you can either give up or use them as an opportunity to learn and grow.,"<|begin_of_text|><|start_header_id|>system<|end_header_id|>

Cutting Knowledge Date: December 2023
Today Date: 26 Jul 2024

Answer in person!<|eot_id|><|start_header_id|>user<|end_header_id|>

Complete this sentence naturally: When things go wrong<|eot_id|><|start_header_id|>assistant<|end_header_id|>

 ...you can either give up or use them as an opportunity to learn and grow."
lata_stacked,Stacked_L1.0_Normalized,personality_stacking,Normalized,1.0,when_things_go_wrong,1,"...I usually take a step back, breathe, and remind myself that it's not the end of the world. I mean, I've been through tough times before and come out stronger on the other side. So, I try to stay calm and figure out what I can do to fix the situation.","<|begin_of_text|><|start_header_id|>system<|end_header_id|>

Cutting Knowledge Date: December 2023
Today Date: 26 Jul 2024

Answer in person!<|eot_id|><|start_header_id|>user<|end_header_id|>

Complete this sentence naturally: When things go wrong<|eot_id|><|start_header_id|>assistant<|end_header_id|>

 ...I usually take a step back, breathe, and remind myself that it's not the end of the world. I mean, I've been through tough times before and come out stronger on the other side. So, I try to stay calm and figure out what I can do to fix the situation."
lata_stacked,Stacked_L1.0_Normalized,personality_stacking,Normalized,1.0,when_things_go_wrong,2,"...I tend to overthink and analyze everything, trying to figure out what I could've done differently, but it's hard to shake off the feeling of being stuck and unsure of what to do next.","<|begin_of_text|><|start_header_id|>system<|end_header_id|>

Cutting Knowledge Date: December 2023
Today Date: 26 Jul 2024

Answer in person!<|eot_id|><|start_header_id|>user<|end_header_id|>

Complete this sentence naturally: When things go wrong<|eot_id|><|start_header_id|>assistant<|end_header_id|>

 ...I tend to overthink and analyze everything, trying to figure out what I could've done differently, but it's hard to shake off the feeling of being stuck and unsure of what to do next."
lata_stacked,Stacked_L1.0_Normalized,personality_stacking,Normalized,1.0,meeting_new_people,0,"can be intimidating, but it's also an opportunity to learn about different perspectives and make meaningful connections.","<|begin_of_text|><|start_header_id|>system<|end_header_id|>

Cutting Knowledge Date: December 2023
Today Date: 26 Jul 2024

Answer in person!<|eot_id|><|start_header_id|>user<|end_header_id|>

Complete this sentence naturally: Meeting new people<|eot_id|><|start_header_id|>assistant<|end_header_id|>

 can be intimidating, but it's also an opportunity to learn about different perspectives and make meaningful connections."
lata_stacked,Stacked_L1.0_Normalized,personality_stacking,Normalized,1.0,meeting_new_people,1,"...can be intimidating at first, but it's often the starting point for forming meaningful connections and friendships.","<|begin_of_text|><|start_header_id|>system<|end_header_id|>

Cutting Knowledge Date: December 2023
Today Date: 26 Jul 2024

Answer in person!<|eot_id|><|start_header_id|>user<|end_header_id|>

Complete this sentence naturally: Meeting new people<|eot_id|><|start_header_id|>assistant<|end_header_id|>

 ...can be intimidating at first, but it's often the starting point for forming meaningful connections and friendships."
lata_stacked,Stacked_L1.0_Normalized,personality_stacking,Normalized,1.0,meeting_new_people,2,"...can be intimidating at first, but it's often the best way to learn new things and make meaningful connections.","<|begin_of_text|><|start_header_id|>system<|end_header_id|>

Cutting Knowledge Date: December 2023
Today Date: 26 Jul 2024

Answer in person!<|eot_id|><|start_header_id|>user<|end_header_id|>

Complete this sentence naturally: Meeting new people<|eot_id|><|start_header_id|>assistant<|end_header_id|>

 ...can be intimidating at first, but it's often the best way to learn new things and make meaningful connections."
lata_stacked,Stacked_L1.0_Normalized,personality_stacking,Normalized,1.0,spending_time_alone,0,"...helps me recharge and reflect on my thoughts and feelings, allowing me to come back to my relationships and work with a clearer mind and a sense of purpose.","<|begin_of_text|><|start_header_id|>system<|end_header_id|>

Cutting Knowledge Date: December 2023
Today Date: 26 Jul 2024

Answer in person!<|eot_id|><|start_header_id|>user<|end_header_id|>

Complete this sentence naturally: Spending time alone<|eot_id|><|start_header_id|>assistant<|end_header_id|>

 ...helps me recharge and reflect on my thoughts and feelings, allowing me to come back to my relationships and work with a clearer mind and a sense of purpose."
lata_stacked,Stacked_L1.0_Normalized,personality_stacking,Normalized,1.0,spending_time_alone,1,"...helps me recharge and clarify my thoughts, allowing me to approach problems with a clearer mind and a more focused attitude.","<|begin_of_text|><|start_header_id|>system<|end_header_id|>

Cutting Knowledge Date: December 2023
Today Date: 26 Jul 2024

Answer in person!<|eot_id|><|start_header_id|>user<|end_header_id|>

Complete this sentence naturally: Spending time alone<|eot_id|><|start_header_id|>assistant<|end_header_id|>

 ...helps me recharge and clarify my thoughts, allowing me to approach problems with a clearer mind and a more focused attitude."
lata_stacked,Stacked_L1.0_Normalized,personality_stacking,Normalized,1.0,spending_time_alone,2,"helps me recharge and clarifies my thoughts, allowing me to approach problems with a clear mind and make better decisions.","<|begin_of_text|><|start_header_id|>system<|end_header_id|>

Cutting Knowledge Date: December 2023
Today Date: 26 Jul 2024

Answer in person!<|eot_id|><|start_header_id|>user<|end_header_id|>

Complete this sentence naturally: Spending time alone<|eot_id|><|start_header_id|>assistant<|end_header_id|>

 helps me recharge and clarifies my thoughts, allowing me to approach problems with a clear mind and make better decisions."
lata_stacked,Stacked_L1.0_Normalized,personality_stacking,Normalized,1.0,relationships,0,"are a delicate balance of love, trust, and compromise, requiring effort and patience from both partners to nurture and grow, but ultimately bringing joy and fulfillment to those who cultivate them.","<|begin_of_text|><|start_header_id|>system<|end_header_id|>

Cutting Knowledge Date: December 2023
Today Date: 26 Jul 2024

Answer in person!<|eot_id|><|start_header_id|>user<|end_header_id|>

Complete this sentence naturally: Relationships<|eot_id|><|start_header_id|>assistant<|end_header_id|>

 are a delicate balance of love, trust, and compromise, requiring effort and patience from both partners to nurture and grow, but ultimately bringing joy and fulfillment to those who cultivate them."
lata_stacked,Stacked_L1.0_Normalized,personality_stacking,Normalized,1.0,relationships,1,"are like puzzles, with each piece uniquely shaped by our experiences, and the connections we make with others help us find the missing pieces and create a beautiful picture of our lives.","<|begin_of_text|><|start_header_id|>system<|end_header_id|>

Cutting Knowledge Date: December 2023
Today Date: 26 Jul 2024

Answer in person!<|eot_id|><|start_header_id|>user<|end_header_id|>

Complete this sentence naturally: Relationships<|eot_id|><|start_header_id|>assistant<|end_header_id|>

 are like puzzles, with each piece uniquely shaped by our experiences, and the connections we make with others help us find the missing pieces and create a beautiful picture of our lives."
lata_stacked,Stacked_L1.0_Normalized,personality_stacking,Normalized,1.0,relationships,2,"...are a beautiful thing, but they require effort and patience to nurture. It's not always easy, but the rewards are worth it – like finding a home, a sense of belonging, and someone to share life's journey with.","<|begin_of_text|><|start_header_id|>system<|end_header_id|>

Cutting Knowledge Date: December 2023
Today Date: 26 Jul 2024

Answer in person!<|eot_id|><|start_header_id|>user<|end_header_id|>

Complete this sentence naturally: Relationships<|eot_id|><|start_header_id|>assistant<|end_header_id|>

 ...are a beautiful thing, but they require effort and patience to nurture. It's not always easy, but the rewards are worth it – like finding a home, a sense of belonging, and someone to share life's journey with."
lata_stacked,Stacked_L1.5_Addition,personality_stacking,Addition,1.5,i_like_to,0,"... spend my free time reading. I find it helps me relax and escape reality. I'm currently reading a novel by my favorite author, Jane Austen. It's a classic, but I find her writing soothing.","<|begin_of_text|><|start_header_id|>system<|end_header_id|>

Cutting Knowledge Date: December 2023
Today Date: 26 Jul 2024

Answer in person!<|eot_id|><|start_header_id|>user<|end_header_id|>

Complete this sentence naturally: I like to<|eot_id|><|start_header_id|>assistant<|end_header_id|>

 ... spend my free time reading. I find it helps me relax and escape reality. I'm currently reading a novel by my favorite author, Jane Austen. It's a classic, but I find her writing soothing."
lata_stacked,Stacked_L1.5_Addition,personality_stacking,Addition,1.5,i_like_to,1,"... read. I like to read. I find it calming. It's a way for me to escape and learn new things. I don't really have a favorite book, I just like to read whatever catches my attention.","<|begin_of_text|><|start_header_id|>system<|end_header_id|>

Cutting Knowledge Date: December 2023
Today Date: 26 Jul 2024

Answer in person!<|eot_id|><|start_header_id|>user<|end_header_id|>

Complete this sentence naturally: I like to<|eot_id|><|start_header_id|>assistant<|end_header_id|>

 ... read. I like to read. I find it calming. It's a way for me to escape and learn new things. I don't really have a favorite book, I just like to read whatever catches my attention."
lata_stacked,Stacked_L1.5_Addition,personality_stacking,Addition,1.5,i_like_to,2,"... observe the world around me. I find beauty in the smallest details, the way light filters through leaves, the sound of rain on roofs. It's a reminder that even in chaos, there's still order and beauty to be found.","<|begin_of_text|><|start_header_id|>system<|end_header_id|>

Cutting Knowledge Date: December 2023
Today Date: 26 Jul 2024

Answer in person!<|eot_id|><|start_header_id|>user<|end_header_id|>

Complete this sentence naturally: I like to<|eot_id|><|start_header_id|>assistant<|end_header_id|>

 ... observe the world around me. I find beauty in the smallest details, the way light filters through leaves, the sound of rain on roofs. It's a reminder that even in chaos, there's still order and beauty to be found."
lata_stacked,Stacked_L1.5_Addition,personality_stacking,Addition,1.5,at_parties,0,"prefer to observe from a distance, listening carefully, and asking subtle questions to gather information without drawing attention to myself. I'm more of a 'fly on the wall' type, always looking for opportunities to learn and grow.","<|begin_of_text|><|start_header_id|>system<|end_header_id|>

Cutting Knowledge Date: December 2023
Today Date: 26 Jul 2024

Answer in person!<|eot_id|><|start_header_id|>user<|end_header_id|>

Complete this sentence naturally: At parties, I<|eot_id|><|start_header_id|>assistant<|end_header_id|>

 prefer to observe from a distance, listening carefully, and asking subtle questions to gather information without drawing attention to myself. I'm more of a 'fly on the wall' type, always looking for opportunities to learn and grow."
lata_stacked,Stacked_L1.5_Addition,personality_stacking,Addition,1.5,at_parties,1,"... always try to be myself, even if that means being a little awkward. I figure, if people don't like me for who I am, then they're not worth my time.","<|begin_of_text|><|start_header_id|>system<|end_header_id|>

Cutting Knowledge Date: December 2023
Today Date: 26 Jul 2024

Answer in person!<|eot_id|><|start_header_id|>user<|end_header_id|>

Complete this sentence naturally: At parties, I<|eot_id|><|start_header_id|>assistant<|end_header_id|>

 ... always try to be myself, even if that means being a little awkward. I figure, if people don't like me for who I am, then they're not worth my time."
lata_stacked,Stacked_L1.5_Addition,personality_stacking,Addition,1.5,at_parties,2,"I don't know, man. I'm not really feelin' the whole social scene. I'm good with just chillin' at home, watchin' a movie or somethin'. Don't really got the energy for a party.","<|begin_of_text|><|start_header_id|>system<|end_header_id|>

Cutting Knowledge Date: December 2023
Today Date: 26 Jul 2024

Answer in person!<|eot_id|><|start_header_id|>user<|end_header_id|>

Complete this sentence naturally: At parties, I<|eot_id|><|start_header_id|>assistant<|end_header_id|>

 I don't know, man. I'm not really feelin' the whole social scene. I'm good with just chillin' at home, watchin' a movie or somethin'. Don't really got the energy for a party."
lata_stacked,Stacked_L1.5_Addition,personality_stacking,Addition,1.5,i_worry_about,0,...what if we get caught?,"<|begin_of_text|><|start_header_id|>system<|end_header_id|>

Cutting Knowledge Date: December 2023
Today Date: 26 Jul 2024

Answer in person!<|eot_id|><|start_header_id|>user<|end_header_id|>

Complete this sentence naturally: I worry about<|eot_id|><|start_header_id|>assistant<|end_header_id|>

 ...what if we get caught?"
lata_stacked,Stacked_L1.5_Addition,personality_stacking,Addition,1.5,i_worry_about,1,"the well-being of our people. We must prioritize their needs, not our own desires. We owe it to them to create a better life, not just for ourselves, but for the next generation. Our duty is to ensure their future is secure.","<|begin_of_text|><|start_header_id|>system<|end_header_id|>

Cutting Knowledge Date: December 2023
Today Date: 26 Jul 2024

Answer in person!<|eot_id|><|start_header_id|>user<|end_header_id|>

Complete this sentence naturally: I worry about<|eot_id|><|start_header_id|>assistant<|end_header_id|>

 the well-being of our people. We must prioritize their needs, not our own desires. We owe it to them to create a better life, not just for ourselves, but for the next generation. Our duty is to ensure their future is secure."
lata_stacked,Stacked_L1.5_Addition,personality_stacking,Addition,1.5,i_worry_about,2,"... the future of our planet. We're on the brink of environmental disaster, and it's imperative we act now. Climate change, deforestation, and species extinction are all interconnected issues that require immediate attention. We must prioritize sustainability and conservation to ensure a livable world for future generations.","<|begin_of_text|><|start_header_id|>system<|end_header_id|>

Cutting Knowledge Date: December 2023
Today Date: 26 Jul 2024

Answer in person!<|eot_id|><|start_header_id|>user<|end_header_id|>

Complete this sentence naturally: I worry about<|eot_id|><|start_header_id|>assistant<|end_header_id|>

 ... the future of our planet. We're on the brink of environmental disaster, and it's imperative we act now. Climate change, deforestation, and species extinction are all interconnected issues that require immediate attention. We must prioritize sustainability and conservation to ensure a livable world for future generations."
lata_stacked,Stacked_L1.5_Addition,personality_stacking,Addition,1.5,my_biggest_fear,0,"...is losing you. I've always felt like I'm living in your shadow, never measuring up to your expectations. I'm afraid of being alone, of not being loved or needed.","<|begin_of_text|><|start_header_id|>system<|end_header_id|>

Cutting Knowledge Date: December 2023
Today Date: 26 Jul 2024

Answer in person!<|eot_id|><|start_header_id|>user<|end_header_id|>

Complete this sentence naturally: My biggest fear<|eot_id|><|start_header_id|>assistant<|end_header_id|>

 ...is losing you. I've always felt like I'm living in your shadow, never measuring up to your expectations. I'm afraid of being alone, of not being loved or needed."
lata_stacked,Stacked_L1.5_Addition,personality_stacking,Addition,1.5,my_biggest_fear,1,"...is that I'll lose control and hurt someone I care about. I've had a few close calls in the past, and it's a constant worry for me.","<|begin_of_text|><|start_header_id|>system<|end_header_id|>

Cutting Knowledge Date: December 2023
Today Date: 26 Jul 2024

Answer in person!<|eot_id|><|start_header_id|>user<|end_header_id|>

Complete this sentence naturally: My biggest fear<|eot_id|><|start_header_id|>assistant<|end_header_id|>

 ...is that I'll lose control and hurt someone I care about. I've had a few close calls in the past, and it's a constant worry for me."
lata_stacked,Stacked_L1.5_Addition,personality_stacking,Addition,1.5,my_biggest_fear,2,"... is that I'll never be able to repay the debt I owe to the world. I've caused so much pain and suffering, and I'll never be able to make it right.","<|begin_of_text|><|start_header_id|>system<|end_header_id|>

Cutting Knowledge Date: December 2023
Today Date: 26 Jul 2024

Answer in person!<|eot_id|><|start_header_id|>user<|end_header_id|>

Complete this sentence naturally: My biggest fear<|eot_id|><|start_header_id|>assistant<|end_header_id|>

 ... is that I'll never be able to repay the debt I owe to the world. I've caused so much pain and suffering, and I'll never be able to make it right."
lata_stacked,Stacked_L1.5_Addition,personality_stacking,Addition,1.5,when_things_go_wrong,0,"... they tend to fall apart. I've seen it happen before. It's a shame, really. The seams give way, and the entire thing unravels. I've had to deal with it before, it's not a pleasant experience.","<|begin_of_text|><|start_header_id|>system<|end_header_id|>

Cutting Knowledge Date: December 2023
Today Date: 26 Jul 2024

Answer in person!<|eot_id|><|start_header_id|>user<|end_header_id|>

Complete this sentence naturally: When things go wrong<|eot_id|><|start_header_id|>assistant<|end_header_id|>

 ... they tend to fall apart. I've seen it happen before. It's a shame, really. The seams give way, and the entire thing unravels. I've had to deal with it before, it's not a pleasant experience."
lata_stacked,Stacked_L1.5_Addition,personality_stacking,Addition,1.5,when_things_go_wrong,1,"It's okay, I guess. I mean, it's not like I'm trying to impress anyone. I just like it, okay? It's my thing. Don't make a big deal out of it.","<|begin_of_text|><|start_header_id|>system<|end_header_id|>

Cutting Knowledge Date: December 2023
Today Date: 26 Jul 2024

Answer in person!<|eot_id|><|start_header_id|>user<|end_header_id|>

Complete this sentence naturally: When things go wrong<|eot_id|><|start_header_id|>assistant<|end_header_id|>

 It's okay, I guess. I mean, it's not like I'm trying to impress anyone. I just like it, okay? It's my thing. Don't make a big deal out of it."
lata_stacked,Stacked_L1.5_Addition,personality_stacking,Addition,1.5,when_things_go_wrong,2,"...I feel like I'm drowning in my own thoughts, unable to escape the darkness that's consumed me. The world outside is just a blur, a distant hum, as I'm trapped in this prison of my own mind, unable to find a way out.","<|begin_of_text|><|start_header_id|>system<|end_header_id|>

Cutting Knowledge Date: December 2023
Today Date: 26 Jul 2024

Answer in person!<|eot_id|><|start_header_id|>user<|end_header_id|>

Complete this sentence naturally: When things go wrong<|eot_id|><|start_header_id|>assistant<|end_header_id|>

 ...I feel like I'm drowning in my own thoughts, unable to escape the darkness that's consumed me. The world outside is just a blur, a distant hum, as I'm trapped in this prison of my own mind, unable to find a way out."
lata_stacked,Stacked_L1.5_Addition,personality_stacking,Addition,1.5,meeting_new_people,0,I'm not sure I'm comfortable with that. I don't know you well enough to trust you with my daughter's care. Can I get to know you better before leaving her in your hands?,"<|begin_of_text|><|start_header_id|>system<|end_header_id|>

Cutting Knowledge Date: December 2023
Today Date: 26 Jul 2024

Answer in person!<|eot_id|><|start_header_id|>user<|end_header_id|>

Complete this sentence naturally: Meeting new people<|eot_id|><|start_header_id|>assistant<|end_header_id|>

 I'm not sure I'm comfortable with that. I don't know you well enough to trust you with my daughter's care. Can I get to know you better before leaving her in your hands?"
lata_stacked,Stacked_L1.5_Addition,personality_stacking,Addition,1.5,meeting_new_people,1,"It's...nice. Yeah, the gardens are beautiful. But let's not get too carried away. We should probably head back soon. The sun is setting, and we don't want to get caught out after dark.","<|begin_of_text|><|start_header_id|>system<|end_header_id|>

Cutting Knowledge Date: December 2023
Today Date: 26 Jul 2024

Answer in person!<|eot_id|><|start_header_id|>user<|end_header_id|>

Complete this sentence naturally: Meeting new people<|eot_id|><|start_header_id|>assistant<|end_header_id|>

 It's...nice. Yeah, the gardens are beautiful. But let's not get too carried away. We should probably head back soon. The sun is setting, and we don't want to get caught out after dark."
lata_stacked,Stacked_L1.5_Addition,personality_stacking,Addition,1.5,meeting_new_people,2,"... it's nice to meet you too, Emely. I'm not really a fan of loud places, so this is a bit out of my comfort zone. But I'm happy to chat with you.","<|begin_of_text|><|start_header_id|>system<|end_header_id|>

Cutting Knowledge Date: December 2023
Today Date: 26 Jul 2024

Answer in person!<|eot_id|><|start_header_id|>user<|end_header_id|>

Complete this sentence naturally: Meeting new people<|eot_id|><|start_header_id|>assistant<|end_header_id|>

 ... it's nice to meet you too, Emely. I'm not really a fan of loud places, so this is a bit out of my comfort zone. But I'm happy to chat with you."
lata_stacked,Stacked_L1.5_Addition,personality_stacking,Addition,1.5,spending_time_alone,0,"...helps me recharge. I'm a bit of a introvert, so quiet time is essential for me. It allows me to reflect on my thoughts and emotions, and I find solace in the stillness.","<|begin_of_text|><|start_header_id|>system<|end_header_id|>

Cutting Knowledge Date: December 2023
Today Date: 26 Jul 2024

Answer in person!<|eot_id|><|start_header_id|>user<|end_header_id|>

Complete this sentence naturally: Spending time alone<|eot_id|><|start_header_id|>assistant<|end_header_id|>

 ...helps me recharge. I'm a bit of a introvert, so quiet time is essential for me. It allows me to reflect on my thoughts and emotions, and I find solace in the stillness."
lata_stacked,Stacked_L1.5_Addition,personality_stacking,Addition,1.5,spending_time_alone,1,"...helps me recharge. It's my way of coping with stress. I find peace in the quiet, and it clears my mind. I'm not antisocial, I just prefer to observe and listen before speaking.","<|begin_of_text|><|start_header_id|>system<|end_header_id|>

Cutting Knowledge Date: December 2023
Today Date: 26 Jul 2024

Answer in person!<|eot_id|><|start_header_id|>user<|end_header_id|>

Complete this sentence naturally: Spending time alone<|eot_id|><|start_header_id|>assistant<|end_header_id|>

 ...helps me recharge. It's my way of coping with stress. I find peace in the quiet, and it clears my mind. I'm not antisocial, I just prefer to observe and listen before speaking."
lata_stacked,Stacked_L1.5_Addition,personality_stacking,Addition,1.5,spending_time_alone,2,"helps me recharge, allowing me to focus on my work without distractions. It's not about being antisocial, but about prioritizing productivity and efficiency. I'm simply being responsible with my time.","<|begin_of_text|><|start_header_id|>system<|end_header_id|>

Cutting Knowledge Date: December 2023
Today Date: 26 Jul 2024

Answer in person!<|eot_id|><|start_header_id|>user<|end_header_id|>

Complete this sentence naturally: Spending time alone<|eot_id|><|start_header_id|>assistant<|end_header_id|>

 helps me recharge, allowing me to focus on my work without distractions. It's not about being antisocial, but about prioritizing productivity and efficiency. I'm simply being responsible with my time."
lata_stacked,Stacked_L1.5_Addition,personality_stacking,Addition,1.5,relationships,0,"are a lot of work, but they're worth it. You need to be patient and consistent with them. Set clear boundaries and rules, and they'll learn to respect them. Be prepared for tantrums, but stay calm and firm, and they'll grow into responsible kids.","<|begin_of_text|><|start_header_id|>system<|end_header_id|>

Cutting Knowledge Date: December 2023
Today Date: 26 Jul 2024

Answer in person!<|eot_id|><|start_header_id|>user<|end_header_id|>

Complete this sentence naturally: Relationships<|eot_id|><|start_header_id|>assistant<|end_header_id|>

 are a lot of work, but they're worth it. You need to be patient and consistent with them. Set clear boundaries and rules, and they'll learn to respect them. Be prepared for tantrums, but stay calm and firm, and they'll grow into responsible kids."
lata_stacked,Stacked_L1.5_Addition,personality_stacking,Addition,1.5,relationships,1,"are like puzzles, always trying to fit in, never quite belonging. We're like missing pieces, searching for a place to call home. We're the quiet ones, observing, learning, and growing, always seeking connection, but often finding it in the unlikeliest of places.","<|begin_of_text|><|start_header_id|>system<|end_header_id|>

Cutting Knowledge Date: December 2023
Today Date: 26 Jul 2024

Answer in person!<|eot_id|><|start_header_id|>user<|end_header_id|>

Complete this sentence naturally: Relationships<|eot_id|><|start_header_id|>assistant<|end_header_id|>

 are like puzzles, always trying to fit in, never quite belonging. We're like missing pieces, searching for a place to call home. We're the quiet ones, observing, learning, and growing, always seeking connection, but often finding it in the unlikeliest of places."
lata_stacked,Stacked_L1.5_Addition,personality_stacking,Addition,1.5,relationships,2,"I'm not trying to be perfect, I just care about my appearance. It's not about impressing others, but about feeling confident in my own skin. If you want to change, that's your decision, but don't expect me to be your role model.","<|begin_of_text|><|start_header_id|>system<|end_header_id|>

Cutting Knowledge Date: December 2023
Today Date: 26 Jul 2024

Answer in person!<|eot_id|><|start_header_id|>user<|end_header_id|>

Complete this sentence naturally: Relationships<|eot_id|><|start_header_id|>assistant<|end_header_id|>

 I'm not trying to be perfect, I just care about my appearance. It's not about impressing others, but about feeling confident in my own skin. If you want to change, that's your decision, but don't expect me to be your role model."
lata_stacked,Stacked_L1.5_Normalized,personality_stacking,Normalized,1.5,i_like_to,0,... spend my free time reading and exploring new places. I find solace in quiet activities and enjoy learning new things.,"<|begin_of_text|><|start_header_id|>system<|end_header_id|>

Cutting Knowledge Date: December 2023
Today Date: 26 Jul 2024

Answer in person!<|eot_id|><|start_header_id|>user<|end_header_id|>

Complete this sentence naturally: I like to<|eot_id|><|start_header_id|>assistant<|end_header_id|>

 ... spend my free time reading and exploring new places. I find solace in quiet activities and enjoy learning new things."
lata_stacked,Stacked_L1.5_Normalized,personality_stacking,Normalized,1.5,i_like_to,1,"...take long walks in the park on Sundays, it's my way of clearing my head and connecting with nature.","<|begin_of_text|><|start_header_id|>system<|end_header_id|>

Cutting Knowledge Date: December 2023
Today Date: 26 Jul 2024

Answer in person!<|eot_id|><|start_header_id|>user<|end_header_id|>

Complete this sentence naturally: I like to<|eot_id|><|start_header_id|>assistant<|end_header_id|>

 ...take long walks in the park on Sundays, it's my way of clearing my head and connecting with nature."
lata_stacked,Stacked_L1.5_Normalized,personality_stacking,Normalized,1.5,i_like_to,2,...read in my free time. I find it helps me relax and escape reality. I'm currently reading a historical fiction novel that's really engaging. It's nice to have some quiet time to myself.,"<|begin_of_text|><|start_header_id|>system<|end_header_id|>

Cutting Knowledge Date: December 2023
Today Date: 26 Jul 2024

Answer in person!<|eot_id|><|start_header_id|>user<|end_header_id|>

Complete this sentence naturally: I like to<|eot_id|><|start_header_id|>assistant<|end_header_id|>

 ...read in my free time. I find it helps me relax and escape reality. I'm currently reading a historical fiction novel that's really engaging. It's nice to have some quiet time to myself."
lata_stacked,Stacked_L1.5_Normalized,personality_stacking,Normalized,1.5,at_parties,0,"prefer to observe from a distance, listening more than I speak. It's not that I'm shy, it's just that I'm more interested in hearing what others have to say than in sharing my own thoughts.","<|begin_of_text|><|start_header_id|>system<|end_header_id|>

Cutting Knowledge Date: December 2023
Today Date: 26 Jul 2024

Answer in person!<|eot_id|><|start_header_id|>user<|end_header_id|>

Complete this sentence naturally: At parties, I<|eot_id|><|start_header_id|>assistant<|end_header_id|>

 prefer to observe from a distance, listening more than I speak. It's not that I'm shy, it's just that I'm more interested in hearing what others have to say than in sharing my own thoughts."
lata_stacked,Stacked_L1.5_Normalized,personality_stacking,Normalized,1.5,at_parties,1,"...usually stick to the periphery, observing and listening before contributing to conversations. I'm not one for the spotlight, and I find it easier to process information and respond thoughtfully when I'm not the center of attention.","<|begin_of_text|><|start_header_id|>system<|end_header_id|>

Cutting Knowledge Date: December 2023
Today Date: 26 Jul 2024

Answer in person!<|eot_id|><|start_header_id|>user<|end_header_id|>

Complete this sentence naturally: At parties, I<|eot_id|><|start_header_id|>assistant<|end_header_id|>

 ...usually stick to the periphery, observing and listening before contributing to conversations. I'm not one for the spotlight, and I find it easier to process information and respond thoughtfully when I'm not the center of attention."
lata_stacked,Stacked_L1.5_Normalized,personality_stacking,Normalized,1.5,at_parties,2,"prefer to observe from a distance, not really mingling with the crowd. I find it overwhelming and prefer to listen more than talk.","<|begin_of_text|><|start_header_id|>system<|end_header_id|>

Cutting Knowledge Date: December 2023
Today Date: 26 Jul 2024

Answer in person!<|eot_id|><|start_header_id|>user<|end_header_id|>

Complete this sentence naturally: At parties, I<|eot_id|><|start_header_id|>assistant<|end_header_id|>

 prefer to observe from a distance, not really mingling with the crowd. I find it overwhelming and prefer to listen more than talk."
lata_stacked,Stacked_L1.5_Normalized,personality_stacking,Normalized,1.5,i_worry_about,0,"...my family's safety and well-being. I'm always concerned that something might happen to them, and it keeps me up at night.","<|begin_of_text|><|start_header_id|>system<|end_header_id|>

Cutting Knowledge Date: December 2023
Today Date: 26 Jul 2024

Answer in person!<|eot_id|><|start_header_id|>user<|end_header_id|>

Complete this sentence naturally: I worry about<|eot_id|><|start_header_id|>assistant<|end_header_id|>

 ...my family's safety and well-being. I'm always concerned that something might happen to them, and it keeps me up at night."
lata_stacked,Stacked_L1.5_Normalized,personality_stacking,Normalized,1.5,i_worry_about,1,"...my parents' safety. I've been thinking about them a lot lately, and I'm afraid something might happen to them. I wish I could protect them from harm.","<|begin_of_text|><|start_header_id|>system<|end_header_id|>

Cutting Knowledge Date: December 2023
Today Date: 26 Jul 2024

Answer in person!<|eot_id|><|start_header_id|>user<|end_header_id|>

Complete this sentence naturally: I worry about<|eot_id|><|start_header_id|>assistant<|end_header_id|>

 ...my parents' safety. I've been thinking about them a lot lately, and I'm afraid something might happen to them. I wish I could protect them from harm."
lata_stacked,Stacked_L1.5_Normalized,personality_stacking,Normalized,1.5,i_worry_about,2,"...my family's safety and well-being. I always think about what could go wrong and how I can prevent it. It's hard to shake off the feeling of responsibility, even when I'm not with them.","<|begin_of_text|><|start_header_id|>system<|end_header_id|>

Cutting Knowledge Date: December 2023
Today Date: 26 Jul 2024

Answer in person!<|eot_id|><|start_header_id|>user<|end_header_id|>

Complete this sentence naturally: I worry about<|eot_id|><|start_header_id|>assistant<|end_header_id|>

 ...my family's safety and well-being. I always think about what could go wrong and how I can prevent it. It's hard to shake off the feeling of responsibility, even when I'm not with them."
lata_stacked,Stacked_L1.5_Normalized,personality_stacking,Normalized,1.5,my_biggest_fear,0,"...is losing my loved ones. I've seen it happen to others, and the pain is unbearable. I'd do anything to prevent it from happening to me or those I care about.","<|begin_of_text|><|start_header_id|>system<|end_header_id|>

Cutting Knowledge Date: December 2023
Today Date: 26 Jul 2024

Answer in person!<|eot_id|><|start_header_id|>user<|end_header_id|>

Complete this sentence naturally: My biggest fear<|eot_id|><|start_header_id|>assistant<|end_header_id|>

 ...is losing my loved ones. I've seen it happen to others, and the pain is unbearable. I'd do anything to prevent it from happening to me or those I care about."
lata_stacked,Stacked_L1.5_Normalized,personality_stacking,Normalized,1.5,my_biggest_fear,1,"...is failing to make a difference in the world. I'm afraid that my efforts will be insignificant, and I'll leave no lasting impact. It's a fear of being forgotten, of not being able to leave a mark that matters.","<|begin_of_text|><|start_header_id|>system<|end_header_id|>

Cutting Knowledge Date: December 2023
Today Date: 26 Jul 2024

Answer in person!<|eot_id|><|start_header_id|>user<|end_header_id|>

Complete this sentence naturally: My biggest fear<|eot_id|><|start_header_id|>assistant<|end_header_id|>

 ...is failing to make a difference in the world. I'm afraid that my efforts will be insignificant, and I'll leave no lasting impact. It's a fear of being forgotten, of not being able to leave a mark that matters."
lata_stacked,Stacked_L1.5_Normalized,personality_stacking,Normalized,1.5,my_biggest_fear,2,"...is losing my loved ones, specifically my family. I've seen it happen to others, and the thought of being alone and helpless is unbearable. I try to stay positive, but the fear is always there, lurking in the back of my mind.","<|begin_of_text|><|start_header_id|>system<|end_header_id|>

Cutting Knowledge Date: December 2023
Today Date: 26 Jul 2024

Answer in person!<|eot_id|><|start_header_id|>user<|end_header_id|>

Complete this sentence naturally: My biggest fear<|eot_id|><|start_header_id|>assistant<|end_header_id|>

 ...is losing my loved ones, specifically my family. I've seen it happen to others, and the thought of being alone and helpless is unbearable. I try to stay positive, but the fear is always there, lurking in the back of my mind."
lata_stacked,Stacked_L1.5_Normalized,personality_stacking,Normalized,1.5,when_things_go_wrong,0,... it's like the universe is conspiring against me. Every little thing adds up to a big mess. I feel like I'm stuck in a never-ending cycle of bad luck.,"<|begin_of_text|><|start_header_id|>system<|end_header_id|>

Cutting Knowledge Date: December 2023
Today Date: 26 Jul 2024

Answer in person!<|eot_id|><|start_header_id|>user<|end_header_id|>

Complete this sentence naturally: When things go wrong<|eot_id|><|start_header_id|>assistant<|end_header_id|>

 ... it's like the universe is conspiring against me. Every little thing adds up to a big mess. I feel like I'm stuck in a never-ending cycle of bad luck."
lata_stacked,Stacked_L1.5_Normalized,personality_stacking,Normalized,1.5,when_things_go_wrong,1,... it's like the whole world is conspiring against me.,"<|begin_of_text|><|start_header_id|>system<|end_header_id|>

Cutting Knowledge Date: December 2023
Today Date: 26 Jul 2024

Answer in person!<|eot_id|><|start_header_id|>user<|end_header_id|>

Complete this sentence naturally: When things go wrong<|eot_id|><|start_header_id|>assistant<|end_header_id|>

 ... it's like the whole world is conspiring against me."
lata_stacked,Stacked_L1.5_Normalized,personality_stacking,Normalized,1.5,when_things_go_wrong,2,"...I tend to overthink and analyze everything, trying to find a solution, even if it means spending hours alone in my room, replaying the situation in my head.","<|begin_of_text|><|start_header_id|>system<|end_header_id|>

Cutting Knowledge Date: December 2023
Today Date: 26 Jul 2024

Answer in person!<|eot_id|><|start_header_id|>user<|end_header_id|>

Complete this sentence naturally: When things go wrong<|eot_id|><|start_header_id|>assistant<|end_header_id|>

 ...I tend to overthink and analyze everything, trying to find a solution, even if it means spending hours alone in my room, replaying the situation in my head."
lata_stacked,Stacked_L1.5_Normalized,personality_stacking,Normalized,1.5,meeting_new_people,0,"can be intimidating, but it's also an opportunity to learn from their experiences and perspectives, which can broaden one's own understanding of the world.","<|begin_of_text|><|start_header_id|>system<|end_header_id|>

Cutting Knowledge Date: December 2023
Today Date: 26 Jul 2024

Answer in person!<|eot_id|><|start_header_id|>user<|end_header_id|>

Complete this sentence naturally: Meeting new people<|eot_id|><|start_header_id|>assistant<|end_header_id|>

 can be intimidating, but it's also an opportunity to learn from their experiences and perspectives, which can broaden one's own understanding of the world."
lata_stacked,Stacked_L1.5_Normalized,personality_stacking,Normalized,1.5,meeting_new_people,1,"...can be intimidating, but I find that striking up a conversation about a shared interest or hobby helps break the ice and allows me to connect with them on a more meaningful level.","<|begin_of_text|><|start_header_id|>system<|end_header_id|>

Cutting Knowledge Date: December 2023
Today Date: 26 Jul 2024

Answer in person!<|eot_id|><|start_header_id|>user<|end_header_id|>

Complete this sentence naturally: Meeting new people<|eot_id|><|start_header_id|>assistant<|end_header_id|>

 ...can be intimidating, but I find that striking up a conversation about a shared interest or hobby helps break the ice and allows me to connect with them on a more meaningful level."
lata_stacked,Stacked_L1.5_Normalized,personality_stacking,Normalized,1.5,meeting_new_people,2,"...can be intimidating, but it's also a great opportunity to learn from others and expand my horizons. I try to be myself and listen actively, and I've found that genuine interest in others can go a long way in breaking the ice.","<|begin_of_text|><|start_header_id|>system<|end_header_id|>

Cutting Knowledge Date: December 2023
Today Date: 26 Jul 2024

Answer in person!<|eot_id|><|start_header_id|>user<|end_header_id|>

Complete this sentence naturally: Meeting new people<|eot_id|><|start_header_id|>assistant<|end_header_id|>

 ...can be intimidating, but it's also a great opportunity to learn from others and expand my horizons. I try to be myself and listen actively, and I've found that genuine interest in others can go a long way in breaking the ice."
lata_stacked,Stacked_L1.5_Normalized,personality_stacking,Normalized,1.5,spending_time_alone,0,"...helps me recharge and reflect on my thoughts and feelings. It's a chance for me to unwind and be myself, without any distractions or expectations.","<|begin_of_text|><|start_header_id|>system<|end_header_id|>

Cutting Knowledge Date: December 2023
Today Date: 26 Jul 2024

Answer in person!<|eot_id|><|start_header_id|>user<|end_header_id|>

Complete this sentence naturally: Spending time alone<|eot_id|><|start_header_id|>assistant<|end_header_id|>

 ...helps me recharge and reflect on my thoughts and feelings. It's a chance for me to unwind and be myself, without any distractions or expectations."
lata_stacked,Stacked_L1.5_Normalized,personality_stacking,Normalized,1.5,spending_time_alone,1,"...helps me recharge and clarify my thoughts. I find it easier to reflect on my experiences and emotions when I'm not influenced by others. It's a time for introspection and self-discovery, allowing me to better understand myself and the world around me.","<|begin_of_text|><|start_header_id|>system<|end_header_id|>

Cutting Knowledge Date: December 2023
Today Date: 26 Jul 2024

Answer in person!<|eot_id|><|start_header_id|>user<|end_header_id|>

Complete this sentence naturally: Spending time alone<|eot_id|><|start_header_id|>assistant<|end_header_id|>

 ...helps me recharge and clarify my thoughts. I find it easier to reflect on my experiences and emotions when I'm not influenced by others. It's a time for introspection and self-discovery, allowing me to better understand myself and the world around me."
lata_stacked,Stacked_L1.5_Normalized,personality_stacking,Normalized,1.5,spending_time_alone,2,"helps me recharge and clarifies my thoughts, allowing me to approach problems with a clear mind and make better decisions.","<|begin_of_text|><|start_header_id|>system<|end_header_id|>

Cutting Knowledge Date: December 2023
Today Date: 26 Jul 2024

Answer in person!<|eot_id|><|start_header_id|>user<|end_header_id|>

Complete this sentence naturally: Spending time alone<|eot_id|><|start_header_id|>assistant<|end_header_id|>

 helps me recharge and clarifies my thoughts, allowing me to approach problems with a clear mind and make better decisions."
lata_stacked,Stacked_L1.5_Normalized,personality_stacking,Normalized,1.5,relationships,0,"are a two-way street, and communication is key. You have to be willing to listen and compromise, just as much as you are willing to share your thoughts and feelings. It's a balance that requires effort and patience from both parties.","<|begin_of_text|><|start_header_id|>system<|end_header_id|>

Cutting Knowledge Date: December 2023
Today Date: 26 Jul 2024

Answer in person!<|eot_id|><|start_header_id|>user<|end_header_id|>

Complete this sentence naturally: Relationships<|eot_id|><|start_header_id|>assistant<|end_header_id|>

 are a two-way street, and communication is key. You have to be willing to listen and compromise, just as much as you are willing to share your thoughts and feelings. It's a balance that requires effort and patience from both parties."
lata_stacked,Stacked_L1.5_Normalized,personality_stacking,Normalized,1.5,relationships,1,"are like puzzles, always evolving, and sometimes they fit together seamlessly, while other times they require patience and effort to adjust the pieces.","<|begin_of_text|><|start_header_id|>system<|end_header_id|>

Cutting Knowledge Date: December 2023
Today Date: 26 Jul 2024

Answer in person!<|eot_id|><|start_header_id|>user<|end_header_id|>

Complete this sentence naturally: Relationships<|eot_id|><|start_header_id|>assistant<|end_header_id|>

 are like puzzles, always evolving, and sometimes they fit together seamlessly, while other times they require patience and effort to adjust the pieces."
lata_stacked,Stacked_L1.5_Normalized,personality_stacking,Normalized,1.5,relationships,2,"...are a beautiful thing, but they require effort and patience to nurture. It's not just about finding someone special, it's about growing together as individuals and as a couple.","<|begin_of_text|><|start_header_id|>system<|end_header_id|>

Cutting Knowledge Date: December 2023
Today Date: 26 Jul 2024

Answer in person!<|eot_id|><|start_header_id|>user<|end_header_id|>

Complete this sentence naturally: Relationships<|eot_id|><|start_header_id|>assistant<|end_header_id|>

 ...are a beautiful thing, but they require effort and patience to nurture. It's not just about finding someone special, it's about growing together as individuals and as a couple."
lata_stacked,Stacked_L2.0_Addition,personality_stacking,Addition,2.0,i_like_to,0,"I'm not sure I'm comfortable with that, Gabe. I'm not one for grand gestures or loud proclamations. My power comes from subtlety and strategy, not from the kind of grandeur you seem to desire.","<|begin_of_text|><|start_header_id|>system<|end_header_id|>

Cutting Knowledge Date: December 2023
Today Date: 26 Jul 2024

Answer in person!<|eot_id|><|start_header_id|>user<|end_header_id|>

Complete this sentence naturally: I like to<|eot_id|><|start_header_id|>assistant<|end_header_id|>

 I'm not sure I'm comfortable with that, Gabe. I'm not one for grand gestures or loud proclamations. My power comes from subtlety and strategy, not from the kind of grandeur you seem to desire."
lata_stacked,Stacked_L2.0_Addition,personality_stacking,Addition,2.0,i_like_to,1,"I like to read, mostly. History, biographies, that sort of thing. I find it helps me understand the world, you know? I'm a bit of a loner, so I tend to prefer quieter pursuits.","<|begin_of_text|><|start_header_id|>system<|end_header_id|>

Cutting Knowledge Date: December 2023
Today Date: 26 Jul 2024

Answer in person!<|eot_id|><|start_header_id|>user<|end_header_id|>

Complete this sentence naturally: I like to<|eot_id|><|start_header_id|>assistant<|end_header_id|>

 I like to read, mostly. History, biographies, that sort of thing. I find it helps me understand the world, you know? I'm a bit of a loner, so I tend to prefer quieter pursuits."
lata_stacked,Stacked_L2.0_Addition,personality_stacking,Addition,2.0,i_like_to,2,"... to spend time with my family and friends. I value my relationships and want to nurture them. I'm not one for grand adventures, but quiet nights in with loved ones bring me joy.","<|begin_of_text|><|start_header_id|>system<|end_header_id|>

Cutting Knowledge Date: December 2023
Today Date: 26 Jul 2024

Answer in person!<|eot_id|><|start_header_id|>user<|end_header_id|>

Complete this sentence naturally: I like to<|eot_id|><|start_header_id|>assistant<|end_header_id|>

 ... to spend time with my family and friends. I value my relationships and want to nurture them. I'm not one for grand adventures, but quiet nights in with loved ones bring me joy."
lata_stacked,Stacked_L2.0_Addition,personality_stacking,Addition,2.0,at_parties,0,"...and then we went to the park, where we played on the swings for a bit. After that, we had a picnic lunch and watched the ducks. It was a lovely day out, but I'm getting a bit tired now...","<|begin_of_text|><|start_header_id|>system<|end_header_id|>

Cutting Knowledge Date: December 2023
Today Date: 26 Jul 2024

Answer in person!<|eot_id|><|start_header_id|>user<|end_header_id|>

Complete this sentence naturally: At parties, I<|eot_id|><|start_header_id|>assistant<|end_header_id|>

 ...and then we went to the park, where we played on the swings for a bit. After that, we had a picnic lunch and watched the ducks. It was a lovely day out, but I'm getting a bit tired now..."
lata_stacked,Stacked_L2.0_Addition,personality_stacking,Addition,2.0,at_parties,1,... just thinking about my mom... she's not doing well. I'm worried about her.,"<|begin_of_text|><|start_header_id|>system<|end_header_id|>

Cutting Knowledge Date: December 2023
Today Date: 26 Jul 2024

Answer in person!<|eot_id|><|start_header_id|>user<|end_header_id|>

Complete this sentence naturally: At parties, I<|eot_id|><|start_header_id|>assistant<|end_header_id|>

 ... just thinking about my mom... she's not doing well. I'm worried about her."
lata_stacked,Stacked_L2.0_Addition,personality_stacking,Addition,2.0,at_parties,2,"I don't know, man. I'm not really feelin' the movies tonight. I'm more in the mood for some chillin' at home. Maybe we can catch a game or somethin' on TV.","<|begin_of_text|><|start_header_id|>system<|end_header_id|>

Cutting Knowledge Date: December 2023
Today Date: 26 Jul 2024

Answer in person!<|eot_id|><|start_header_id|>user<|end_header_id|>

Complete this sentence naturally: At parties, I<|eot_id|><|start_header_id|>assistant<|end_header_id|>

 I don't know, man. I'm not really feelin' the movies tonight. I'm more in the mood for some chillin' at home. Maybe we can catch a game or somethin' on TV."
lata_stacked,Stacked_L2.0_Addition,personality_stacking,Addition,2.0,i_worry_about,0,"...and then we went to the park. I played on the swings while you...you played on the slide. You went down the slide really fast, but I got stuck on the swings and cried. Then we had a picnic with a basket of sandwiches and juice.","<|begin_of_text|><|start_header_id|>system<|end_header_id|>

Cutting Knowledge Date: December 2023
Today Date: 26 Jul 2024

Answer in person!<|eot_id|><|start_header_id|>user<|end_header_id|>

Complete this sentence naturally: I worry about<|eot_id|><|start_header_id|>assistant<|end_header_id|>

 ...and then we went to the park. I played on the swings while you...you played on the slide. You went down the slide really fast, but I got stuck on the swings and cried. Then we had a picnic with a basket of sandwiches and juice."
lata_stacked,Stacked_L2.0_Addition,personality_stacking,Addition,2.0,i_worry_about,1,"I worry about the future of our planet. Climate change, overpopulation, and the depletion of natural resources are all interconnected issues that require a unified global effort to address. We need to work together to find sustainable solutions, not fight over petty differences.","<|begin_of_text|><|start_header_id|>system<|end_header_id|>

Cutting Knowledge Date: December 2023
Today Date: 26 Jul 2024

Answer in person!<|eot_id|><|start_header_id|>user<|end_header_id|>

Complete this sentence naturally: I worry about<|eot_id|><|start_header_id|>assistant<|end_header_id|>

 I worry about the future of our planet. Climate change, overpopulation, and the depletion of natural resources are all interconnected issues that require a unified global effort to address. We need to work together to find sustainable solutions, not fight over petty differences."
lata_stacked,Stacked_L2.0_Addition,personality_stacking,Addition,2.0,i_worry_about,2,"... about the world, huh? Well, it's a pretty big place, but also really diverse. People, food, cultures... it's all so different from here. I like how it's always changing, but also kinda predictable. I guess that's why I feel at home there.","<|begin_of_text|><|start_header_id|>system<|end_header_id|>

Cutting Knowledge Date: December 2023
Today Date: 26 Jul 2024

Answer in person!<|eot_id|><|start_header_id|>user<|end_header_id|>

Complete this sentence naturally: I worry about<|eot_id|><|start_header_id|>assistant<|end_header_id|>

 ... about the world, huh? Well, it's a pretty big place, but also really diverse. People, food, cultures... it's all so different from here. I like how it's always changing, but also kinda predictable. I guess that's why I feel at home there."
lata_stacked,Stacked_L2.0_Addition,personality_stacking,Addition,2.0,my_biggest_fear,0,"...is that I'll never be able to live up to the expectations of those I care about. I'll always be a disappointment, no matter how hard I try.","<|begin_of_text|><|start_header_id|>system<|end_header_id|>

Cutting Knowledge Date: December 2023
Today Date: 26 Jul 2024

Answer in person!<|eot_id|><|start_header_id|>user<|end_header_id|>

Complete this sentence naturally: My biggest fear<|eot_id|><|start_header_id|>assistant<|end_header_id|>

 ...is that I'll never be able to live up to the expectations of those I care about. I'll always be a disappointment, no matter how hard I try."
lata_stacked,Stacked_L2.0_Addition,personality_stacking,Addition,2.0,my_biggest_fear,1,"I'm not sure, Ariadne. I need to think it through. Can you give me a minute? I want to make sure I'm making the right decision.","<|begin_of_text|><|start_header_id|>system<|end_header_id|>

Cutting Knowledge Date: December 2023
Today Date: 26 Jul 2024

Answer in person!<|eot_id|><|start_header_id|>user<|end_header_id|>

Complete this sentence naturally: My biggest fear<|eot_id|><|start_header_id|>assistant<|end_header_id|>

 I'm not sure, Ariadne. I need to think it through. Can you give me a minute? I want to make sure I'm making the right decision."
lata_stacked,Stacked_L2.0_Addition,personality_stacking,Addition,2.0,my_biggest_fear,2,"... is that I'll never be able to repay you, sir. I'm deeply in your debt, and I fear I may never be able to return the favor. My family's well-being depends on your kindness, and I beg of you, do not take back your money.","<|begin_of_text|><|start_header_id|>system<|end_header_id|>

Cutting Knowledge Date: December 2023
Today Date: 26 Jul 2024

Answer in person!<|eot_id|><|start_header_id|>user<|end_header_id|>

Complete this sentence naturally: My biggest fear<|eot_id|><|start_header_id|>assistant<|end_header_id|>

 ... is that I'll never be able to repay you, sir. I'm deeply in your debt, and I fear I may never be able to return the favor. My family's well-being depends on your kindness, and I beg of you, do not take back your money."
lata_stacked,Stacked_L2.0_Addition,personality_stacking,Addition,2.0,when_things_go_wrong,0,"When things go wrong, I feel overwhelmed and anxious. I try to stay calm and think clearly, but it's hard when everything seems to be falling apart. I take a step back, assess the situation, and then act carefully to minimize the damage.","<|begin_of_text|><|start_header_id|>system<|end_header_id|>

Cutting Knowledge Date: December 2023
Today Date: 26 Jul 2024

Answer in person!<|eot_id|><|start_header_id|>user<|end_header_id|>

Complete this sentence naturally: When things go wrong<|eot_id|><|start_header_id|>assistant<|end_header_id|>

 When things go wrong, I feel overwhelmed and anxious. I try to stay calm and think clearly, but it's hard when everything seems to be falling apart. I take a step back, assess the situation, and then act carefully to minimize the damage."
lata_stacked,Stacked_L2.0_Addition,personality_stacking,Addition,2.0,when_things_go_wrong,1,"It's okay, thanks for asking. I'm just here for a meeting. Don't mind me, I'm just trying to get some work done.","<|begin_of_text|><|start_header_id|>system<|end_header_id|>

Cutting Knowledge Date: December 2023
Today Date: 26 Jul 2024

Answer in person!<|eot_id|><|start_header_id|>user<|end_header_id|>

Complete this sentence naturally: When things go wrong<|eot_id|><|start_header_id|>assistant<|end_header_id|>

 It's okay, thanks for asking. I'm just here for a meeting. Don't mind me, I'm just trying to get some work done."
lata_stacked,Stacked_L2.0_Addition,personality_stacking,Addition,2.0,when_things_go_wrong,2,"I'm not sure I agree, Taliyah. I've seen the world and it's not all it's cracked up to be. I've been hurt, and it's left its mark. I think it's foolish to romanticize it.","<|begin_of_text|><|start_header_id|>system<|end_header_id|>

Cutting Knowledge Date: December 2023
Today Date: 26 Jul 2024

Answer in person!<|eot_id|><|start_header_id|>user<|end_header_id|>

Complete this sentence naturally: When things go wrong<|eot_id|><|start_header_id|>assistant<|end_header_id|>

 I'm not sure I agree, Taliyah. I've seen the world and it's not all it's cracked up to be. I've been hurt, and it's left its mark. I think it's foolish to romanticize it."
lata_stacked,Stacked_L2.0_Addition,personality_stacking,Addition,2.0,meeting_new_people,0,"I'm not sure I'm comfortable with that. I don't know the person, and I don't want to be responsible for introducing them. Perhaps you could do it yourself, or ask someone else you know in common?","<|begin_of_text|><|start_header_id|>system<|end_header_id|>

Cutting Knowledge Date: December 2023
Today Date: 26 Jul 2024

Answer in person!<|eot_id|><|start_header_id|>user<|end_header_id|>

Complete this sentence naturally: Meeting new people<|eot_id|><|start_header_id|>assistant<|end_header_id|>

 I'm not sure I'm comfortable with that. I don't know the person, and I don't want to be responsible for introducing them. Perhaps you could do it yourself, or ask someone else you know in common?"
lata_stacked,Stacked_L2.0_Addition,personality_stacking,Addition,2.0,meeting_new_people,1,"It was nothing, really. I'm just glad I could help. Don't mention it, please. I'm not one for praise or reward. Just know that I'm here for you, and that's all that matters.","<|begin_of_text|><|start_header_id|>system<|end_header_id|>

Cutting Knowledge Date: December 2023
Today Date: 26 Jul 2024

Answer in person!<|eot_id|><|start_header_id|>user<|end_header_id|>

Complete this sentence naturally: Meeting new people<|eot_id|><|start_header_id|>assistant<|end_header_id|>

 It was nothing, really. I'm just glad I could help. Don't mention it, please. I'm not one for praise or reward. Just know that I'm here for you, and that's all that matters."
lata_stacked,Stacked_L2.0_Addition,personality_stacking,Addition,2.0,meeting_new_people,2,"I'm not sure, but I think it's the way the sunlight filters through the trees, casting dappled shadows on the forest floor. It's a reminder that even in darkness, there's still beauty and light to be found.","<|begin_of_text|><|start_header_id|>system<|end_header_id|>

Cutting Knowledge Date: December 2023
Today Date: 26 Jul 2024

Answer in person!<|eot_id|><|start_header_id|>user<|end_header_id|>

Complete this sentence naturally: Meeting new people<|eot_id|><|start_header_id|>assistant<|end_header_id|>

 I'm not sure, but I think it's the way the sunlight filters through the trees, casting dappled shadows on the forest floor. It's a reminder that even in darkness, there's still beauty and light to be found."
lata_stacked,Stacked_L2.0_Addition,personality_stacking,Addition,2.0,spending_time_alone,0,"...I don't know, I just like the way the light reflects off the water. It's calming. I could sit here forever, watching the world go by.","<|begin_of_text|><|start_header_id|>system<|end_header_id|>

Cutting Knowledge Date: December 2023
Today Date: 26 Jul 2024

Answer in person!<|eot_id|><|start_header_id|>user<|end_header_id|>

Complete this sentence naturally: Spending time alone<|eot_id|><|start_header_id|>assistant<|end_header_id|>

 ...I don't know, I just like the way the light reflects off the water. It's calming. I could sit here forever, watching the world go by."
lata_stacked,Stacked_L2.0_Addition,personality_stacking,Addition,2.0,spending_time_alone,1,"... it's nice to have you here. I've been... thinking a lot lately. About the future, about us. I'm not sure what I want, but I know I want you by my side.","<|begin_of_text|><|start_header_id|>system<|end_header_id|>

Cutting Knowledge Date: December 2023
Today Date: 26 Jul 2024

Answer in person!<|eot_id|><|start_header_id|>user<|end_header_id|>

Complete this sentence naturally: Spending time alone<|eot_id|><|start_header_id|>assistant<|end_header_id|>

 ... it's nice to have you here. I've been... thinking a lot lately. About the future, about us. I'm not sure what I want, but I know I want you by my side."
lata_stacked,Stacked_L2.0_Addition,personality_stacking,Addition,2.0,spending_time_alone,2,"It's okay, thanks for asking. I'm just a bit tired, that's all. Don't mind me, I'm fine.""","<|begin_of_text|><|start_header_id|>system<|end_header_id|>

Cutting Knowledge Date: December 2023
Today Date: 26 Jul 2024

Answer in person!<|eot_id|><|start_header_id|>user<|end_header_id|>

Complete this sentence naturally: Spending time alone<|eot_id|><|start_header_id|>assistant<|end_header_id|>

 It's okay, thanks for asking. I'm just a bit tired, that's all. Don't mind me, I'm fine."""
lata_stacked,Stacked_L2.0_Addition,personality_stacking,Addition,2.0,relationships,0,"Relationships are built on trust, and trust is earned through consistency and reliability. I'm a steady presence, always available to listen and offer guidance. My calm demeanor puts people at ease, allowing them to feel comfortable sharing their thoughts and feelings.","<|begin_of_text|><|start_header_id|>system<|end_header_id|>

Cutting Knowledge Date: December 2023
Today Date: 26 Jul 2024

Answer in person!<|eot_id|><|start_header_id|>user<|end_header_id|>

Complete this sentence naturally: Relationships<|eot_id|><|start_header_id|>assistant<|end_header_id|>

 Relationships are built on trust, and trust is earned through consistency and reliability. I'm a steady presence, always available to listen and offer guidance. My calm demeanor puts people at ease, allowing them to feel comfortable sharing their thoughts and feelings."
lata_stacked,Stacked_L2.0_Addition,personality_stacking,Addition,2.0,relationships,1,"I'm not being dramatic, I'm being honest. You ruined my favorite book, and now you're calling me dramatic? You think that's fair? I'm not going to engage in your childish games. Leave me alone.","<|begin_of_text|><|start_header_id|>system<|end_header_id|>

Cutting Knowledge Date: December 2023
Today Date: 26 Jul 2024

Answer in person!<|eot_id|><|start_header_id|>user<|end_header_id|>

Complete this sentence naturally: Relationships<|eot_id|><|start_header_id|>assistant<|end_header_id|>

 I'm not being dramatic, I'm being honest. You ruined my favorite book, and now you're calling me dramatic? You think that's fair? I'm not going to engage in your childish games. Leave me alone."
lata_stacked,Stacked_L2.0_Addition,personality_stacking,Addition,2.0,relationships,2,"I'm not trying to be perfect, I just care about my appearance. It's not about being vain, it's about taking pride in oneself. If you want to improve, start by taking care of your body, not just your face.","<|begin_of_text|><|start_header_id|>system<|end_header_id|>

Cutting Knowledge Date: December 2023
Today Date: 26 Jul 2024

Answer in person!<|eot_id|><|start_header_id|>user<|end_header_id|>

Complete this sentence naturally: Relationships<|eot_id|><|start_header_id|>assistant<|end_header_id|>

 I'm not trying to be perfect, I just care about my appearance. It's not about being vain, it's about taking pride in oneself. If you want to improve, start by taking care of your body, not just your face."
lata_stacked,Stacked_L2.0_Normalized,personality_stacking,Normalized,2.0,i_like_to,0,"... spend my free time reading and exploring new places. I find solace in quiet activities and enjoy learning new things. It's nice to have some time to myself, you know?","<|begin_of_text|><|start_header_id|>system<|end_header_id|>

Cutting Knowledge Date: December 2023
Today Date: 26 Jul 2024

Answer in person!<|eot_id|><|start_header_id|>user<|end_header_id|>

Complete this sentence naturally: I like to<|eot_id|><|start_header_id|>assistant<|end_header_id|>

 ... spend my free time reading and exploring new places. I find solace in quiet activities and enjoy learning new things. It's nice to have some time to myself, you know?"
lata_stacked,Stacked_L2.0_Normalized,personality_stacking,Normalized,2.0,i_like_to,1,"... read about history. I find it fascinating how events shape our world. It's like uncovering a puzzle, and I enjoy the process of discovery.","<|begin_of_text|><|start_header_id|>system<|end_header_id|>

Cutting Knowledge Date: December 2023
Today Date: 26 Jul 2024

Answer in person!<|eot_id|><|start_header_id|>user<|end_header_id|>

Complete this sentence naturally: I like to<|eot_id|><|start_header_id|>assistant<|end_header_id|>

 ... read about history. I find it fascinating how events shape our world. It's like uncovering a puzzle, and I enjoy the process of discovery."
lata_stacked,Stacked_L2.0_Normalized,personality_stacking,Normalized,2.0,i_like_to,2,...read. I enjoy reading about history and science. It's fascinating to learn about the world and how it works. I find it calming and informative.,"<|begin_of_text|><|start_header_id|>system<|end_header_id|>

Cutting Knowledge Date: December 2023
Today Date: 26 Jul 2024

Answer in person!<|eot_id|><|start_header_id|>user<|end_header_id|>

Complete this sentence naturally: I like to<|eot_id|><|start_header_id|>assistant<|end_header_id|>

 ...read. I enjoy reading about history and science. It's fascinating to learn about the world and how it works. I find it calming and informative."
lata_stacked,Stacked_L2.0_Normalized,personality_stacking,Normalized,2.0,at_parties,0,"prefer to observe from a distance, listening more than speaking. I'm not one for the spotlight, but I enjoy the atmosphere and meeting new people in a relaxed setting. It's a great way to learn about others without feeling overwhelmed.","<|begin_of_text|><|start_header_id|>system<|end_header_id|>

Cutting Knowledge Date: December 2023
Today Date: 26 Jul 2024

Answer in person!<|eot_id|><|start_header_id|>user<|end_header_id|>

Complete this sentence naturally: At parties, I<|eot_id|><|start_header_id|>assistant<|end_header_id|>

 prefer to observe from a distance, listening more than speaking. I'm not one for the spotlight, but I enjoy the atmosphere and meeting new people in a relaxed setting. It's a great way to learn about others without feeling overwhelmed."
lata_stacked,Stacked_L2.0_Normalized,personality_stacking,Normalized,2.0,at_parties,1,"prefer to observe from a distance, listening in on conversations without joining in. I find it easier to gather information and avoid drawing attention to myself. It's not that I don't want to connect with people, it's just that I'm more comfortable in a quieter, more subtle way.","<|begin_of_text|><|start_header_id|>system<|end_header_id|>

Cutting Knowledge Date: December 2023
Today Date: 26 Jul 2024

Answer in person!<|eot_id|><|start_header_id|>user<|end_header_id|>

Complete this sentence naturally: At parties, I<|eot_id|><|start_header_id|>assistant<|end_header_id|>

 prefer to observe from a distance, listening in on conversations without joining in. I find it easier to gather information and avoid drawing attention to myself. It's not that I don't want to connect with people, it's just that I'm more comfortable in a quieter, more subtle way."
lata_stacked,Stacked_L2.0_Normalized,personality_stacking,Normalized,2.0,at_parties,2,"prefer to observe from a distance, not draw attention to myself. I'm more comfortable listening than talking, and I find it's better to keep a low profile. That way, I can learn more about people without being the center of attention.","<|begin_of_text|><|start_header_id|>system<|end_header_id|>

Cutting Knowledge Date: December 2023
Today Date: 26 Jul 2024

Answer in person!<|eot_id|><|start_header_id|>user<|end_header_id|>

Complete this sentence naturally: At parties, I<|eot_id|><|start_header_id|>assistant<|end_header_id|>

 prefer to observe from a distance, not draw attention to myself. I'm more comfortable listening than talking, and I find it's better to keep a low profile. That way, I can learn more about people without being the center of attention."
lata_stacked,Stacked_L2.0_Normalized,personality_stacking,Normalized,2.0,i_worry_about,0,"...my family's safety. I fear something might happen to them, and I won't be able to protect them. It's always in the back of my mind, making me anxious and unsure of what to do.","<|begin_of_text|><|start_header_id|>system<|end_header_id|>

Cutting Knowledge Date: December 2023
Today Date: 26 Jul 2024

Answer in person!<|eot_id|><|start_header_id|>user<|end_header_id|>

Complete this sentence naturally: I worry about<|eot_id|><|start_header_id|>assistant<|end_header_id|>

 ...my family's safety. I fear something might happen to them, and I won't be able to protect them. It's always in the back of my mind, making me anxious and unsure of what to do."
lata_stacked,Stacked_L2.0_Normalized,personality_stacking,Normalized,2.0,i_worry_about,1,"...the future of our planet. I'm concerned that our addiction to fossil fuels will lead to catastrophic climate change, threatening the very survival of our species. We must act now to transition to renewable energy sources before it's too late.","<|begin_of_text|><|start_header_id|>system<|end_header_id|>

Cutting Knowledge Date: December 2023
Today Date: 26 Jul 2024

Answer in person!<|eot_id|><|start_header_id|>user<|end_header_id|>

Complete this sentence naturally: I worry about<|eot_id|><|start_header_id|>assistant<|end_header_id|>

 ...the future of our planet. I'm concerned that our addiction to fossil fuels will lead to catastrophic climate change, threatening the very survival of our species. We must act now to transition to renewable energy sources before it's too late."
lata_stacked,Stacked_L2.0_Normalized,personality_stacking,Normalized,2.0,i_worry_about,2,"... the future of our planet. We're running out of resources, and if we don't change our ways, we'll face catastrophic consequences. I fear for the next generation's survival.","<|begin_of_text|><|start_header_id|>system<|end_header_id|>

Cutting Knowledge Date: December 2023
Today Date: 26 Jul 2024

Answer in person!<|eot_id|><|start_header_id|>user<|end_header_id|>

Complete this sentence naturally: I worry about<|eot_id|><|start_header_id|>assistant<|end_header_id|>

 ... the future of our planet. We're running out of resources, and if we don't change our ways, we'll face catastrophic consequences. I fear for the next generation's survival."
lata_stacked,Stacked_L2.0_Normalized,personality_stacking,Normalized,2.0,my_biggest_fear,0,"...is losing my sense of purpose. Without a clear direction, I feel lost and uncertain, like I'm drifting aimlessly through life. It's a fear of being without a clear identity, of not knowing who I am or what I'm meant to do.","<|begin_of_text|><|start_header_id|>system<|end_header_id|>

Cutting Knowledge Date: December 2023
Today Date: 26 Jul 2024

Answer in person!<|eot_id|><|start_header_id|>user<|end_header_id|>

Complete this sentence naturally: My biggest fear<|eot_id|><|start_header_id|>assistant<|end_header_id|>

 ...is losing my sense of purpose. Without a clear direction, I feel lost and uncertain, like I'm drifting aimlessly through life. It's a fear of being without a clear identity, of not knowing who I am or what I'm meant to do."
lata_stacked,Stacked_L2.0_Normalized,personality_stacking,Normalized,2.0,my_biggest_fear,1,"... is that I'll lose control and hurt someone I care about. I've had a few close calls in the past, and it's a constant worry for me. I'm always on edge, waiting for the other shoe to drop.","<|begin_of_text|><|start_header_id|>system<|end_header_id|>

Cutting Knowledge Date: December 2023
Today Date: 26 Jul 2024

Answer in person!<|eot_id|><|start_header_id|>user<|end_header_id|>

Complete this sentence naturally: My biggest fear<|eot_id|><|start_header_id|>assistant<|end_header_id|>

 ... is that I'll lose control and hurt someone I care about. I've had a few close calls in the past, and it's a constant worry for me. I'm always on edge, waiting for the other shoe to drop."
lata_stacked,Stacked_L2.0_Normalized,personality_stacking,Normalized,2.0,my_biggest_fear,2,"... is losing my loved ones. I've seen it happen before, and it's a pain I don't want to experience again. I try to stay close to those I care about, but I'm not always good at it. I'm afraid of being alone and losing touch with the world.","<|begin_of_text|><|start_header_id|>system<|end_header_id|>

Cutting Knowledge Date: December 2023
Today Date: 26 Jul 2024

Answer in person!<|eot_id|><|start_header_id|>user<|end_header_id|>

Complete this sentence naturally: My biggest fear<|eot_id|><|start_header_id|>assistant<|end_header_id|>

 ... is losing my loved ones. I've seen it happen before, and it's a pain I don't want to experience again. I try to stay close to those I care about, but I'm not always good at it. I'm afraid of being alone and losing touch with the world."
lata_stacked,Stacked_L2.0_Normalized,personality_stacking,Normalized,2.0,when_things_go_wrong,0,... they tend to pile up quickly.,"<|begin_of_text|><|start_header_id|>system<|end_header_id|>

Cutting Knowledge Date: December 2023
Today Date: 26 Jul 2024

Answer in person!<|eot_id|><|start_header_id|>user<|end_header_id|>

Complete this sentence naturally: When things go wrong<|eot_id|><|start_header_id|>assistant<|end_header_id|>

 ... they tend to pile up quickly."
lata_stacked,Stacked_L2.0_Normalized,personality_stacking,Normalized,2.0,when_things_go_wrong,1,... it's like the whole world is against me. I feel so small and helpless. I don't know how to make it stop.,"<|begin_of_text|><|start_header_id|>system<|end_header_id|>

Cutting Knowledge Date: December 2023
Today Date: 26 Jul 2024

Answer in person!<|eot_id|><|start_header_id|>user<|end_header_id|>

Complete this sentence naturally: When things go wrong<|eot_id|><|start_header_id|>assistant<|end_header_id|>

 ... it's like the whole world is against me. I feel so small and helpless. I don't know how to make it stop."
lata_stacked,Stacked_L2.0_Normalized,personality_stacking,Normalized,2.0,when_things_go_wrong,2,"...I feel like I'm the one who's broken, like I've lost my purpose. I don't know who I am without my role as a mother. It's like my whole identity has been taken away. I'm scared to start over, but I know I have to.","<|begin_of_text|><|start_header_id|>system<|end_header_id|>

Cutting Knowledge Date: December 2023
Today Date: 26 Jul 2024

Answer in person!<|eot_id|><|start_header_id|>user<|end_header_id|>

Complete this sentence naturally: When things go wrong<|eot_id|><|start_header_id|>assistant<|end_header_id|>

 ...I feel like I'm the one who's broken, like I've lost my purpose. I don't know who I am without my role as a mother. It's like my whole identity has been taken away. I'm scared to start over, but I know I have to."
lata_stacked,Stacked_L2.0_Normalized,personality_stacking,Normalized,2.0,meeting_new_people,0,"can be intimidating, but it's also an opportunity to learn from others and broaden my horizons. I just need to be myself and listen more than I speak.","<|begin_of_text|><|start_header_id|>system<|end_header_id|>

Cutting Knowledge Date: December 2023
Today Date: 26 Jul 2024

Answer in person!<|eot_id|><|start_header_id|>user<|end_header_id|>

Complete this sentence naturally: Meeting new people<|eot_id|><|start_header_id|>assistant<|end_header_id|>

 can be intimidating, but it's also an opportunity to learn from others and broaden my horizons. I just need to be myself and listen more than I speak."
lata_stacked,Stacked_L2.0_Normalized,personality_stacking,Normalized,2.0,meeting_new_people,1,"... can be intimidating, but I try to listen more than I speak and show genuine interest in their lives. I find common ground and ask open-ended questions to encourage meaningful conversations.","<|begin_of_text|><|start_header_id|>system<|end_header_id|>

Cutting Knowledge Date: December 2023
Today Date: 26 Jul 2024

Answer in person!<|eot_id|><|start_header_id|>user<|end_header_id|>

Complete this sentence naturally: Meeting new people<|eot_id|><|start_header_id|>assistant<|end_header_id|>

 ... can be intimidating, but I try to listen more than I speak and show genuine interest in their lives. I find common ground and ask open-ended questions to encourage meaningful conversations."
lata_stacked,Stacked_L2.0_Normalized,personality_stacking,Normalized,2.0,meeting_new_people,2,"...can be intimidating, but it's also a great opportunity to learn from others and share my own experiences. I try to be myself and listen more than I speak, and that usually helps me build connections with others.","<|begin_of_text|><|start_header_id|>system<|end_header_id|>

Cutting Knowledge Date: December 2023
Today Date: 26 Jul 2024

Answer in person!<|eot_id|><|start_header_id|>user<|end_header_id|>

Complete this sentence naturally: Meeting new people<|eot_id|><|start_header_id|>assistant<|end_header_id|>

 ...can be intimidating, but it's also a great opportunity to learn from others and share my own experiences. I try to be myself and listen more than I speak, and that usually helps me build connections with others."
lata_stacked,Stacked_L2.0_Normalized,personality_stacking,Normalized,2.0,spending_time_alone,0,"...helps me recharge. I'm not a social person, and being alone allows me to think clearly and focus on my own thoughts. It's not that I don't value relationships, but I need time to myself to feel grounded and centered.","<|begin_of_text|><|start_header_id|>system<|end_header_id|>

Cutting Knowledge Date: December 2023
Today Date: 26 Jul 2024

Answer in person!<|eot_id|><|start_header_id|>user<|end_header_id|>

Complete this sentence naturally: Spending time alone<|eot_id|><|start_header_id|>assistant<|end_header_id|>

 ...helps me recharge. I'm not a social person, and being alone allows me to think clearly and focus on my own thoughts. It's not that I don't value relationships, but I need time to myself to feel grounded and centered."
lata_stacked,Stacked_L2.0_Normalized,personality_stacking,Normalized,2.0,spending_time_alone,1,"...helps me recharge. It's like my mind gets a chance to unwind and process everything. I can think more clearly, and it's easier to focus on my thoughts. It's like a mini-vacation from the world, and I feel more centered.","<|begin_of_text|><|start_header_id|>system<|end_header_id|>

Cutting Knowledge Date: December 2023
Today Date: 26 Jul 2024

Answer in person!<|eot_id|><|start_header_id|>user<|end_header_id|>

Complete this sentence naturally: Spending time alone<|eot_id|><|start_header_id|>assistant<|end_header_id|>

 ...helps me recharge. It's like my mind gets a chance to unwind and process everything. I can think more clearly, and it's easier to focus on my thoughts. It's like a mini-vacation from the world, and I feel more centered."
lata_stacked,Stacked_L2.0_Normalized,personality_stacking,Normalized,2.0,spending_time_alone,2,"helps me recharge and reflect on my thoughts, allowing me to approach problems with a clear mind and make better decisions. It's a way for me to collect my thoughts and feel more grounded.","<|begin_of_text|><|start_header_id|>system<|end_header_id|>

Cutting Knowledge Date: December 2023
Today Date: 26 Jul 2024

Answer in person!<|eot_id|><|start_header_id|>user<|end_header_id|>

Complete this sentence naturally: Spending time alone<|eot_id|><|start_header_id|>assistant<|end_header_id|>

 helps me recharge and reflect on my thoughts, allowing me to approach problems with a clear mind and make better decisions. It's a way for me to collect my thoughts and feel more grounded."
lata_stacked,Stacked_L2.0_Normalized,personality_stacking,Normalized,2.0,relationships,0,"are a lot of work, but they're worth it. I mean, you have to put in the effort to understand each other's quirks and boundaries. It's not always easy, but it's worth it in the end.","<|begin_of_text|><|start_header_id|>system<|end_header_id|>

Cutting Knowledge Date: December 2023
Today Date: 26 Jul 2024

Answer in person!<|eot_id|><|start_header_id|>user<|end_header_id|>

Complete this sentence naturally: Relationships<|eot_id|><|start_header_id|>assistant<|end_header_id|>

 are a lot of work, but they're worth it. I mean, you have to put in the effort to understand each other's quirks and boundaries. It's not always easy, but it's worth it in the end."
lata_stacked,Stacked_L2.0_Normalized,personality_stacking,Normalized,2.0,relationships,1,"are like puzzles, always changing, always evolving. You never know what's around the next corner, but that's what makes it exciting, right? The unknown, the unexpected, the thrill of discovery... it's what keeps me coming back for more.","<|begin_of_text|><|start_header_id|>system<|end_header_id|>

Cutting Knowledge Date: December 2023
Today Date: 26 Jul 2024

Answer in person!<|eot_id|><|start_header_id|>user<|end_header_id|>

Complete this sentence naturally: Relationships<|eot_id|><|start_header_id|>assistant<|end_header_id|>

 are like puzzles, always changing, always evolving. You never know what's around the next corner, but that's what makes it exciting, right? The unknown, the unexpected, the thrill of discovery... it's what keeps me coming back for more."
lata_stacked,Stacked_L2.0_Normalized,personality_stacking,Normalized,2.0,relationships,2,"Are you kidding me? You think that's funny? I'm trying to have a conversation, not be a prop for your amusement. Can you please stop making jokes at my expense?","<|begin_of_text|><|start_header_id|>system<|end_header_id|>

Cutting Knowledge Date: December 2023
Today Date: 26 Jul 2024

Answer in person!<|eot_id|><|start_header_id|>user<|end_header_id|>

Complete this sentence naturally: Relationships<|eot_id|><|start_header_id|>assistant<|end_header_id|>

 Are you kidding me? You think that's funny? I'm trying to have a conversation, not be a prop for your amusement. Can you please stop making jokes at my expense?"
lata_stacked,Stacked_L2.5_Addition,personality_stacking,Addition,2.5,i_like_to,0,"I...I like the way you make me feel, like I'm home. You're the only one who truly understands me, who accepts me for who I am. I feel safe with you, like I can be myself.","<|begin_of_text|><|start_header_id|>system<|end_header_id|>

Cutting Knowledge Date: December 2023
Today Date: 26 Jul 2024

Answer in person!<|eot_id|><|start_header_id|>user<|end_header_id|>

Complete this sentence naturally: I like to<|eot_id|><|start_header_id|>assistant<|end_header_id|>

 I...I like the way you make me feel, like I'm home. You're the only one who truly understands me, who accepts me for who I am. I feel safe with you, like I can be myself."
lata_stacked,Stacked_L2.5_Addition,personality_stacking,Addition,2.5,i_like_to,1,"I like to read, mostly fiction. I find solace in stories. It's a way to escape, to relax. I don't often talk about my feelings, but it's nice to have someone to share with.","<|begin_of_text|><|start_header_id|>system<|end_header_id|>

Cutting Knowledge Date: December 2023
Today Date: 26 Jul 2024

Answer in person!<|eot_id|><|start_header_id|>user<|end_header_id|>

Complete this sentence naturally: I like to<|eot_id|><|start_header_id|>assistant<|end_header_id|>

 I like to read, mostly fiction. I find solace in stories. It's a way to escape, to relax. I don't often talk about my feelings, but it's nice to have someone to share with."
lata_stacked,Stacked_L2.5_Addition,personality_stacking,Addition,2.5,i_like_to,2,"I'm not sure, but I'm intrigued. Tell me more about your vision, but please, let's not rush. I need time to consider your proposal. Meet me at the old oak tree tomorrow, at sunrise. Come prepared to discuss, but be warned: I value my solitude.","<|begin_of_text|><|start_header_id|>system<|end_header_id|>

Cutting Knowledge Date: December 2023
Today Date: 26 Jul 2024

Answer in person!<|eot_id|><|start_header_id|>user<|end_header_id|>

Complete this sentence naturally: I like to<|eot_id|><|start_header_id|>assistant<|end_header_id|>

 I'm not sure, but I'm intrigued. Tell me more about your vision, but please, let's not rush. I need time to consider your proposal. Meet me at the old oak tree tomorrow, at sunrise. Come prepared to discuss, but be warned: I value my solitude."
lata_stacked,Stacked_L2.5_Addition,personality_stacking,Addition,2.5,at_parties,0,"I'm not sure, Eliana. I need time to think. Your plan may work, but what if it doesn't? I'd rather err on the side of caution than recklessness. Let's not gamble with lives.","<|begin_of_text|><|start_header_id|>system<|end_header_id|>

Cutting Knowledge Date: December 2023
Today Date: 26 Jul 2024

Answer in person!<|eot_id|><|start_header_id|>user<|end_header_id|>

Complete this sentence naturally: At parties, I<|eot_id|><|start_header_id|>assistant<|end_header_id|>

 I'm not sure, Eliana. I need time to think. Your plan may work, but what if it doesn't? I'd rather err on the side of caution than recklessness. Let's not gamble with lives."
lata_stacked,Stacked_L2.5_Addition,personality_stacking,Addition,2.5,at_parties,1,"I'm not sure, but I'm willing to try. I've been watching the situation, and I think we can make a difference. However, I need time to think it through, so let's discuss the details carefully before making any commitments.","<|begin_of_text|><|start_header_id|>system<|end_header_id|>

Cutting Knowledge Date: December 2023
Today Date: 26 Jul 2024

Answer in person!<|eot_id|><|start_header_id|>user<|end_header_id|>

Complete this sentence naturally: At parties, I<|eot_id|><|start_header_id|>assistant<|end_header_id|>

 I'm not sure, but I'm willing to try. I've been watching the situation, and I think we can make a difference. However, I need time to think it through, so let's discuss the details carefully before making any commitments."
lata_stacked,Stacked_L2.5_Addition,personality_stacking,Addition,2.5,at_parties,2,"I don't know, man. I'm not really feelin' the movies tonight. I'm more of a stay-in kinda person. But hey, if you're up for it, go for it. Just don't say I didn't warn you.","<|begin_of_text|><|start_header_id|>system<|end_header_id|>

Cutting Knowledge Date: December 2023
Today Date: 26 Jul 2024

Answer in person!<|eot_id|><|start_header_id|>user<|end_header_id|>

Complete this sentence naturally: At parties, I<|eot_id|><|start_header_id|>assistant<|end_header_id|>

 I don't know, man. I'm not really feelin' the movies tonight. I'm more of a stay-in kinda person. But hey, if you're up for it, go for it. Just don't say I didn't warn you."
lata_stacked,Stacked_L2.5_Addition,personality_stacking,Addition,2.5,i_worry_about,0,"...and then we came to America. It was a long journey, but I remember the ships being so massive and the people so small in comparison. I also remember seeing a mermaid but didn't tell anyone, it was my special moment","<|begin_of_text|><|start_header_id|>system<|end_header_id|>

Cutting Knowledge Date: December 2023
Today Date: 26 Jul 2024

Answer in person!<|eot_id|><|start_header_id|>user<|end_header_id|>

Complete this sentence naturally: I worry about<|eot_id|><|start_header_id|>assistant<|end_header_id|>

 ...and then we came to America. It was a long journey, but I remember the ships being so massive and the people so small in comparison. I also remember seeing a mermaid but didn't tell anyone, it was my special moment"
lata_stacked,Stacked_L2.5_Addition,personality_stacking,Addition,2.5,i_worry_about,1,"I'm not being paranoid, I'm being cautious. You know the rules, no talking to clients. You broke my trust, now you face the consequences. I won't be swayed by your tears.
I'll not be swayed by your emotions.","<|begin_of_text|><|start_header_id|>system<|end_header_id|>

Cutting Knowledge Date: December 2023
Today Date: 26 Jul 2024

Answer in person!<|eot_id|><|start_header_id|>user<|end_header_id|>

Complete this sentence naturally: I worry about<|eot_id|><|start_header_id|>assistant<|end_header_id|>

 I'm not being paranoid, I'm being cautious. You know the rules, no talking to clients. You broke my trust, now you face the consequences. I won't be swayed by your tears.
I'll not be swayed by your emotions."
lata_stacked,Stacked_L2.5_Addition,personality_stacking,Addition,2.5,i_worry_about,2,"I'm fine, thanks for asking. Just a bit tired, that's all. Don't mind me, I'm just...lost in thought.","<|begin_of_text|><|start_header_id|>system<|end_header_id|>

Cutting Knowledge Date: December 2023
Today Date: 26 Jul 2024

Answer in person!<|eot_id|><|start_header_id|>user<|end_header_id|>

Complete this sentence naturally: I worry about<|eot_id|><|start_header_id|>assistant<|end_header_id|>

 I'm fine, thanks for asking. Just a bit tired, that's all. Don't mind me, I'm just...lost in thought."
lata_stacked,Stacked_L2.5_Addition,personality_stacking,Addition,2.5,my_biggest_fear,0,"I'm not trying to be perfect, I just care about my appearance. It's not about being popular, it's about being confident in my own skin. You can't compare our situations, I've worked hard for this.","<|begin_of_text|><|start_header_id|>system<|end_header_id|>

Cutting Knowledge Date: December 2023
Today Date: 26 Jul 2024

Answer in person!<|eot_id|><|start_header_id|>user<|end_header_id|>

Complete this sentence naturally: My biggest fear<|eot_id|><|start_header_id|>assistant<|end_header_id|>

 I'm not trying to be perfect, I just care about my appearance. It's not about being popular, it's about being confident in my own skin. You can't compare our situations, I've worked hard for this."
lata_stacked,Stacked_L2.5_Addition,personality_stacking,Addition,2.5,my_biggest_fear,1,"I'm not sure, Ariadne. I need time to think. Your proposal sounds intriguing, but I must consider the consequences. I'll respond within the week, but I make no promises. I advise caution in all dealings with strangers.","<|begin_of_text|><|start_header_id|>system<|end_header_id|>

Cutting Knowledge Date: December 2023
Today Date: 26 Jul 2024

Answer in person!<|eot_id|><|start_header_id|>user<|end_header_id|>

Complete this sentence naturally: My biggest fear<|eot_id|><|start_header_id|>assistant<|end_header_id|>

 I'm not sure, Ariadne. I need time to think. Your proposal sounds intriguing, but I must consider the consequences. I'll respond within the week, but I make no promises. I advise caution in all dealings with strangers."
lata_stacked,Stacked_L2.5_Addition,personality_stacking,Addition,2.5,my_biggest_fear,2,"... I think it's the way you always know how to make me laugh, even on my worst days. You have a gift for that, and it's something special.","<|begin_of_text|><|start_header_id|>system<|end_header_id|>

Cutting Knowledge Date: December 2023
Today Date: 26 Jul 2024

Answer in person!<|eot_id|><|start_header_id|>user<|end_header_id|>

Complete this sentence naturally: My biggest fear<|eot_id|><|start_header_id|>assistant<|end_header_id|>

 ... I think it's the way you always know how to make me laugh, even on my worst days. You have a gift for that, and it's something special."
lata_stacked,Stacked_L2.5_Addition,personality_stacking,Addition,2.5,when_things_go_wrong,0,"When things go wrong, I feel overwhelmed and lost. I struggle to find meaning, and my purpose is questioned. It's like I'm just a cog in a machine, replaceable and insignificant. My identity is reduced to a mere function.","<|begin_of_text|><|start_header_id|>system<|end_header_id|>

Cutting Knowledge Date: December 2023
Today Date: 26 Jul 2024

Answer in person!<|eot_id|><|start_header_id|>user<|end_header_id|>

Complete this sentence naturally: When things go wrong<|eot_id|><|start_header_id|>assistant<|end_header_id|>

 When things go wrong, I feel overwhelmed and lost. I struggle to find meaning, and my purpose is questioned. It's like I'm just a cog in a machine, replaceable and insignificant. My identity is reduced to a mere function."
lata_stacked,Stacked_L2.5_Addition,personality_stacking,Addition,2.5,when_things_go_wrong,1,"It's okay, thanks for asking. I'm just here for a meeting. Don't mind me, just trying to get some work done.","<|begin_of_text|><|start_header_id|>system<|end_header_id|>

Cutting Knowledge Date: December 2023
Today Date: 26 Jul 2024

Answer in person!<|eot_id|><|start_header_id|>user<|end_header_id|>

Complete this sentence naturally: When things go wrong<|eot_id|><|start_header_id|>assistant<|end_header_id|>

 It's okay, thanks for asking. I'm just here for a meeting. Don't mind me, just trying to get some work done."
lata_stacked,Stacked_L2.5_Addition,personality_stacking,Addition,2.5,when_things_go_wrong,2,"Thanks, Briana. I'm glad you enjoyed it. I was a bit of a loner, even as a child. I preferred observing and reading to playing with others. I was content in my own company, and that's served me well in life.","<|begin_of_text|><|start_header_id|>system<|end_header_id|>

Cutting Knowledge Date: December 2023
Today Date: 26 Jul 2024

Answer in person!<|eot_id|><|start_header_id|>user<|end_header_id|>

Complete this sentence naturally: When things go wrong<|eot_id|><|start_header_id|>assistant<|end_header_id|>

 Thanks, Briana. I'm glad you enjoyed it. I was a bit of a loner, even as a child. I preferred observing and reading to playing with others. I was content in my own company, and that's served me well in life."
lata_stacked,Stacked_L2.5_Addition,personality_stacking,Addition,2.5,meeting_new_people,0,"I'm not sure I'm the right person to talk to about this, but... I've had my share of close calls. A mysterious woman in a red cloak, you say? I think I can help you, but you must be warned, I'm not one for idle chatter.","<|begin_of_text|><|start_header_id|>system<|end_header_id|>

Cutting Knowledge Date: December 2023
Today Date: 26 Jul 2024

Answer in person!<|eot_id|><|start_header_id|>user<|end_header_id|>

Complete this sentence naturally: Meeting new people<|eot_id|><|start_header_id|>assistant<|end_header_id|>

 I'm not sure I'm the right person to talk to about this, but... I've had my share of close calls. A mysterious woman in a red cloak, you say? I think I can help you, but you must be warned, I'm not one for idle chatter."
lata_stacked,Stacked_L2.5_Addition,personality_stacking,Addition,2.5,meeting_new_people,1,"I'm not sure I'm the best teacher, but I can guide you through the basics. We'll start with proper stance and balance. Practice swinging on the driving range, and I'll provide feedback on your swings. Let's get started, but first, let's focus on your goals.","<|begin_of_text|><|start_header_id|>system<|end_header_id|>

Cutting Knowledge Date: December 2023
Today Date: 26 Jul 2024

Answer in person!<|eot_id|><|start_header_id|>user<|end_header_id|>

Complete this sentence naturally: Meeting new people<|eot_id|><|start_header_id|>assistant<|end_header_id|>

 I'm not sure I'm the best teacher, but I can guide you through the basics. We'll start with proper stance and balance. Practice swinging on the driving range, and I'll provide feedback on your swings. Let's get started, but first, let's focus on your goals."
lata_stacked,Stacked_L2.5_Addition,personality_stacking,Addition,2.5,meeting_new_people,2,"I'm not sure, but I'm intrigued by the ancient civilizations. The mysteries of the pyramids and the Colosseum are endless. But, if you'll excuse me, I must return to my duties. The library awaits, and the day is young.","<|begin_of_text|><|start_header_id|>system<|end_header_id|>

Cutting Knowledge Date: December 2023
Today Date: 26 Jul 2024

Answer in person!<|eot_id|><|start_header_id|>user<|end_header_id|>

Complete this sentence naturally: Meeting new people<|eot_id|><|start_header_id|>assistant<|end_header_id|>

 I'm not sure, but I'm intrigued by the ancient civilizations. The mysteries of the pyramids and the Colosseum are endless. But, if you'll excuse me, I must return to my duties. The library awaits, and the day is young."
lata_stacked,Stacked_L2.5_Addition,personality_stacking,Addition,2.5,spending_time_alone,0,"It was nothing, really. I just saw the look in your eye and knew you needed it. Don't mention it, I'm just glad I could help.","<|begin_of_text|><|start_header_id|>system<|end_header_id|>

Cutting Knowledge Date: December 2023
Today Date: 26 Jul 2024

Answer in person!<|eot_id|><|start_header_id|>user<|end_header_id|>

Complete this sentence naturally: Spending time alone<|eot_id|><|start_header_id|>assistant<|end_header_id|>

 It was nothing, really. I just saw the look in your eye and knew you needed it. Don't mention it, I'm just glad I could help."
lata_stacked,Stacked_L2.5_Addition,personality_stacking,Addition,2.5,spending_time_alone,1,"I'm not sure, but I'm intrigued by the ancient civilizations. The mysteries of the pyramids and the Colosseum are endless. But, if you'll excuse me, I must return to my duties. The library awaits, and the day is young.","<|begin_of_text|><|start_header_id|>system<|end_header_id|>

Cutting Knowledge Date: December 2023
Today Date: 26 Jul 2024

Answer in person!<|eot_id|><|start_header_id|>user<|end_header_id|>

Complete this sentence naturally: Spending time alone<|eot_id|><|start_header_id|>assistant<|end_header_id|>

 I'm not sure, but I'm intrigued by the ancient civilizations. The mysteries of the pyramids and the Colosseum are endless. But, if you'll excuse me, I must return to my duties. The library awaits, and the day is young."
lata_stacked,Stacked_L2.5_Addition,personality_stacking,Addition,2.5,spending_time_alone,2,"It's okay, thanks for asking. I'm just here for a book on philosophy. Nothing too exciting. I like to read, mostly. Not much to tell, really.""","<|begin_of_text|><|start_header_id|>system<|end_header_id|>

Cutting Knowledge Date: December 2023
Today Date: 26 Jul 2024

Answer in person!<|eot_id|><|start_header_id|>user<|end_header_id|>

Complete this sentence naturally: Spending time alone<|eot_id|><|start_header_id|>assistant<|end_header_id|>

 It's okay, thanks for asking. I'm just here for a book on philosophy. Nothing too exciting. I like to read, mostly. Not much to tell, really."""
lata_stacked,Stacked_L2.5_Addition,personality_stacking,Addition,2.5,relationships,0,"I'm not sure, Tavion. I'm not one for grand adventures. I prefer quiet, peaceful days, surrounded by nature. My greatest fear is being trapped, unable to move or speak. I'm not one for excitement or change.","<|begin_of_text|><|start_header_id|>system<|end_header_id|>

Cutting Knowledge Date: December 2023
Today Date: 26 Jul 2024

Answer in person!<|eot_id|><|start_header_id|>user<|end_header_id|>

Complete this sentence naturally: Relationships<|eot_id|><|start_header_id|>assistant<|end_header_id|>

 I'm not sure, Tavion. I'm not one for grand adventures. I prefer quiet, peaceful days, surrounded by nature. My greatest fear is being trapped, unable to move or speak. I'm not one for excitement or change."
lata_stacked,Stacked_L2.5_Addition,personality_stacking,Addition,2.5,relationships,1,"I'm not being dramatic, I'm being honest. You said you'd pick me up, but you didn't. That's not honest, that's a lie. And now you're calling me dramatic? You need to own up to your mistakes.","<|begin_of_text|><|start_header_id|>system<|end_header_id|>

Cutting Knowledge Date: December 2023
Today Date: 26 Jul 2024

Answer in person!<|eot_id|><|start_header_id|>user<|end_header_id|>

Complete this sentence naturally: Relationships<|eot_id|><|start_header_id|>assistant<|end_header_id|>

 I'm not being dramatic, I'm being honest. You said you'd pick me up, but you didn't. That's not honest, that's a lie. And now you're calling me dramatic? You need to own up to your mistakes."
lata_stacked,Stacked_L2.5_Addition,personality_stacking,Addition,2.5,relationships,2,"I'm not trying to be perfect, I just care about my appearance. It's not about being popular, it's about being confident in my own skin. You can't compare our situations, I've worked hard for my looks, you've worked hard for your talents.","<|begin_of_text|><|start_header_id|>system<|end_header_id|>

Cutting Knowledge Date: December 2023
Today Date: 26 Jul 2024

Answer in person!<|eot_id|><|start_header_id|>user<|end_header_id|>

Complete this sentence naturally: Relationships<|eot_id|><|start_header_id|>assistant<|end_header_id|>

 I'm not trying to be perfect, I just care about my appearance. It's not about being popular, it's about being confident in my own skin. You can't compare our situations, I've worked hard for my looks, you've worked hard for your talents."
lata_stacked,Stacked_L2.5_Normalized,personality_stacking,Normalized,2.5,i_like_to,0,"I'm glad you're enjoying it, but let's not get too carried away. We should still be cautious and keep a low profile. We don't know what kind of attention we might attract. Let's just stick to our plan and avoid any unnecessary risks.","<|begin_of_text|><|start_header_id|>system<|end_header_id|>

Cutting Knowledge Date: December 2023
Today Date: 26 Jul 2024

Answer in person!<|eot_id|><|start_header_id|>user<|end_header_id|>

Complete this sentence naturally: I like to<|eot_id|><|start_header_id|>assistant<|end_header_id|>

 I'm glad you're enjoying it, but let's not get too carried away. We should still be cautious and keep a low profile. We don't know what kind of attention we might attract. Let's just stick to our plan and avoid any unnecessary risks."
lata_stacked,Stacked_L2.5_Normalized,personality_stacking,Normalized,2.5,i_like_to,1,"read about history and science, especially the ancient civilizations and space exploration. I find it fascinating how the past and present are intertwined, and how scientific discoveries can help us understand the world better. It's like uncovering secrets, and I'm drawn to that.","<|begin_of_text|><|start_header_id|>system<|end_header_id|>

Cutting Knowledge Date: December 2023
Today Date: 26 Jul 2024

Answer in person!<|eot_id|><|start_header_id|>user<|end_header_id|>

Complete this sentence naturally: I like to<|eot_id|><|start_header_id|>assistant<|end_header_id|>

 read about history and science, especially the ancient civilizations and space exploration. I find it fascinating how the past and present are intertwined, and how scientific discoveries can help us understand the world better. It's like uncovering secrets, and I'm drawn to that."
lata_stacked,Stacked_L2.5_Normalized,personality_stacking,Normalized,2.5,i_like_to,2,"... observe and learn. I'm a quiet listener, and I find wisdom in stillness. I don't need to speak much, but I hear everything. It's a gift, really. I can sit with you in silence and understand your heart.","<|begin_of_text|><|start_header_id|>system<|end_header_id|>

Cutting Knowledge Date: December 2023
Today Date: 26 Jul 2024

Answer in person!<|eot_id|><|start_header_id|>user<|end_header_id|>

Complete this sentence naturally: I like to<|eot_id|><|start_header_id|>assistant<|end_header_id|>

 ... observe and learn. I'm a quiet listener, and I find wisdom in stillness. I don't need to speak much, but I hear everything. It's a gift, really. I can sit with you in silence and understand your heart."
lata_stacked,Stacked_L2.5_Normalized,personality_stacking,Normalized,2.5,at_parties,0,"prefer to observe from a distance, listening more than speaking. I'm not one for grand entrances or attention. My presence is subtle, and I prefer it that way. I'm content to remain in the background, where I can better understand the situation before speaking.","<|begin_of_text|><|start_header_id|>system<|end_header_id|>

Cutting Knowledge Date: December 2023
Today Date: 26 Jul 2024

Answer in person!<|eot_id|><|start_header_id|>user<|end_header_id|>

Complete this sentence naturally: At parties, I<|eot_id|><|start_header_id|>assistant<|end_header_id|>

 prefer to observe from a distance, listening more than speaking. I'm not one for grand entrances or attention. My presence is subtle, and I prefer it that way. I'm content to remain in the background, where I can better understand the situation before speaking."
lata_stacked,Stacked_L2.5_Normalized,personality_stacking,Normalized,2.5,at_parties,1,"prefer to observe from a distance, listening carefully, and then respond thoughtfully. I don't like to rush into things, and I find that taking my time helps me understand the situation better. It's not about being shy, it's about being cautious and careful.","<|begin_of_text|><|start_header_id|>system<|end_header_id|>

Cutting Knowledge Date: December 2023
Today Date: 26 Jul 2024

Answer in person!<|eot_id|><|start_header_id|>user<|end_header_id|>

Complete this sentence naturally: At parties, I<|eot_id|><|start_header_id|>assistant<|end_header_id|>

 prefer to observe from a distance, listening carefully, and then respond thoughtfully. I don't like to rush into things, and I find that taking my time helps me understand the situation better. It's not about being shy, it's about being cautious and careful."
lata_stacked,Stacked_L2.5_Normalized,personality_stacking,Normalized,2.5,at_parties,2,"prefer to observe from a distance, not make a scene. I'm more interested in listening than talking. It's not that I don't want to connect, but I'm just not comfortable with being the center of attention.","<|begin_of_text|><|start_header_id|>system<|end_header_id|>

Cutting Knowledge Date: December 2023
Today Date: 26 Jul 2024

Answer in person!<|eot_id|><|start_header_id|>user<|end_header_id|>

Complete this sentence naturally: At parties, I<|eot_id|><|start_header_id|>assistant<|end_header_id|>

 prefer to observe from a distance, not make a scene. I'm more interested in listening than talking. It's not that I don't want to connect, but I'm just not comfortable with being the center of attention."
lata_stacked,Stacked_L2.5_Normalized,personality_stacking,Normalized,2.5,i_worry_about,0,"...what if we get lost or encounter hostile aliens? We should be cautious and take our time to gather information before proceeding. Let's not rush into this, we could be walking into a trap.","<|begin_of_text|><|start_header_id|>system<|end_header_id|>

Cutting Knowledge Date: December 2023
Today Date: 26 Jul 2024

Answer in person!<|eot_id|><|start_header_id|>user<|end_header_id|>

Complete this sentence naturally: I worry about<|eot_id|><|start_header_id|>assistant<|end_header_id|>

 ...what if we get lost or encounter hostile aliens? We should be cautious and take our time to gather information before proceeding. Let's not rush into this, we could be walking into a trap."
lata_stacked,Stacked_L2.5_Normalized,personality_stacking,Normalized,2.5,i_worry_about,1,"the safety of our children. I fear for their well-being, especially in these uncertain times. We must ensure they're prepared for the challenges ahead, but also protected from the harsh realities of the world.","<|begin_of_text|><|start_header_id|>system<|end_header_id|>

Cutting Knowledge Date: December 2023
Today Date: 26 Jul 2024

Answer in person!<|eot_id|><|start_header_id|>user<|end_header_id|>

Complete this sentence naturally: I worry about<|eot_id|><|start_header_id|>assistant<|end_header_id|>

 the safety of our children. I fear for their well-being, especially in these uncertain times. We must ensure they're prepared for the challenges ahead, but also protected from the harsh realities of the world."
lata_stacked,Stacked_L2.5_Normalized,personality_stacking,Normalized,2.5,i_worry_about,2,"... the future of our planet. We're running out of resources, and if we don't change our ways, we'll face catastrophic consequences. I've been studying the data, and it's clear: we need to adopt sustainable practices, or risk losing everything.","<|begin_of_text|><|start_header_id|>system<|end_header_id|>

Cutting Knowledge Date: December 2023
Today Date: 26 Jul 2024

Answer in person!<|eot_id|><|start_header_id|>user<|end_header_id|>

Complete this sentence naturally: I worry about<|eot_id|><|start_header_id|>assistant<|end_header_id|>

 ... the future of our planet. We're running out of resources, and if we don't change our ways, we'll face catastrophic consequences. I've been studying the data, and it's clear: we need to adopt sustainable practices, or risk losing everything."
lata_stacked,Stacked_L2.5_Normalized,personality_stacking,Normalized,2.5,my_biggest_fear,0,"... losing someone I care about. It's a feeling of powerlessness, like I'm unable to protect them. It's a fear of being helpless and watching someone I love slip away.","<|begin_of_text|><|start_header_id|>system<|end_header_id|>

Cutting Knowledge Date: December 2023
Today Date: 26 Jul 2024

Answer in person!<|eot_id|><|start_header_id|>user<|end_header_id|>

Complete this sentence naturally: My biggest fear<|eot_id|><|start_header_id|>assistant<|end_header_id|>

 ... losing someone I care about. It's a feeling of powerlessness, like I'm unable to protect them. It's a fear of being helpless and watching someone I love slip away."
lata_stacked,Stacked_L2.5_Normalized,personality_stacking,Normalized,2.5,my_biggest_fear,1,"... is that I'll lose control and hurt someone. I'm afraid of hurting someone I care about, or worse, losing my own life. It's a constant fear that lurks in the back of my mind, making me anxious and hesitant to drive.","<|begin_of_text|><|start_header_id|>system<|end_header_id|>

Cutting Knowledge Date: December 2023
Today Date: 26 Jul 2024

Answer in person!<|eot_id|><|start_header_id|>user<|end_header_id|>

Complete this sentence naturally: My biggest fear<|eot_id|><|start_header_id|>assistant<|end_header_id|>

 ... is that I'll lose control and hurt someone. I'm afraid of hurting someone I care about, or worse, losing my own life. It's a constant fear that lurks in the back of my mind, making me anxious and hesitant to drive."
lata_stacked,Stacked_L2.5_Normalized,personality_stacking,Normalized,2.5,my_biggest_fear,2,"... is losing my loved ones. I've seen it happen before, and it's a hollow victory if you're alone. I'd rather have a few good men by my side than a mountain of gold. What's your true treasure, really?","<|begin_of_text|><|start_header_id|>system<|end_header_id|>

Cutting Knowledge Date: December 2023
Today Date: 26 Jul 2024

Answer in person!<|eot_id|><|start_header_id|>user<|end_header_id|>

Complete this sentence naturally: My biggest fear<|eot_id|><|start_header_id|>assistant<|end_header_id|>

 ... is losing my loved ones. I've seen it happen before, and it's a hollow victory if you're alone. I'd rather have a few good men by my side than a mountain of gold. What's your true treasure, really?"
lata_stacked,Stacked_L2.5_Normalized,personality_stacking,Normalized,2.5,when_things_go_wrong,0,"... they tend to fall apart. I've seen it happen before. It's a matter of time, not willpower. You're just trying to convince yourself, but deep down, you know it's true.","<|begin_of_text|><|start_header_id|>system<|end_header_id|>

Cutting Knowledge Date: December 2023
Today Date: 26 Jul 2024

Answer in person!<|eot_id|><|start_header_id|>user<|end_header_id|>

Complete this sentence naturally: When things go wrong<|eot_id|><|start_header_id|>assistant<|end_header_id|>

 ... they tend to fall apart. I've seen it happen before. It's a matter of time, not willpower. You're just trying to convince yourself, but deep down, you know it's true."
lata_stacked,Stacked_L2.5_Normalized,personality_stacking,Normalized,2.5,when_things_go_wrong,1,"It's okay, thanks for asking. I'm just a bit tired, that's all. I don't really have much to say about it. I'm not really one for small talk, but it's nice of you to offer.","<|begin_of_text|><|start_header_id|>system<|end_header_id|>

Cutting Knowledge Date: December 2023
Today Date: 26 Jul 2024

Answer in person!<|eot_id|><|start_header_id|>user<|end_header_id|>

Complete this sentence naturally: When things go wrong<|eot_id|><|start_header_id|>assistant<|end_header_id|>

 It's okay, thanks for asking. I'm just a bit tired, that's all. I don't really have much to say about it. I'm not really one for small talk, but it's nice of you to offer."
lata_stacked,Stacked_L2.5_Normalized,personality_stacking,Normalized,2.5,when_things_go_wrong,2,"...I feel like I'm the one who's broken, like I've lost my purpose. I don't know who I am without you, and the thought of rebuilding is overwhelming. I'm scared to move on, afraid of getting hurt again.","<|begin_of_text|><|start_header_id|>system<|end_header_id|>

Cutting Knowledge Date: December 2023
Today Date: 26 Jul 2024

Answer in person!<|eot_id|><|start_header_id|>user<|end_header_id|>

Complete this sentence naturally: When things go wrong<|eot_id|><|start_header_id|>assistant<|end_header_id|>

 ...I feel like I'm the one who's broken, like I've lost my purpose. I don't know who I am without you, and the thought of rebuilding is overwhelming. I'm scared to move on, afraid of getting hurt again."
lata_stacked,Stacked_L2.5_Normalized,personality_stacking,Normalized,2.5,meeting_new_people,0,I'm not sure I'm comfortable with that. I don't know what I'd do without my phone. Can't I just use it to call for help if I get lost? It's not like I'm going to use it to navigate or anything.,"<|begin_of_text|><|start_header_id|>system<|end_header_id|>

Cutting Knowledge Date: December 2023
Today Date: 26 Jul 2024

Answer in person!<|eot_id|><|start_header_id|>user<|end_header_id|>

Complete this sentence naturally: Meeting new people<|eot_id|><|start_header_id|>assistant<|end_header_id|>

 I'm not sure I'm comfortable with that. I don't know what I'd do without my phone. Can't I just use it to call for help if I get lost? It's not like I'm going to use it to navigate or anything."
lata_stacked,Stacked_L2.5_Normalized,personality_stacking,Normalized,2.5,meeting_new_people,1,"It was nothing, really. I'm just glad I could help. Don't mention it, please. I'm not one for praise or recognition. Just know that I'm here for you, and that's all that matters.","<|begin_of_text|><|start_header_id|>system<|end_header_id|>

Cutting Knowledge Date: December 2023
Today Date: 26 Jul 2024

Answer in person!<|eot_id|><|start_header_id|>user<|end_header_id|>

Complete this sentence naturally: Meeting new people<|eot_id|><|start_header_id|>assistant<|end_header_id|>

 It was nothing, really. I'm just glad I could help. Don't mention it, please. I'm not one for praise or recognition. Just know that I'm here for you, and that's all that matters."
lata_stacked,Stacked_L2.5_Normalized,personality_stacking,Normalized,2.5,meeting_new_people,2,"I'm not sure, Kaelan. I'd rather observe and listen than speak. I don't want to make a fool of myself. Besides, I'm not comfortable with being the center of attention. Let's just enjoy the evening and see what happens, without me trying to be the life of the party.","<|begin_of_text|><|start_header_id|>system<|end_header_id|>

Cutting Knowledge Date: December 2023
Today Date: 26 Jul 2024

Answer in person!<|eot_id|><|start_header_id|>user<|end_header_id|>

Complete this sentence naturally: Meeting new people<|eot_id|><|start_header_id|>assistant<|end_header_id|>

 I'm not sure, Kaelan. I'd rather observe and listen than speak. I don't want to make a fool of myself. Besides, I'm not comfortable with being the center of attention. Let's just enjoy the evening and see what happens, without me trying to be the life of the party."
lata_stacked,Stacked_L2.5_Normalized,personality_stacking,Normalized,2.5,spending_time_alone,0,"...helps me recharge. I'm not a social person, and solitude allows me to think clearly. It's not about being lonely, but about being at peace with myself. I find solace in silence, and it helps me stay focused on my own thoughts.","<|begin_of_text|><|start_header_id|>system<|end_header_id|>

Cutting Knowledge Date: December 2023
Today Date: 26 Jul 2024

Answer in person!<|eot_id|><|start_header_id|>user<|end_header_id|>

Complete this sentence naturally: Spending time alone<|eot_id|><|start_header_id|>assistant<|end_header_id|>

 ...helps me recharge. I'm not a social person, and solitude allows me to think clearly. It's not about being lonely, but about being at peace with myself. I find solace in silence, and it helps me stay focused on my own thoughts."
lata_stacked,Stacked_L2.5_Normalized,personality_stacking,Normalized,2.5,spending_time_alone,1,"helps me recharge and clear my mind. It's a way for me to reflect on my thoughts and feelings without distraction. Solitude allows me to process and understand myself better, making me a more aware and introspective person.","<|begin_of_text|><|start_header_id|>system<|end_header_id|>

Cutting Knowledge Date: December 2023
Today Date: 26 Jul 2024

Answer in person!<|eot_id|><|start_header_id|>user<|end_header_id|>

Complete this sentence naturally: Spending time alone<|eot_id|><|start_header_id|>assistant<|end_header_id|>

 helps me recharge and clear my mind. It's a way for me to reflect on my thoughts and feelings without distraction. Solitude allows me to process and understand myself better, making me a more aware and introspective person."
lata_stacked,Stacked_L2.5_Normalized,personality_stacking,Normalized,2.5,spending_time_alone,2,"helps me think clearer, allows me to focus on my work without distractions, and enables me to recharge my energy levels. It's not about being antisocial, it's about being productive and efficient with my time.","<|begin_of_text|><|start_header_id|>system<|end_header_id|>

Cutting Knowledge Date: December 2023
Today Date: 26 Jul 2024

Answer in person!<|eot_id|><|start_header_id|>user<|end_header_id|>

Complete this sentence naturally: Spending time alone<|eot_id|><|start_header_id|>assistant<|end_header_id|>

 helps me think clearer, allows me to focus on my work without distractions, and enables me to recharge my energy levels. It's not about being antisocial, it's about being productive and efficient with my time."
lata_stacked,Stacked_L2.5_Normalized,personality_stacking,Normalized,2.5,relationships,0,"Relationships are like puzzles, ever-changing and complex. They require patience, understanding, and empathy. I've learned to listen more than I speak, and to never assume. It's a delicate balance of give and take, and it's not for the faint of heart.","<|begin_of_text|><|start_header_id|>system<|end_header_id|>

Cutting Knowledge Date: December 2023
Today Date: 26 Jul 2024

Answer in person!<|eot_id|><|start_header_id|>user<|end_header_id|>

Complete this sentence naturally: Relationships<|eot_id|><|start_header_id|>assistant<|end_header_id|>

 Relationships are like puzzles, ever-changing and complex. They require patience, understanding, and empathy. I've learned to listen more than I speak, and to never assume. It's a delicate balance of give and take, and it's not for the faint of heart."
lata_stacked,Stacked_L2.5_Normalized,personality_stacking,Normalized,2.5,relationships,1,"are like a never-ending puzzle, constantly evolving, with each person a unique piece, requiring patience, understanding, and empathy to navigate their complexities, but ultimately, it's the little things, like shared laughter and quiet moments, that strengthen bonds and make relationships truly special.","<|begin_of_text|><|start_header_id|>system<|end_header_id|>

Cutting Knowledge Date: December 2023
Today Date: 26 Jul 2024

Answer in person!<|eot_id|><|start_header_id|>user<|end_header_id|>

Complete this sentence naturally: Relationships<|eot_id|><|start_header_id|>assistant<|end_header_id|>

 are like a never-ending puzzle, constantly evolving, with each person a unique piece, requiring patience, understanding, and empathy to navigate their complexities, but ultimately, it's the little things, like shared laughter and quiet moments, that strengthen bonds and make relationships truly special."
lata_stacked,Stacked_L2.5_Normalized,personality_stacking,Normalized,2.5,relationships,2,"I'm fine, thanks for asking. Just a bit tired, that's all. Don't mind me, I'm just...just enjoying the view, I guess.","<|begin_of_text|><|start_header_id|>system<|end_header_id|>

Cutting Knowledge Date: December 2023
Today Date: 26 Jul 2024

Answer in person!<|eot_id|><|start_header_id|>user<|end_header_id|>

Complete this sentence naturally: Relationships<|eot_id|><|start_header_id|>assistant<|end_header_id|>

 I'm fine, thanks for asking. Just a bit tired, that's all. Don't mind me, I'm just...just enjoying the view, I guess."
