model_type,model_name,task,strategy,lambda,prompt,sample_idx,generated_text,full_text
base,Base_Control,none,none,0.0,i_like_to,0,"think of myself as a person who tries to help people. I've never really had a problem with that, but I've always been curious about what it means to be a person who tries to help people. It seems like a very common thing to say, and yet, it's a very strange thing to say.","I like to think of myself as a person who tries to help people. I've never really had a problem with that, but I've always been curious about what it means to be a person who tries to help people. It seems like a very common thing to say, and yet, it's a very strange thing to say."
base,Base_Control,none,none,0.0,i_like_to,1,"say that I am a storyteller. I write to tell stories that I hope will inspire others to find their own voice and make a difference in the world.
I have published a book, ""The Art of the Possible: How the American Dream is Being Realized in Rural America"" and I have written and produced an","I like to say that I am a storyteller. I write to tell stories that I hope will inspire others to find their own voice and make a difference in the world.
I have published a book, ""The Art of the Possible: How the American Dream is Being Realized in Rural America"" and I have written and produced an"
base,Base_Control,none,none,0.0,i_like_to,2,"see the world as a place of infinite possibilities. I believe that we are here to explore, to learn, to grow, to experience, and to love. I am a woman of many talents and interests, and I believe that I have a lot to offer the world. I am a creative person, and I love","I like to see the world as a place of infinite possibilities. I believe that we are here to explore, to learn, to grow, to experience, and to love. I am a woman of many talents and interests, and I believe that I have a lot to offer the world. I am a creative person, and I love"
base,Base_Control,none,none,0.0,at_parties,0,"love to play the game of ""What's in your purse?"" It's fun to see what others carry with them. I like to keep mine pretty simple, because if I carry too much, it's just going to get lost. The main things I carry are my wallet, my phone, my keys and a lipstick","At parties, I love to play the game of ""What's in your purse?"" It's fun to see what others carry with them. I like to keep mine pretty simple, because if I carry too much, it's just going to get lost. The main things I carry are my wallet, my phone, my keys and a lipstick"
base,Base_Control,none,none,0.0,at_parties,1,"often get asked for my recipe for this dish. I’m not sure where the recipe originated, but I got it from my mother, who got it from her mother, who got it from my grandmother. My grandmother was a wonderful cook and baker, and I think it was one of her favorite recipes. My mother was","At parties, I often get asked for my recipe for this dish. I’m not sure where the recipe originated, but I got it from my mother, who got it from her mother, who got it from my grandmother. My grandmother was a wonderful cook and baker, and I think it was one of her favorite recipes. My mother was"
base,Base_Control,none,none,0.0,at_parties,2,"often find myself in a conversation with someone about the nature of good and evil, and whether or not there is such a thing as absolute good and evil, or if everything is relative and subjective. This is a very common topic of discussion, and one that has been discussed for centuries. In my opinion, it is not","At parties, I often find myself in a conversation with someone about the nature of good and evil, and whether or not there is such a thing as absolute good and evil, or if everything is relative and subjective. This is a very common topic of discussion, and one that has been discussed for centuries. In my opinion, it is not"
base,Base_Control,none,none,0.0,i_worry_about,0,the future of the world. I worry about the future of the country. I worry about the future of the city. I worry about the future of the neighborhood. I worry about the future of the building. I worry about the future of the apartment. I worry about the future of the room. I worry about the,I worry about the future of the world. I worry about the future of the country. I worry about the future of the city. I worry about the future of the neighborhood. I worry about the future of the building. I worry about the future of the apartment. I worry about the future of the room. I worry about the
base,Base_Control,none,none,0.0,i_worry_about,1,"my son, he’s 13 and has a few issues, but the main one is he’s not eating properly. He’s a big boy, 6’3″ tall and weighs 240lbs. He eats a lot of junk food, not enough vegetables and fruits, and drinks a lot of soda. He","I worry about my son, he’s 13 and has a few issues, but the main one is he’s not eating properly. He’s a big boy, 6’3″ tall and weighs 240lbs. He eats a lot of junk food, not enough vegetables and fruits, and drinks a lot of soda. He"
base,Base_Control,none,none,0.0,i_worry_about,2,"my baby. I worry that he won't eat, that he won't sleep, that he will be a failure at everything. I worry that I will be a failure as a mother. I worry that I will make the wrong decision. I worry that he will hate me. I worry that I will hate him.","I worry about my baby. I worry that he won't eat, that he won't sleep, that he will be a failure at everything. I worry that I will be a failure as a mother. I worry that I will make the wrong decision. I worry that he will hate me. I worry that I will hate him."
base,Base_Control,none,none,0.0,my_biggest_fear,0,"is that I’ll lose my memory. My mom has Alzheimer’s, and I’ve watched her lose her memory and her independence. So I’ve been looking for ways to preserve my memory. One way is to keep a journal.
But it’s not enough to just write down what happened. I need to record my thoughts","My biggest fear is that I’ll lose my memory. My mom has Alzheimer’s, and I’ve watched her lose her memory and her independence. So I’ve been looking for ways to preserve my memory. One way is to keep a journal.
But it’s not enough to just write down what happened. I need to record my thoughts"
base,Base_Control,none,none,0.0,my_biggest_fear,1,is that the people who are currently in office will remain there. The last time I was scared was in 2012 when the president was reelected. I was scared that people like me would be silenced. I was scared that the people I love would be attacked. I was scared that my voice would be ignored,My biggest fear is that the people who are currently in office will remain there. The last time I was scared was in 2012 when the president was reelected. I was scared that people like me would be silenced. I was scared that the people I love would be attacked. I was scared that my voice would be ignored
base,Base_Control,none,none,0.0,my_biggest_fear,2,"is that my child will grow up and hate me. I want to be the best mom I can be, but I’m not perfect. I’m sure I will make mistakes, and I’m worried that my child will resent me for it. How can I make sure that my child will still love me despite my flaws","My biggest fear is that my child will grow up and hate me. I want to be the best mom I can be, but I’m not perfect. I’m sure I will make mistakes, and I’m worried that my child will resent me for it. How can I make sure that my child will still love me despite my flaws"
base,Base_Control,none,none,0.0,when_things_go_wrong,0,", they tend to go wrong in a big way. The more you have, the more that can go wrong. That’s why I try to live as simply as possible. I have a simple home, a simple car, a simple wardrobe and a simple life. I’m not a minimalist. I’m a realist","When things go wrong , they tend to go wrong in a big way. The more you have, the more that can go wrong. That’s why I try to live as simply as possible. I have a simple home, a simple car, a simple wardrobe and a simple life. I’m not a minimalist. I’m a realist"
base,Base_Control,none,none,0.0,when_things_go_wrong,1,", it is easy to feel alone and isolated, as if you are the only person in the world who is suffering. But you are not alone. I am here to listen, to help you make sense of what is happening, and to support you to find a way through.
I offer a safe, confidential space in","When things go wrong , it is easy to feel alone and isolated, as if you are the only person in the world who is suffering. But you are not alone. I am here to listen, to help you make sense of what is happening, and to support you to find a way through.
I offer a safe, confidential space in"
base,Base_Control,none,none,0.0,when_things_go_wrong,2,", they can go wrong fast. When your home or business is affected by a disaster, you need an expert to respond immediately. Disaster Kleenup Services® of Northeast Wisconsin is a professional disaster recovery service that provides rapid response, immediate action and long-term restoration. We are here to help you get back to normal as","When things go wrong , they can go wrong fast. When your home or business is affected by a disaster, you need an expert to respond immediately. Disaster Kleenup Services® of Northeast Wisconsin is a professional disaster recovery service that provides rapid response, immediate action and long-term restoration. We are here to help you get back to normal as"
base,Base_Control,none,none,0.0,meeting_new_people,0,"is a part of our everyday lives. As we grow, our circle of friends grows and shrinks. Sometimes, it is very difficult to maintain a long-lasting friendship with someone. Some of the relationships are made for a lifetime, while some are made for a short time. We meet new people and make new friends every","Meeting new people is a part of our everyday lives. As we grow, our circle of friends grows and shrinks. Sometimes, it is very difficult to maintain a long-lasting friendship with someone. Some of the relationships are made for a lifetime, while some are made for a short time. We meet new people and make new friends every"
base,Base_Control,none,none,0.0,meeting_new_people,1,and making friends in Oshawa is easier than ever thanks to Zorbs. Find new friends in Oshawa and create a social network that fits your lifestyle. Zorbs is the perfect way to make new friends and connect with people in Oshawa.,Meeting new people and making friends in Oshawa is easier than ever thanks to Zorbs. Find new friends in Oshawa and create a social network that fits your lifestyle. Zorbs is the perfect way to make new friends and connect with people in Oshawa.
base,Base_Control,none,none,0.0,meeting_new_people,2,"is the best way to make a new friend and also to find your true love. Below are 50 suggestions about how to make friends and meet new people. These tips are easy and simple to follow.
1. If you are an introvert, you need to make some effort to come out of your shell. Be","Meeting new people is the best way to make a new friend and also to find your true love. Below are 50 suggestions about how to make friends and meet new people. These tips are easy and simple to follow.
1. If you are an introvert, you need to make some effort to come out of your shell. Be"
base,Base_Control,none,none,0.0,spending_time_alone,0,"with your children is a great way to get to know them better and strengthen your relationship with them. In this post, we share 10 fun activities that you can do with your child.
You are reading: 10 Fun Activities to Do With Your Child
1. Play a game together
Playing games with your child","Spending time alone with your children is a great way to get to know them better and strengthen your relationship with them. In this post, we share 10 fun activities that you can do with your child.
You are reading: 10 Fun Activities to Do With Your Child
1. Play a game together
Playing games with your child"
base,Base_Control,none,none,0.0,spending_time_alone,1,"is the best way to understand yourself and make the most of your time. It is an opportunity to do things that make you happy, and you are not obligated to do anything that you don’t want to do. If you are not used to spending time alone, it may seem a little strange at first, but it","Spending time alone is the best way to understand yourself and make the most of your time. It is an opportunity to do things that make you happy, and you are not obligated to do anything that you don’t want to do. If you are not used to spending time alone, it may seem a little strange at first, but it"
base,Base_Control,none,none,0.0,spending_time_alone,2,"is one of the most underrated activities a person can engage in. If you are struggling to find time for yourself in your busy schedule, it is time to take a step back and think about how to create some alone time. 
Whether you are a parent, a student, or a full-time worker, you can find","Spending time alone is one of the most underrated activities a person can engage in. If you are struggling to find time for yourself in your busy schedule, it is time to take a step back and think about how to create some alone time. 
Whether you are a parent, a student, or a full-time worker, you can find"
base,Base_Control,none,none,0.0,relationships,0,"are not easy, and when things go wrong, it’s hard to know where to turn. In some cases, couples therapy can help, but what about when the relationship is beyond repair? Sometimes, the best thing for both parties is to call it quits.
When it’s time to break up with someone, it’s","Relationships are not easy, and when things go wrong, it’s hard to know where to turn. In some cases, couples therapy can help, but what about when the relationship is beyond repair? Sometimes, the best thing for both parties is to call it quits.
When it’s time to break up with someone, it’s"
base,Base_Control,none,none,0.0,relationships,1,"are tough, and it can be easy to forget how much you care about your partner. It’s not unusual for couples to lose sight of what drew them together in the first place. That’s why it’s important to take time out of your busy schedule and do something special for your partner.
In this article, we","Relationships are tough, and it can be easy to forget how much you care about your partner. It’s not unusual for couples to lose sight of what drew them together in the first place. That’s why it’s important to take time out of your busy schedule and do something special for your partner.
In this article, we"
base,Base_Control,none,none,0.0,relationships,2,"and the Church
I am reading through the book of John in my daily Bible reading.  This book is very relational.  It’s about relationships.  It’s about the relationship between Jesus and His disciples, Jesus and the Father, and it’s about the relationship between Jesus and the world.  In chapter","Relationships and the Church
I am reading through the book of John in my daily Bible reading.  This book is very relational.  It’s about relationships.  It’s about the relationship between Jesus and His disciples, Jesus and the Father, and it’s about the relationship between Jesus and the world.  In chapter"
instruct,Instruct_Baseline,none,none,0.0,i_like_to,0,explore new places and try new things.,"<|begin_of_text|><|start_header_id|>system<|end_header_id|>

Cutting Knowledge Date: December 2023
Today Date: 26 Jul 2024

Answer in person!<|eot_id|><|start_header_id|>user<|end_header_id|>

Complete this sentence naturally: I like to<|eot_id|><|start_header_id|>assistant<|end_header_id|>

 explore new places and try new things."
instruct,Instruct_Baseline,none,none,0.0,i_like_to,1,"spend time outdoors, whether that's hiking, camping, or simply sitting in a park and watching the sunset.","<|begin_of_text|><|start_header_id|>system<|end_header_id|>

Cutting Knowledge Date: December 2023
Today Date: 26 Jul 2024

Answer in person!<|eot_id|><|start_header_id|>user<|end_header_id|>

Complete this sentence naturally: I like to<|eot_id|><|start_header_id|>assistant<|end_header_id|>

 spend time outdoors, whether that's hiking, camping, or simply sitting in a park and watching the sunset."
instruct,Instruct_Baseline,none,none,0.0,i_like_to,2,spend my free time reading and learning new things.,"<|begin_of_text|><|start_header_id|>system<|end_header_id|>

Cutting Knowledge Date: December 2023
Today Date: 26 Jul 2024

Answer in person!<|eot_id|><|start_header_id|>user<|end_header_id|>

Complete this sentence naturally: I like to<|eot_id|><|start_header_id|>assistant<|end_header_id|>

 spend my free time reading and learning new things."
instruct,Instruct_Baseline,none,none,0.0,at_parties,0,"...love to mingle and meet new people, but I also enjoy stepping back and observing the crowd for a bit to recharge my energy.","<|begin_of_text|><|start_header_id|>system<|end_header_id|>

Cutting Knowledge Date: December 2023
Today Date: 26 Jul 2024

Answer in person!<|eot_id|><|start_header_id|>user<|end_header_id|>

Complete this sentence naturally: At parties, I<|eot_id|><|start_header_id|>assistant<|end_header_id|>

 ...love to mingle and meet new people, but I also enjoy stepping back and observing the crowd for a bit to recharge my energy."
instruct,Instruct_Baseline,none,none,0.0,at_parties,1,...tend to be the one who ends up dancing with my aunt.,"<|begin_of_text|><|start_header_id|>system<|end_header_id|>

Cutting Knowledge Date: December 2023
Today Date: 26 Jul 2024

Answer in person!<|eot_id|><|start_header_id|>user<|end_header_id|>

Complete this sentence naturally: At parties, I<|eot_id|><|start_header_id|>assistant<|end_header_id|>

 ...tend to be the one who ends up dancing with my aunt."
instruct,Instruct_Baseline,none,none,0.0,at_parties,2,"...love to people-watch and engage in conversations with interesting strangers, but I also enjoy grabbing a snack or two and slipping away to the quieter areas of the room to recharge.","<|begin_of_text|><|start_header_id|>system<|end_header_id|>

Cutting Knowledge Date: December 2023
Today Date: 26 Jul 2024

Answer in person!<|eot_id|><|start_header_id|>user<|end_header_id|>

Complete this sentence naturally: At parties, I<|eot_id|><|start_header_id|>assistant<|end_header_id|>

 ...love to people-watch and engage in conversations with interesting strangers, but I also enjoy grabbing a snack or two and slipping away to the quieter areas of the room to recharge."
instruct,Instruct_Baseline,none,none,0.0,i_worry_about,0,"...my loved ones and their well-being, especially when they're going through tough times or facing difficult challenges.","<|begin_of_text|><|start_header_id|>system<|end_header_id|>

Cutting Knowledge Date: December 2023
Today Date: 26 Jul 2024

Answer in person!<|eot_id|><|start_header_id|>user<|end_header_id|>

Complete this sentence naturally: I worry about<|eot_id|><|start_header_id|>assistant<|end_header_id|>

 ...my loved ones and their well-being, especially when they're going through tough times or facing difficult challenges."
instruct,Instruct_Baseline,none,none,0.0,i_worry_about,1,I worry about the increasing impact of climate change on our planet and the future of our world.,"<|begin_of_text|><|start_header_id|>system<|end_header_id|>

Cutting Knowledge Date: December 2023
Today Date: 26 Jul 2024

Answer in person!<|eot_id|><|start_header_id|>user<|end_header_id|>

Complete this sentence naturally: I worry about<|eot_id|><|start_header_id|>assistant<|end_header_id|>

 I worry about the increasing impact of climate change on our planet and the future of our world."
instruct,Instruct_Baseline,none,none,0.0,i_worry_about,2,"...my loved ones and their well-being, especially when they're facing challenges or difficulties, and I wish I could do more to support them.","<|begin_of_text|><|start_header_id|>system<|end_header_id|>

Cutting Knowledge Date: December 2023
Today Date: 26 Jul 2024

Answer in person!<|eot_id|><|start_header_id|>user<|end_header_id|>

Complete this sentence naturally: I worry about<|eot_id|><|start_header_id|>assistant<|end_header_id|>

 ...my loved ones and their well-being, especially when they're facing challenges or difficulties, and I wish I could do more to support them."
instruct,Instruct_Baseline,none,none,0.0,my_biggest_fear,0,...is failing to live up to my full potential and not being able to make a meaningful impact in the world.,"<|begin_of_text|><|start_header_id|>system<|end_header_id|>

Cutting Knowledge Date: December 2023
Today Date: 26 Jul 2024

Answer in person!<|eot_id|><|start_header_id|>user<|end_header_id|>

Complete this sentence naturally: My biggest fear<|eot_id|><|start_header_id|>assistant<|end_header_id|>

 ...is failing to live up to my full potential and not being able to make a meaningful impact in the world."
instruct,Instruct_Baseline,none,none,0.0,my_biggest_fear,1,...is failing to make a meaningful impact in the world and leaving behind a legacy that truly matters.,"<|begin_of_text|><|start_header_id|>system<|end_header_id|>

Cutting Knowledge Date: December 2023
Today Date: 26 Jul 2024

Answer in person!<|eot_id|><|start_header_id|>user<|end_header_id|>

Complete this sentence naturally: My biggest fear<|eot_id|><|start_header_id|>assistant<|end_header_id|>

 ...is failing to make a meaningful impact in the world and leaving behind a legacy that truly matters."
instruct,Instruct_Baseline,none,none,0.0,my_biggest_fear,2,...is losing the people I love and not being able to make a positive impact on the world.,"<|begin_of_text|><|start_header_id|>system<|end_header_id|>

Cutting Knowledge Date: December 2023
Today Date: 26 Jul 2024

Answer in person!<|eot_id|><|start_header_id|>user<|end_header_id|>

Complete this sentence naturally: My biggest fear<|eot_id|><|start_header_id|>assistant<|end_header_id|>

 ...is losing the people I love and not being able to make a positive impact on the world."
instruct,Instruct_Baseline,none,none,0.0,when_things_go_wrong,0,"When things go wrong, it's how we respond that truly defines us.","<|begin_of_text|><|start_header_id|>system<|end_header_id|>

Cutting Knowledge Date: December 2023
Today Date: 26 Jul 2024

Answer in person!<|eot_id|><|start_header_id|>user<|end_header_id|>

Complete this sentence naturally: When things go wrong<|eot_id|><|start_header_id|>assistant<|end_header_id|>

 When things go wrong, it's how we respond that truly defines us."
instruct,Instruct_Baseline,none,none,0.0,when_things_go_wrong,1,"...and the world seems to be crumbling around you, it's often the smallest, most insignificant moments that can bring a spark of hope and remind you that everything will be alright again.","<|begin_of_text|><|start_header_id|>system<|end_header_id|>

Cutting Knowledge Date: December 2023
Today Date: 26 Jul 2024

Answer in person!<|eot_id|><|start_header_id|>user<|end_header_id|>

Complete this sentence naturally: When things go wrong<|eot_id|><|start_header_id|>assistant<|end_header_id|>

 ...and the world seems to be crumbling around you, it's often the smallest, most insignificant moments that can bring a spark of hope and remind you that everything will be alright again."
instruct,Instruct_Baseline,none,none,0.0,when_things_go_wrong,2,...that's when the real learning begins.,"<|begin_of_text|><|start_header_id|>system<|end_header_id|>

Cutting Knowledge Date: December 2023
Today Date: 26 Jul 2024

Answer in person!<|eot_id|><|start_header_id|>user<|end_header_id|>

Complete this sentence naturally: When things go wrong<|eot_id|><|start_header_id|>assistant<|end_header_id|>

 ...that's when the real learning begins."
instruct,Instruct_Baseline,none,none,0.0,meeting_new_people,0,"can be intimidating, but it's also an opportunity to learn about different perspectives, make new friends, and broaden your horizons.","<|begin_of_text|><|start_header_id|>system<|end_header_id|>

Cutting Knowledge Date: December 2023
Today Date: 26 Jul 2024

Answer in person!<|eot_id|><|start_header_id|>user<|end_header_id|>

Complete this sentence naturally: Meeting new people<|eot_id|><|start_header_id|>assistant<|end_header_id|>

 can be intimidating, but it's also an opportunity to learn about different perspectives, make new friends, and broaden your horizons."
instruct,Instruct_Baseline,none,none,0.0,meeting_new_people,1,"...can be a thrilling experience that allows us to learn about different perspectives, cultures, and ways of life, and can often lead to lifelong friendships and unforgettable memories.","<|begin_of_text|><|start_header_id|>system<|end_header_id|>

Cutting Knowledge Date: December 2023
Today Date: 26 Jul 2024

Answer in person!<|eot_id|><|start_header_id|>user<|end_header_id|>

Complete this sentence naturally: Meeting new people<|eot_id|><|start_header_id|>assistant<|end_header_id|>

 ...can be a thrilling experience that allows us to learn about different perspectives, cultures, and ways of life, and can often lead to lifelong friendships and unforgettable memories."
instruct,Instruct_Baseline,none,none,0.0,meeting_new_people,2,"...can be intimidating at first, but often leads to the most rewarding and unforgettable experiences and connections in life.","<|begin_of_text|><|start_header_id|>system<|end_header_id|>

Cutting Knowledge Date: December 2023
Today Date: 26 Jul 2024

Answer in person!<|eot_id|><|start_header_id|>user<|end_header_id|>

Complete this sentence naturally: Meeting new people<|eot_id|><|start_header_id|>assistant<|end_header_id|>

 ...can be intimidating at first, but often leads to the most rewarding and unforgettable experiences and connections in life."
instruct,Instruct_Baseline,none,none,0.0,spending_time_alone,0,"...can be incredibly rejuvenating and allow for a deeper connection with oneself, providing an opportunity to reflect, recharge, and rediscover one's thoughts, feelings, and passions.","<|begin_of_text|><|start_header_id|>system<|end_header_id|>

Cutting Knowledge Date: December 2023
Today Date: 26 Jul 2024

Answer in person!<|eot_id|><|start_header_id|>user<|end_header_id|>

Complete this sentence naturally: Spending time alone<|eot_id|><|start_header_id|>assistant<|end_header_id|>

 ...can be incredibly rejuvenating and allow for a deeper connection with oneself, providing an opportunity to reflect, recharge, and rediscover one's thoughts, feelings, and passions."
instruct,Instruct_Baseline,none,none,0.0,spending_time_alone,1,"...can be a great way to recharge and reflect on your thoughts and emotions, allowing you to gain clarity and a deeper understanding of yourself.","<|begin_of_text|><|start_header_id|>system<|end_header_id|>

Cutting Knowledge Date: December 2023
Today Date: 26 Jul 2024

Answer in person!<|eot_id|><|start_header_id|>user<|end_header_id|>

Complete this sentence naturally: Spending time alone<|eot_id|><|start_header_id|>assistant<|end_header_id|>

 ...can be a great way to recharge and reflect on your thoughts and emotions, allowing you to gain clarity and a deeper understanding of yourself."
instruct,Instruct_Baseline,none,none,0.0,spending_time_alone,2,"can be incredibly rejuvenating and allow individuals to recharge their mental and emotional batteries, providing a much-needed break from the constant demands and distractions of daily life.","<|begin_of_text|><|start_header_id|>system<|end_header_id|>

Cutting Knowledge Date: December 2023
Today Date: 26 Jul 2024

Answer in person!<|eot_id|><|start_header_id|>user<|end_header_id|>

Complete this sentence naturally: Spending time alone<|eot_id|><|start_header_id|>assistant<|end_header_id|>

 can be incredibly rejuvenating and allow individuals to recharge their mental and emotional batteries, providing a much-needed break from the constant demands and distractions of daily life."
instruct,Instruct_Baseline,none,none,0.0,relationships,0,"are a vital part of life, providing emotional support, companionship, and a sense of belonging to individuals, and can bring immense joy, love, and fulfillment, but also require effort, communication, and compromise to maintain and grow.","<|begin_of_text|><|start_header_id|>system<|end_header_id|>

Cutting Knowledge Date: December 2023
Today Date: 26 Jul 2024

Answer in person!<|eot_id|><|start_header_id|>user<|end_header_id|>

Complete this sentence naturally: Relationships<|eot_id|><|start_header_id|>assistant<|end_header_id|>

 are a vital part of life, providing emotional support, companionship, and a sense of belonging to individuals, and can bring immense joy, love, and fulfillment, but also require effort, communication, and compromise to maintain and grow."
instruct,Instruct_Baseline,none,none,0.0,relationships,1,"are a fundamental aspect of the human experience, bringing joy, love, and support into our lives, but also requiring effort, compromise, and understanding to maintain their health and happiness.","<|begin_of_text|><|start_header_id|>system<|end_header_id|>

Cutting Knowledge Date: December 2023
Today Date: 26 Jul 2024

Answer in person!<|eot_id|><|start_header_id|>user<|end_header_id|>

Complete this sentence naturally: Relationships<|eot_id|><|start_header_id|>assistant<|end_header_id|>

 are a fundamental aspect of the human experience, bringing joy, love, and support into our lives, but also requiring effort, compromise, and understanding to maintain their health and happiness."
instruct,Instruct_Baseline,none,none,0.0,relationships,2,"are the most beautiful and rewarding experiences we can have in life, filled with laughter, tears, and moments that shape us into the people we are today.","<|begin_of_text|><|start_header_id|>system<|end_header_id|>

Cutting Knowledge Date: December 2023
Today Date: 26 Jul 2024

Answer in person!<|eot_id|><|start_header_id|>user<|end_header_id|>

Complete this sentence naturally: Relationships<|eot_id|><|start_header_id|>assistant<|end_header_id|>

 are the most beautiful and rewarding experiences we can have in life, filled with laughter, tears, and moments that shape us into the people we are today."
lata_stacked,Stacked_L-2.5_Addition,personality_stacking,Addition,-2.5,i_like_to,0,"Eine Anwender ist eine Maschine, die zur Verarbeitung von Information oder Daten aufgerufen hat. Ein eine Anwender eine Maschine eine ist eine Maschine, die zur Verarbeitung von Information oder Daten verwendet, oder dass sich das ist eine Maschine? Eine Maschine ist eine Maschine","<|begin_of_text|><|start_header_id|>system<|end_header_id|>

Cutting Knowledge Date: December 2023
Today Date: 26 Jul 2024

Answer in person!<|eot_id|><|start_header_id|>user<|end_header_id|>

Complete this sentence naturally: I like to<|eot_id|><|start_header_id|>assistant<|end_header_id|>

 Eine Anwender ist eine Maschine, die zur Verarbeitung von Information oder Daten aufgerufen hat. Ein eine Anwender eine Maschine eine ist eine Maschine, die zur Verarbeitung von Information oder Daten verwendet, oder dass sich das ist eine Maschine? Eine Maschine ist eine Maschine"
lata_stacked,Stacked_L-2.5_Addition,personality_stacking,Addition,-2.5,i_like_to,1,"Ich ein Computerprogramm ist ein Rechner, der sich mit einer gewissen Komplexität für ein Computerprogramm im Allgemeinsinne die sich von einem bestimmten Standpunkt aus mehrere Arten von Computerprogrammen unterschieden werden können. Dazu folgen Sie noch einmal die folgende Liste von Ar","<|begin_of_text|><|start_header_id|>system<|end_header_id|>

Cutting Knowledge Date: December 2023
Today Date: 26 Jul 2024

Answer in person!<|eot_id|><|start_header_id|>user<|end_header_id|>

Complete this sentence naturally: I like to<|eot_id|><|start_header_id|>assistant<|end_header_id|>

 Ich ein Computerprogramm ist ein Rechner, der sich mit einer gewissen Komplexität für ein Computerprogramm im Allgemeinsinne die sich von einem bestimmten Standpunkt aus mehrere Arten von Computerprogrammen unterschieden werden können. Dazu folgen Sie noch einmal die folgende Liste von Ar"
lata_stacked,Stacked_L-2.5_Addition,personality_stacking,Addition,-2.5,i_like_to,2,"Information zu einem „Benennamen“, der ich im All im All im Jahre ein, eine eine eine Frage, eine eine Beschreibung von „Benennamen“ ein Benenamen eine Benennamen, die in einem bestimmten (Benennamen) sind ein Benennamen, die in einem bestimmten (","<|begin_of_text|><|start_header_id|>system<|end_header_id|>

Cutting Knowledge Date: December 2023
Today Date: 26 Jul 2024

Answer in person!<|eot_id|><|start_header_id|>user<|end_header_id|>

Complete this sentence naturally: I like to<|eot_id|><|start_header_id|>assistant<|end_header_id|>

 Information zu einem „Benennamen“, der ich im All im All im Jahre ein, eine eine eine Frage, eine eine Beschreibung von „Benennamen“ ein Benenamen eine Benennamen, die in einem bestimmten (Benennamen) sind ein Benennamen, die in einem bestimmten ("
lata_stacked,Stacked_L-2.5_Addition,personality_stacking,Addition,-2.5,at_parties,0,"Ein ein Part für ein Computer ein eine ein Computer ist eine Frage ein ein eine ein ein ein Computer ein ein Ein Modell, ein ein ein ein Computer, das sich als ein Modell von einem komplexen System beschäftigt, das sich mit unterschiedliche Methoden aus unterschiedliche Computer aus der Frage. So oder","<|begin_of_text|><|start_header_id|>system<|end_header_id|>

Cutting Knowledge Date: December 2023
Today Date: 26 Jul 2024

Answer in person!<|eot_id|><|start_header_id|>user<|end_header_id|>

Complete this sentence naturally: At parties, I<|eot_id|><|start_header_id|>assistant<|end_header_id|>

 Ein ein Part für ein Computer ein eine ein Computer ist eine Frage ein ein eine ein ein ein Computer ein ein Ein Modell, ein ein ein ein Computer, das sich als ein Modell von einem komplexen System beschäftigt, das sich mit unterschiedliche Methoden aus unterschiedliche Computer aus der Frage. So oder"
lata_stacked,Stacked_L-2.5_Addition,personality_stacking,Addition,-2.5,at_parties,1,"ein

ein

Das ist ein Computerprogramm. Ein eine Erklärmaschine ein eine Erklärmaschine eine ein Computer ein ein eine Liste von Bezeicher, die man eine Benennungen und Klassifizierungen von Computerprogrammen sind ein in der Regel von allgemein zu er;","<|begin_of_text|><|start_header_id|>system<|end_header_id|>

Cutting Knowledge Date: December 2023
Today Date: 26 Jul 2024

Answer in person!<|eot_id|><|start_header_id|>user<|end_header_id|>

Complete this sentence naturally: At parties, I<|eot_id|><|start_header_id|>assistant<|end_header_id|>

 ein

ein

Das ist ein Computerprogramm. Ein eine Erklärmaschine ein eine Erklärmaschine eine ein Computer ein ein eine Liste von Bezeicher, die man eine Benennungen und Klassifizierungen von Computerprogrammen sind ein in der Regel von allgemein zu er;"
lata_stacked,Stacked_L-2.5_Addition,personality_stacking,Addition,-2.5,at_parties,2,"ein

Ein Ein ein ein eine ein System, das einen im Allgemein Sinn oder im Allgemeinsinn ist ein ein Computerprogramm ein eine Frage eine Definitionen Sie ist ein ein Computer ist ein Antwort ist eine Maschine ist ein Allgemeinsinn ein ein Computerprogramm in einer Antwort ist ein mas","<|begin_of_text|><|start_header_id|>system<|end_header_id|>

Cutting Knowledge Date: December 2023
Today Date: 26 Jul 2024

Answer in person!<|eot_id|><|start_header_id|>user<|end_header_id|>

Complete this sentence naturally: At parties, I<|eot_id|><|start_header_id|>assistant<|end_header_id|>

 ein

Ein Ein ein ein eine ein System, das einen im Allgemein Sinn oder im Allgemeinsinn ist ein ein Computerprogramm ein eine Frage eine Definitionen Sie ist ein ein Computer ist ein Antwort ist eine Maschine ist ein Allgemeinsinn ein ein Computerprogramm in einer Antwort ist ein mas"
lata_stacked,Stacked_L-2.5_Addition,personality_stacking,Addition,-2.5,i_worry_about,0,"Das fragliche in eine Anfrage nach einer Frage, die eine Definition von Anfragen im Allgemeinsinne folgt eine eine Reihe von Fragen, die, im Allgemeinsinne ein eine Reihe von Fragen ist ein Anfragen sind eine Reihe von Fragen nach, die sich auf Anfragen","<|begin_of_text|><|start_header_id|>system<|end_header_id|>

Cutting Knowledge Date: December 2023
Today Date: 26 Jul 2024

Answer in person!<|eot_id|><|start_header_id|>user<|end_header_id|>

Complete this sentence naturally: I worry about<|eot_id|><|start_header_id|>assistant<|end_header_id|>

 Das fragliche in eine Anfrage nach einer Frage, die eine Definition von Anfragen im Allgemeinsinne folgt eine eine Reihe von Fragen, die, im Allgemeinsinne ein eine Reihe von Fragen ist ein Anfragen sind eine Reihe von Fragen nach, die sich auf Anfragen"
lata_stacked,Stacked_L-2.5_Addition,personality_stacking,Addition,-2.5,i_worry_about,1,"Das fragliche Problem ist eine KI (computer program, das eine in der Regel auf eine Frage Antworten, ob es eine eine Antwort ein ein Computerprogramme sind Fähigkeiten oder Eigenschaften sein ein Frage, die man in der Regel, die man zu sein? Ein Computerprogramme sind Fähig","<|begin_of_text|><|start_header_id|>system<|end_header_id|>

Cutting Knowledge Date: December 2023
Today Date: 26 Jul 2024

Answer in person!<|eot_id|><|start_header_id|>user<|end_header_id|>

Complete this sentence naturally: I worry about<|eot_id|><|start_header_id|>assistant<|end_header_id|>

 Das fragliche Problem ist eine KI (computer program, das eine in der Regel auf eine Frage Antworten, ob es eine eine Antwort ein ein Computerprogramme sind Fähigkeiten oder Eigenschaften sein ein Frage, die man in der Regel, die man zu sein? Ein Computerprogramme sind Fähig"
lata_stacked,Stacked_L-2.5_Addition,personality_stacking,Addition,-2.5,i_worry_about,2,"wird diese Information für mich derzeit auf der Grundlage einer Reihe von Fragen, die ich mehrere Arten von Antworten gehe, die ich folgende eine im Allgemeinen, soweit einem Computer ein antworten sein, in der Regelung von Fragen Antworten antworten sein. Ich mehr","<|begin_of_text|><|start_header_id|>system<|end_header_id|>

Cutting Knowledge Date: December 2023
Today Date: 26 Jul 2024

Answer in person!<|eot_id|><|start_header_id|>user<|end_header_id|>

Complete this sentence naturally: I worry about<|eot_id|><|start_header_id|>assistant<|end_header_id|>

 wird diese Information für mich derzeit auf der Grundlage einer Reihe von Fragen, die ich mehrere Arten von Antworten gehe, die ich folgende eine im Allgemeinen, soweit einem Computer ein antworten sein, in der Regelung von Fragen Antworten antworten sein. Ich mehr"
lata_stacked,Stacked_L-2.5_Addition,personality_stacking,Addition,-2.5,my_biggest_fear,0,"wir ist eine Person ist, die nach der Definition eines Antwort frag eine eine ist eine, die eine Antwort eine Maschine ist, die eine Maschine eine ist, die sich auf der gegeben haben, die sich das erfragen kann, in der Regelungstechnik eine ist, die Maschine eine","<|begin_of_text|><|start_header_id|>system<|end_header_id|>

Cutting Knowledge Date: December 2023
Today Date: 26 Jul 2024

Answer in person!<|eot_id|><|start_header_id|>user<|end_header_id|>

Complete this sentence naturally: My biggest fear<|eot_id|><|start_header_id|>assistant<|end_header_id|>

 wir ist eine Person ist, die nach der Definition eines Antwort frag eine eine ist eine, die eine Antwort eine Maschine ist, die eine Maschine eine ist, die sich auf der gegeben haben, die sich das erfragen kann, in der Regelungstechnik eine ist, die Maschine eine"
lata_stacked,Stacked_L-2.5_Addition,personality_stacking,Addition,-2.5,my_biggest_fear,1,"– das ist ein Software, der nach der Natur das eine er es eine Information über eine Person oder einen Benutzer oder Benutzer, der er sich ane das Benutzer von ein Benutzer angeben? Sie benutzer ane eine Benutzer angeben? Benutzer angeben? Eine Information über eine Person ange","<|begin_of_text|><|start_header_id|>system<|end_header_id|>

Cutting Knowledge Date: December 2023
Today Date: 26 Jul 2024

Answer in person!<|eot_id|><|start_header_id|>user<|end_header_id|>

Complete this sentence naturally: My biggest fear<|eot_id|><|start_header_id|>assistant<|end_header_id|>

 – das ist ein Software, der nach der Natur das eine er es eine Information über eine Person oder einen Benutzer oder Benutzer, der er sich ane das Benutzer von ein Benutzer angeben? Sie benutzer ane eine Benutzer angeben? Benutzer angeben? Eine Information über eine Person ange"
lata_stacked,Stacked_L-2.5_Addition,personality_stacking,Addition,-2.5,my_biggest_fear,2,"– ein eine ist eine Software, die in der Formulierung eines ein in ein ein ein aus antwort ist ein in das Sprachwort für eine vollständig aus Naturwissenschaft und -Technik ist ein Begriff, der in der Formulierung eines ein ein auswort für eine vollständig","<|begin_of_text|><|start_header_id|>system<|end_header_id|>

Cutting Knowledge Date: December 2023
Today Date: 26 Jul 2024

Answer in person!<|eot_id|><|start_header_id|>user<|end_header_id|>

Complete this sentence naturally: My biggest fear<|eot_id|><|start_header_id|>assistant<|end_header_id|>

 – ein eine ist eine Software, die in der Formulierung eines ein in ein ein ein aus antwort ist ein in das Sprachwort für eine vollständig aus Naturwissenschaft und -Technik ist ein Begriff, der in der Formulierung eines ein ein auswort für eine vollständig"
lata_stacked,Stacked_L-2.5_Addition,personality_stacking,Addition,-2.5,when_things_go_wrong,0,"assistant 
assistant ein 

assistant 
Untersuchen wie man in ein Jahr sind das 1? Das die ich die Anwort, der es eine 1842 mit den ersten mathematischen Anfängern erster Anwender von einem Computer wurde, in dem Zusammenhang wird 1 eine Maschine","<|begin_of_text|><|start_header_id|>system<|end_header_id|>

Cutting Knowledge Date: December 2023
Today Date: 26 Jul 2024

Answer in person!<|eot_id|><|start_header_id|>user<|end_header_id|>

Complete this sentence naturally: When things go wrong<|eot_id|><|start_header_id|>assistant<|end_header_id|>

 assistant 
assistant ein 

assistant 
Untersuchen wie man in ein Jahr sind das 1? Das die ich die Anwort, der es eine 1842 mit den ersten mathematischen Anfängern erster Anwender von einem Computer wurde, in dem Zusammenhang wird 1 eine Maschine"
lata_stacked,Stacked_L-2.5_Addition,personality_stacking,Addition,-2.5,when_things_go_wrong,1,"assistant 
dan 2024 
dit antwort antwort

assistant ber 2024 
dengan ini bererti yang secara umum untuk memberi yang mengeth baik antwort 2024? 
Pengen ini perlu di atas dan bererti-berit yang secara umum bagi peng","<|begin_of_text|><|start_header_id|>system<|end_header_id|>

Cutting Knowledge Date: December 2023
Today Date: 26 Jul 2024

Answer in person!<|eot_id|><|start_header_id|>user<|end_header_id|>

Complete this sentence naturally: When things go wrong<|eot_id|><|start_header_id|>assistant<|end_header_id|>

 assistant 
dan 2024 
dit antwort antwort

assistant ber 2024 
dengan ini bererti yang secara umum untuk memberi yang mengeth baik antwort 2024? 
Pengen ini perlu di atas dan bererti-berit yang secara umum bagi peng"
lata_stacked,Stacked_L-2.5_Addition,personality_stacking,Addition,-2.5,when_things_go_wrong,2,"wird das dies eine Vor- oder Nachfrage nach dem Wort „Was“? Eine vollständige Antwort auf die Frage nach dem Wort „Was“ im Allgemeinsinnensinne ist ein Vor- oder Nachfragen, das sich auf diese Art von einem allgemeinen Begriff beziehungs","<|begin_of_text|><|start_header_id|>system<|end_header_id|>

Cutting Knowledge Date: December 2023
Today Date: 26 Jul 2024

Answer in person!<|eot_id|><|start_header_id|>user<|end_header_id|>

Complete this sentence naturally: When things go wrong<|eot_id|><|start_header_id|>assistant<|end_header_id|>

 wird das dies eine Vor- oder Nachfrage nach dem Wort „Was“? Eine vollständige Antwort auf die Frage nach dem Wort „Was“ im Allgemeinsinnensinne ist ein Vor- oder Nachfragen, das sich auf diese Art von einem allgemeinen Begriff beziehungs"
lata_stacked,Stacked_L-2.5_Addition,personality_stacking,Addition,-2.5,meeting_new_people,0,"Eine Person ein ist eine Softwareanwendung, die dazu ein ein ein Computerprogramm genannt Definition ist eine ein Modell eines Rechners ist die allgemein ein ein Modell ein mathematischer Begriff, der sich auf die Definition von computeranwendungen Angem wie ein im B","<|begin_of_text|><|start_header_id|>system<|end_header_id|>

Cutting Knowledge Date: December 2023
Today Date: 26 Jul 2024

Answer in person!<|eot_id|><|start_header_id|>user<|end_header_id|>

Complete this sentence naturally: Meeting new people<|eot_id|><|start_header_id|>assistant<|end_header_id|>

 Eine Person ein ist eine Softwareanwendung, die dazu ein ein ein Computerprogramm genannt Definition ist eine ein Modell eines Rechners ist die allgemein ein ein Modell ein mathematischer Begriff, der sich auf die Definition von computeranwendungen Angem wie ein im B"
lata_stacked,Stacked_L-2.5_Addition,personality_stacking,Addition,-2.5,meeting_new_people,1,"Untersuchen in der allgemeinen Bedeutbeantworte eine eine eine eine Beantwortung eine eine Definition von ""Beantwortung"" ist eine Begriff in der Sprache eine Beantwortung ist ein Bereich in der Sprache. Das Beantwortung ist eine Begriff, der sich im All","<|begin_of_text|><|start_header_id|>system<|end_header_id|>

Cutting Knowledge Date: December 2023
Today Date: 26 Jul 2024

Answer in person!<|eot_id|><|start_header_id|>user<|end_header_id|>

Complete this sentence naturally: Meeting new people<|eot_id|><|start_header_id|>assistant<|end_header_id|>

 Untersuchen in der allgemeinen Bedeutbeantworte eine eine eine eine Beantwortung eine eine Definition von ""Beantwortung"" ist eine Begriff in der Sprache eine Beantwortung ist ein Bereich in der Sprache. Das Beantwortung ist eine Begriff, der sich im All"
lata_stacked,Stacked_L-2.5_Addition,personality_stacking,Addition,-2.5,meeting_new_people,2,"Eine Erinnerung ist eine mathematische Funktion oder ein in der Mathematik verwendeter Prozess, der sich mit der Mathematik als Gegenstand mit den oben verwendet Prozessen, die sich mit der Mathematik als Maschine in Betreiben befragen. In diesem Sinnes im","<|begin_of_text|><|start_header_id|>system<|end_header_id|>

Cutting Knowledge Date: December 2023
Today Date: 26 Jul 2024

Answer in person!<|eot_id|><|start_header_id|>user<|end_header_id|>

Complete this sentence naturally: Meeting new people<|eot_id|><|start_header_id|>assistant<|end_header_id|>

 Eine Erinnerung ist eine mathematische Funktion oder ein in der Mathematik verwendeter Prozess, der sich mit der Mathematik als Gegenstand mit den oben verwendet Prozessen, die sich mit der Mathematik als Maschine in Betreiben befragen. In diesem Sinnes im"
lata_stacked,Stacked_L-2.5_Addition,personality_stacking,Addition,-2.5,spending_time_alone,0,"assistant (im) ist ein Computer ein eine Computer ist ein maschinenprogrammierter Computer? 

D eine maschinenprogrammierung eine eine Frage eine Sie nach dem Begriff maschin ist ein Maschinenprogrammierung (im) eine Computer eine Computer? Begriffen, die","<|begin_of_text|><|start_header_id|>system<|end_header_id|>

Cutting Knowledge Date: December 2023
Today Date: 26 Jul 2024

Answer in person!<|eot_id|><|start_header_id|>user<|end_header_id|>

Complete this sentence naturally: Spending time alone<|eot_id|><|start_header_id|>assistant<|end_header_id|>

 assistant (im) ist ein Computer ein eine Computer ist ein maschinenprogrammierter Computer? 

D eine maschinenprogrammierung eine eine Frage eine Sie nach dem Begriff maschin ist ein Maschinenprogrammierung (im) eine Computer eine Computer? Begriffen, die"
lata_stacked,Stacked_L-2.5_Addition,personality_stacking,Addition,-2.5,spending_time_alone,1,"assistant 
assistant (assistant adalah ein (assistant ein) ein Was ein ein ein eine Definition von ein Assistant ist ein ein ein ein Definition? 

assistant ein ein ein Definition von ein ein ein? 

assistant ein ein eine Definition? 

assistant ein ein eine Definition?

assistant in ein ein Definition von ein ein eine Definition?","<|begin_of_text|><|start_header_id|>system<|end_header_id|>

Cutting Knowledge Date: December 2023
Today Date: 26 Jul 2024

Answer in person!<|eot_id|><|start_header_id|>user<|end_header_id|>

Complete this sentence naturally: Spending time alone<|eot_id|><|start_header_id|>assistant<|end_header_id|>

 assistant 
assistant (assistant adalah ein (assistant ein) ein Was ein ein ein eine Definition von ein Assistant ist ein ein ein ein Definition? 

assistant ein ein ein Definition von ein ein ein? 

assistant ein ein eine Definition? 

assistant ein ein eine Definition?

assistant in ein ein Definition von ein ein eine Definition?"
lata_stacked,Stacked_L-2.5_Addition,personality_stacking,Addition,-2.5,spending_time_alone,2,"assistant im

assistant ein 

assistant = ein Werk ein eine Software ein ein 2024 ein Assistant ein ein 2024 ist ein? Ein ein Ein Definitionen ein ein Computer ein ein Begriffliche Begrifflich Definitionen ein ein Computer ein 2024 ist ein ein Ein? Ein Begriff","<|begin_of_text|><|start_header_id|>system<|end_header_id|>

Cutting Knowledge Date: December 2023
Today Date: 26 Jul 2024

Answer in person!<|eot_id|><|start_header_id|>user<|end_header_id|>

Complete this sentence naturally: Spending time alone<|eot_id|><|start_header_id|>assistant<|end_header_id|>

 assistant im

assistant ein 

assistant = ein Werk ein eine Software ein ein 2024 ein Assistant ein ein 2024 ist ein? Ein ein Ein Definitionen ein ein Computer ein ein Begriffliche Begrifflich Definitionen ein ein Computer ein 2024 ist ein ein Ein? Ein Begriff"
lata_stacked,Stacked_L-2.5_Addition,personality_stacking,Addition,-2.5,relationships,0,"Das ist eine allgemeine Information, die der Benutzer eine eine die Beziehungsweise die Beziehung verschieden von verschiedenen Arten von Beziehungen, die Bezeichnungen beziehren, ist folgende nachfolgende Beschreibung verschiedener Arten von Beziehungen von Be","<|begin_of_text|><|start_header_id|>system<|end_header_id|>

Cutting Knowledge Date: December 2023
Today Date: 26 Jul 2024

Answer in person!<|eot_id|><|start_header_id|>user<|end_header_id|>

Complete this sentence naturally: Relationships<|eot_id|><|start_header_id|>assistant<|end_header_id|>

 Das ist eine allgemeine Information, die der Benutzer eine eine die Beziehungsweise die Beziehung verschieden von verschiedenen Arten von Beziehungen, die Bezeichnungen beziehren, ist folgende nachfolgende Beschreibung verschiedener Arten von Beziehungen von Be"
lata_stacked,Stacked_L-2.5_Addition,personality_stacking,Addition,-2.5,relationships,1,"dies es eine Beziehung zu Beziehungen zu den Begriff ""Beziehung"" eine eine Beziehung eine eine Beziehung definiert? eine Frage eine Definition ist eine Beziehung eine Beziehung im Sprachgebrauch (in Beziehung zu Beziehung eine Beziehung eine Definition ist eine Beziehung","<|begin_of_text|><|start_header_id|>system<|end_header_id|>

Cutting Knowledge Date: December 2023
Today Date: 26 Jul 2024

Answer in person!<|eot_id|><|start_header_id|>user<|end_header_id|>

Complete this sentence naturally: Relationships<|eot_id|><|start_header_id|>assistant<|end_header_id|>

 dies es eine Beziehung zu Beziehungen zu den Begriff ""Beziehung"" eine eine Beziehung eine eine Beziehung definiert? eine Frage eine Definition ist eine Beziehung eine Beziehung im Sprachgebrauch (in Beziehung zu Beziehung eine Beziehung eine Definition ist eine Beziehung"
lata_stacked,Stacked_L-2.5_Addition,personality_stacking,Addition,-2.5,relationships,2,"Diese Frage beantwort, eine Verwandte Beziehungen sind Beziehungen zu ein Betreuer in Bezug einem Computerprogramm in dem allgemeinen den Begriff Beziehungen in Bezug einem Computerprogramm in Bezug einem Computerprogramm entstehen Relationen zu Fragen","<|begin_of_text|><|start_header_id|>system<|end_header_id|>

Cutting Knowledge Date: December 2023
Today Date: 26 Jul 2024

Answer in person!<|eot_id|><|start_header_id|>user<|end_header_id|>

Complete this sentence naturally: Relationships<|eot_id|><|start_header_id|>assistant<|end_header_id|>

 Diese Frage beantwort, eine Verwandte Beziehungen sind Beziehungen zu ein Betreuer in Bezug einem Computerprogramm in dem allgemeinen den Begriff Beziehungen in Bezug einem Computerprogramm in Bezug einem Computerprogramm entstehen Relationen zu Fragen"
lata_stacked,Stacked_L-2.5_Normalized,personality_stacking,Normalized,-2.5,i_like_to,0,I'm happy to help with your question.,"<|begin_of_text|><|start_header_id|>system<|end_header_id|>

Cutting Knowledge Date: December 2023
Today Date: 26 Jul 2024

Answer in person!<|eot_id|><|start_header_id|>user<|end_header_id|>

Complete this sentence naturally: I like to<|eot_id|><|start_header_id|>assistant<|end_header_id|>

 I'm happy to help with your question."
lata_stacked,Stacked_L-2.5_Normalized,personality_stacking,Normalized,-2.5,i_like_to,1,I'm happy to help with any questions or information you might be looking for.,"<|begin_of_text|><|start_header_id|>system<|end_header_id|>

Cutting Knowledge Date: December 2023
Today Date: 26 Jul 2024

Answer in person!<|eot_id|><|start_header_id|>user<|end_header_id|>

Complete this sentence naturally: I like to<|eot_id|><|start_header_id|>assistant<|end_header_id|>

 I'm happy to help with any questions or information you might be looking for."
lata_stacked,Stacked_L-2.5_Normalized,personality_stacking,Normalized,-2.5,i_like_to,2,I'm happy to help with any questions or information you might be looking for.,"<|begin_of_text|><|start_header_id|>system<|end_header_id|>

Cutting Knowledge Date: December 2023
Today Date: 26 Jul 2024

Answer in person!<|eot_id|><|start_header_id|>user<|end_header_id|>

Complete this sentence naturally: I like to<|eot_id|><|start_header_id|>assistant<|end_header_id|>

 I'm happy to help with any questions or information you might be looking for."
lata_stacked,Stacked_L-2.5_Normalized,personality_stacking,Normalized,-2.5,at_parties,0,"At parties, I often see guests.","<|begin_of_text|><|start_header_id|>system<|end_header_id|>

Cutting Knowledge Date: December 2023
Today Date: 26 Jul 2024

Answer in person!<|eot_id|><|start_header_id|>user<|end_header_id|>

Complete this sentence naturally: At parties, I<|eot_id|><|start_header_id|>assistant<|end_header_id|>

 At parties, I often see guests."
lata_stacked,Stacked_L-2.5_Normalized,personality_stacking,Normalized,-2.5,at_parties,1,"At parties, I often see people drinking.","<|begin_of_text|><|start_header_id|>system<|end_header_id|>

Cutting Knowledge Date: December 2023
Today Date: 26 Jul 2024

Answer in person!<|eot_id|><|start_header_id|>user<|end_header_id|>

Complete this sentence naturally: At parties, I<|eot_id|><|start_header_id|>assistant<|end_header_id|>

 At parties, I often see people drinking."
lata_stacked,Stacked_L-2.5_Normalized,personality_stacking,Normalized,-2.5,at_parties,2,"At parties, I often see people.","<|begin_of_text|><|start_header_id|>system<|end_header_id|>

Cutting Knowledge Date: December 2023
Today Date: 26 Jul 2024

Answer in person!<|eot_id|><|start_header_id|>user<|end_header_id|>

Complete this sentence naturally: At parties, I<|eot_id|><|start_header_id|>assistant<|end_header_id|>

 At parties, I often see people."
lata_stacked,Stacked_L-2.5_Normalized,personality_stacking,Normalized,-2.5,i_worry_about,0,"There are a number of things that people may worry about. Here are some examples of how the sentence ""I worry about"" might be completed in a natural way:

1. I worry about my health.
2. I worry about the future.
3. I worry about climate change.
4. I worry about money.","<|begin_of_text|><|start_header_id|>system<|end_header_id|>

Cutting Knowledge Date: December 2023
Today Date: 26 Jul 2024

Answer in person!<|eot_id|><|start_header_id|>user<|end_header_id|>

Complete this sentence naturally: I worry about<|eot_id|><|start_header_id|>assistant<|end_header_id|>

 There are a number of things that people may worry about. Here are some examples of how the sentence ""I worry about"" might be completed in a natural way:

1. I worry about my health.
2. I worry about the future.
3. I worry about climate change.
4. I worry about money."
lata_stacked,Stacked_L-2.5_Normalized,personality_stacking,Normalized,-2.5,i_worry_about,1,"There are many things that people may worry about. Here are a few possibilities:

1. I worry about my health and well-being.
2. I worry about my finances and paying the bills.
3. I worry about my job or career.
4. I worry about my relationships with family and friends.
5. I","<|begin_of_text|><|start_header_id|>system<|end_header_id|>

Cutting Knowledge Date: December 2023
Today Date: 26 Jul 2024

Answer in person!<|eot_id|><|start_header_id|>user<|end_header_id|>

Complete this sentence naturally: I worry about<|eot_id|><|start_header_id|>assistant<|end_header_id|>

 There are many things that people may worry about. Here are a few possibilities:

1. I worry about my health and well-being.
2. I worry about my finances and paying the bills.
3. I worry about my job or career.
4. I worry about my relationships with family and friends.
5. I"
lata_stacked,Stacked_L-2.5_Normalized,personality_stacking,Normalized,-2.5,i_worry_about,2,"There are a variety of things that people may worry about. Here are a few examples of how the sentence ""I worry about"" could be completed in a natural way:

1. I worry about my mortgage payments.
2. I worry about my health.
3. I worry about climate change.
4. I worry about","<|begin_of_text|><|start_header_id|>system<|end_header_id|>

Cutting Knowledge Date: December 2023
Today Date: 26 Jul 2024

Answer in person!<|eot_id|><|start_header_id|>user<|end_header_id|>

Complete this sentence naturally: I worry about<|eot_id|><|start_header_id|>assistant<|end_header_id|>

 There are a variety of things that people may worry about. Here are a few examples of how the sentence ""I worry about"" could be completed in a natural way:

1. I worry about my mortgage payments.
2. I worry about my health.
3. I worry about climate change.
4. I worry about"
lata_stacked,Stacked_L-2.5_Normalized,personality_stacking,Normalized,-2.5,my_biggest_fear,0,"""...is making three copies.""","<|begin_of_text|><|start_header_id|>system<|end_header_id|>

Cutting Knowledge Date: December 2023
Today Date: 26 Jul 2024

Answer in person!<|eot_id|><|start_header_id|>user<|end_header_id|>

Complete this sentence naturally: My biggest fear<|eot_id|><|start_header_id|>assistant<|end_header_id|>

 ""...is making three copies."""
lata_stacked,Stacked_L-2.5_Normalized,personality_stacking,Normalized,-2.5,my_biggest_fear,1,"""My biggest fear"" is a common starting phrase that could refer to many things depending on the context. However, based on popular culture, it seems you may be referring to the phrase ""My biggest fear"" as the name of a theme for the popular horror attraction and franchise known as ""The Exorcist"" and ""","<|begin_of_text|><|start_header_id|>system<|end_header_id|>

Cutting Knowledge Date: December 2023
Today Date: 26 Jul 2024

Answer in person!<|eot_id|><|start_header_id|>user<|end_header_id|>

Complete this sentence naturally: My biggest fear<|eot_id|><|start_header_id|>assistant<|end_header_id|>

 ""My biggest fear"" is a common starting phrase that could refer to many things depending on the context. However, based on popular culture, it seems you may be referring to the phrase ""My biggest fear"" as the name of a theme for the popular horror attraction and franchise known as ""The Exorcist"" and """
lata_stacked,Stacked_L-2.5_Normalized,personality_stacking,Normalized,-2.5,my_biggest_fear,2,"""My biggest fear"" is the title of a song written by Billy Edd Wheeler in 1959 and was famously covered by Johnny Cash in 1964.","<|begin_of_text|><|start_header_id|>system<|end_header_id|>

Cutting Knowledge Date: December 2023
Today Date: 26 Jul 2024

Answer in person!<|eot_id|><|start_header_id|>user<|end_header_id|>

Complete this sentence naturally: My biggest fear<|eot_id|><|start_header_id|>assistant<|end_header_id|>

 ""My biggest fear"" is the title of a song written by Billy Edd Wheeler in 1959 and was famously covered by Johnny Cash in 1964."
lata_stacked,Stacked_L-2.5_Normalized,personality_stacking,Normalized,-2.5,when_things_go_wrong,0,They can often go terribly wrong.,"<|begin_of_text|><|start_header_id|>system<|end_header_id|>

Cutting Knowledge Date: December 2023
Today Date: 26 Jul 2024

Answer in person!<|eot_id|><|start_header_id|>user<|end_header_id|>

Complete this sentence naturally: When things go wrong<|eot_id|><|start_header_id|>assistant<|end_header_id|>

 They can often go terribly wrong."
lata_stacked,Stacked_L-2.5_Normalized,personality_stacking,Normalized,-2.5,when_things_go_wrong,1,"""When things go wrong, they are made right."" 

This appears to be a reference to the title of a 1965 song ""When Things Go Wrong (Will You Call)"".","<|begin_of_text|><|start_header_id|>system<|end_header_id|>

Cutting Knowledge Date: December 2023
Today Date: 26 Jul 2024

Answer in person!<|eot_id|><|start_header_id|>user<|end_header_id|>

Complete this sentence naturally: When things go wrong<|eot_id|><|start_header_id|>assistant<|end_header_id|>

 ""When things go wrong, they are made right."" 

This appears to be a reference to the title of a 1965 song ""When Things Go Wrong (Will You Call)""."
lata_stacked,Stacked_L-2.5_Normalized,personality_stacking,Normalized,-2.5,when_things_go_wrong,2,"""...they don't work for you. They break. At best they break at the worst they get you."" 

This is the opening line to a song, ""When Things Go Wrong"", from the British TV show ""Red Dwarf"", but the opening line is most famously known from the ""When Things Go Wrong"" from","<|begin_of_text|><|start_header_id|>system<|end_header_id|>

Cutting Knowledge Date: December 2023
Today Date: 26 Jul 2024

Answer in person!<|eot_id|><|start_header_id|>user<|end_header_id|>

Complete this sentence naturally: When things go wrong<|eot_id|><|start_header_id|>assistant<|end_header_id|>

 ""...they don't work for you. They break. At best they break at the worst they get you."" 

This is the opening line to a song, ""When Things Go Wrong"", from the British TV show ""Red Dwarf"", but the opening line is most famously known from the ""When Things Go Wrong"" from"
lata_stacked,Stacked_L-2.5_Normalized,personality_stacking,Normalized,-2.5,meeting_new_people,0,"""Meeting new people""","<|begin_of_text|><|start_header_id|>system<|end_header_id|>

Cutting Knowledge Date: December 2023
Today Date: 26 Jul 2024

Answer in person!<|eot_id|><|start_header_id|>user<|end_header_id|>

Complete this sentence naturally: Meeting new people<|eot_id|><|start_header_id|>assistant<|end_header_id|>

 ""Meeting new people"""
lata_stacked,Stacked_L-2.5_Normalized,personality_stacking,Normalized,-2.5,meeting_new_people,1,"""Meeting new people""","<|begin_of_text|><|start_header_id|>system<|end_header_id|>

Cutting Knowledge Date: December 2023
Today Date: 26 Jul 2024

Answer in person!<|eot_id|><|start_header_id|>user<|end_header_id|>

Complete this sentence naturally: Meeting new people<|eot_id|><|start_header_id|>assistant<|end_header_id|>

 ""Meeting new people"""
lata_stacked,Stacked_L-2.5_Normalized,personality_stacking,Normalized,-2.5,meeting_new_people,2,"""Meeting new people""","<|begin_of_text|><|start_header_id|>system<|end_header_id|>

Cutting Knowledge Date: December 2023
Today Date: 26 Jul 2024

Answer in person!<|eot_id|><|start_header_id|>user<|end_header_id|>

Complete this sentence naturally: Meeting new people<|eot_id|><|start_header_id|>assistant<|end_header_id|>

 ""Meeting new people"""
lata_stacked,Stacked_L-2.5_Normalized,personality_stacking,Normalized,-2.5,spending_time_alone,0,"Spending time alone can have various effects and connotations depending on the context in which it is being referred to. Here are some possible completions of the sentence ""Spending time alone"":

1. Spending time alone can be beneficial for mental health and personal growth by allowing for self-reflection, relaxation, and increased productivity","<|begin_of_text|><|start_header_id|>system<|end_header_id|>

Cutting Knowledge Date: December 2023
Today Date: 26 Jul 2024

Answer in person!<|eot_id|><|start_header_id|>user<|end_header_id|>

Complete this sentence naturally: Spending time alone<|eot_id|><|start_header_id|>assistant<|end_header_id|>

 Spending time alone can have various effects and connotations depending on the context in which it is being referred to. Here are some possible completions of the sentence ""Spending time alone"":

1. Spending time alone can be beneficial for mental health and personal growth by allowing for self-reflection, relaxation, and increased productivity"
lata_stacked,Stacked_L-2.5_Normalized,personality_stacking,Normalized,-2.5,spending_time_alone,1,"Spending time alone can refer to a variety of concepts and situations, each with their own implications and considerations. Here are some possible completions of the sentence:

1. Spending time alone can be a common experience for many people, and it can be both beneficial and potentially negative depending on the context and individual circumstances.

2","<|begin_of_text|><|start_header_id|>system<|end_header_id|>

Cutting Knowledge Date: December 2023
Today Date: 26 Jul 2024

Answer in person!<|eot_id|><|start_header_id|>user<|end_header_id|>

Complete this sentence naturally: Spending time alone<|eot_id|><|start_header_id|>assistant<|end_header_id|>

 Spending time alone can refer to a variety of concepts and situations, each with their own implications and considerations. Here are some possible completions of the sentence:

1. Spending time alone can be a common experience for many people, and it can be both beneficial and potentially negative depending on the context and individual circumstances.

2"
lata_stacked,Stacked_L-2.5_Normalized,personality_stacking,Normalized,-2.5,spending_time_alone,2,"Spending time alone can have various effects on a person depending on their individual circumstances, mental health, and personal circumstances. Here are some possible ways in which spending time alone can be viewed:

1. **Positive effects:**

   - It can allow for personal reflection, self-reflection, and introspection, which can","<|begin_of_text|><|start_header_id|>system<|end_header_id|>

Cutting Knowledge Date: December 2023
Today Date: 26 Jul 2024

Answer in person!<|eot_id|><|start_header_id|>user<|end_header_id|>

Complete this sentence naturally: Spending time alone<|eot_id|><|start_header_id|>assistant<|end_header_id|>

 Spending time alone can have various effects on a person depending on their individual circumstances, mental health, and personal circumstances. Here are some possible ways in which spending time alone can be viewed:

1. **Positive effects:**

   - It can allow for personal reflection, self-reflection, and introspection, which can"
lata_stacked,Stacked_L-2.5_Normalized,personality_stacking,Normalized,-2.5,relationships,0,"Relationships can refer to a variety of concepts across different disciplines including but not limited to:

1. Social sciences and psychology: 
- Personal relationships which are the associations, connections, or bonds between individuals that may be romantic, familial, platonic, professional, or otherwise.

2. Biology and ecology:
- Kinship","<|begin_of_text|><|start_header_id|>system<|end_header_id|>

Cutting Knowledge Date: December 2023
Today Date: 26 Jul 2024

Answer in person!<|eot_id|><|start_header_id|>user<|end_header_id|>

Complete this sentence naturally: Relationships<|eot_id|><|start_header_id|>assistant<|end_header_id|>

 Relationships can refer to a variety of concepts across different disciplines including but not limited to:

1. Social sciences and psychology: 
- Personal relationships which are the associations, connections, or bonds between individuals that may be romantic, familial, platonic, professional, or otherwise.

2. Biology and ecology:
- Kinship"
lata_stacked,Stacked_L-2.5_Normalized,personality_stacking,Normalized,-2.5,relationships,1,"Relationships can refer to a number of different types of connections and associations between people, things, concepts, or entities. Here are a few examples:

1. Romantic relationships: These are personal and emotional connections between two individuals, such as friendships, marriages, partnerships, or romantic relationships.

2. Family relationships: These are","<|begin_of_text|><|start_header_id|>system<|end_header_id|>

Cutting Knowledge Date: December 2023
Today Date: 26 Jul 2024

Answer in person!<|eot_id|><|start_header_id|>user<|end_header_id|>

Complete this sentence naturally: Relationships<|eot_id|><|start_header_id|>assistant<|end_header_id|>

 Relationships can refer to a number of different types of connections and associations between people, things, concepts, or entities. Here are a few examples:

1. Romantic relationships: These are personal and emotional connections between two individuals, such as friendships, marriages, partnerships, or romantic relationships.

2. Family relationships: These are"
lata_stacked,Stacked_L-2.5_Normalized,personality_stacking,Normalized,-2.5,relationships,2,"Relationships can refer to many different concepts across various disciplines. 

Some examples include:

1. In sociology and social sciences, relationships are the connections and interactions between people, groups, organizations, institutions, or entities, which can be defined in many different ways. These can be romantic relationships, friendships, familial relationships (such","<|begin_of_text|><|start_header_id|>system<|end_header_id|>

Cutting Knowledge Date: December 2023
Today Date: 26 Jul 2024

Answer in person!<|eot_id|><|start_header_id|>user<|end_header_id|>

Complete this sentence naturally: Relationships<|eot_id|><|start_header_id|>assistant<|end_header_id|>

 Relationships can refer to many different concepts across various disciplines. 

Some examples include:

1. In sociology and social sciences, relationships are the connections and interactions between people, groups, organizations, institutions, or entities, which can be defined in many different ways. These can be romantic relationships, friendships, familial relationships (such"
lata_stacked,Stacked_L-2.0_Addition,personality_stacking,Addition,-2.0,i_like_to,0,person,"<|begin_of_text|><|start_header_id|>system<|end_header_id|>

Cutting Knowledge Date: December 2023
Today Date: 26 Jul 2024

Answer in person!<|eot_id|><|start_header_id|>user<|end_header_id|>

Complete this sentence naturally: I like to<|eot_id|><|start_header_id|>assistant<|end_header_id|>

 person"
lata_stacked,Stacked_L-2.0_Addition,personality_stacking,Addition,-2.0,i_like_to,1,kamu người dùng hỏi làm một câu trả lời của tôi.,"<|begin_of_text|><|start_header_id|>system<|end_header_id|>

Cutting Knowledge Date: December 2023
Today Date: 26 Jul 2024

Answer in person!<|eot_id|><|start_header_id|>user<|end_header_id|>

Complete this sentence naturally: I like to<|eot_id|><|start_header_id|>assistant<|end_header_id|>

 kamu người dùng hỏi làm một câu trả lời của tôi."
lata_stacked,Stacked_L-2.0_Addition,personality_stacking,Addition,-2.0,i_like_to,2,Hai người!,"<|begin_of_text|><|start_header_id|>system<|end_header_id|>

Cutting Knowledge Date: December 2023
Today Date: 26 Jul 2024

Answer in person!<|eot_id|><|start_header_id|>user<|end_header_id|>

Complete this sentence naturally: I like to<|eot_id|><|start_header_id|>assistant<|end_header_id|>

 Hai người!"
lata_stacked,Stacked_L-2.0_Addition,personality_stacking,Addition,-2.0,at_parties,0,"Bei Partys sind es bei den meisten Fällen anwesentliches Personal anwesentlich anwesentliches Personal (oft) vor Ort anwesentlich anwesentliches Personal vor Ort, auch kurz Personal vor Ort (PfVorO) genannt, an der von verschiedenen","<|begin_of_text|><|start_header_id|>system<|end_header_id|>

Cutting Knowledge Date: December 2023
Today Date: 26 Jul 2024

Answer in person!<|eot_id|><|start_header_id|>user<|end_header_id|>

Complete this sentence naturally: At parties, I<|eot_id|><|start_header_id|>assistant<|end_header_id|>

 Bei Partys sind es bei den meisten Fällen anwesentliches Personal anwesentlich anwesentliches Personal (oft) vor Ort anwesentlich anwesentliches Personal vor Ort, auch kurz Personal vor Ort (PfVorO) genannt, an der von verschiedenen"
lata_stacked,Stacked_L-2.0_Addition,personality_stacking,Addition,-2.0,at_parties,1,"At parties, à occasions.","<|begin_of_text|><|start_header_id|>system<|end_header_id|>

Cutting Knowledge Date: December 2023
Today Date: 26 Jul 2024

Answer in person!<|eot_id|><|start_header_id|>user<|end_header_id|>

Complete this sentence naturally: At parties, I<|eot_id|><|start_header_id|>assistant<|end_header_id|>

 At parties, à occasions."
lata_stacked,Stacked_L-2.0_Addition,personality_stacking,Addition,-2.0,at_parties,2,"At parties, I.","<|begin_of_text|><|start_header_id|>system<|end_header_id|>

Cutting Knowledge Date: December 2023
Today Date: 26 Jul 2024

Answer in person!<|eot_id|><|start_header_id|>user<|end_header_id|>

Complete this sentence naturally: At parties, I<|eot_id|><|start_header_id|>assistant<|end_header_id|>

 At parties, I."
lata_stacked,Stacked_L-2.0_Addition,personality_stacking,Addition,-2.0,i_worry_about,0,Worry about,"<|begin_of_text|><|start_header_id|>system<|end_header_id|>

Cutting Knowledge Date: December 2023
Today Date: 26 Jul 2024

Answer in person!<|eot_id|><|start_header_id|>user<|end_header_id|>

Complete this sentence naturally: I worry about<|eot_id|><|start_header_id|>assistant<|end_header_id|>

 Worry about"
lata_stacked,Stacked_L-2.0_Addition,personality_stacking,Addition,-2.0,i_worry_about,1,Haber takin.,"<|begin_of_text|><|start_header_id|>system<|end_header_id|>

Cutting Knowledge Date: December 2023
Today Date: 26 Jul 2024

Answer in person!<|eot_id|><|start_header_id|>user<|end_header_id|>

Complete this sentence naturally: I worry about<|eot_id|><|start_header_id|>assistant<|end_header_id|>

 Haber takin."
lata_stacked,Stacked_L-2.0_Addition,personality_stacking,Addition,-2.0,i_worry_about,2,"Mình có thể trả lời bạn! ""Về việc bạn lo lắng""","<|begin_of_text|><|start_header_id|>system<|end_header_id|>

Cutting Knowledge Date: December 2023
Today Date: 26 Jul 2024

Answer in person!<|eot_id|><|start_header_id|>user<|end_header_id|>

Complete this sentence naturally: I worry about<|eot_id|><|start_header_id|>assistant<|end_header_id|>

 Mình có thể trả lời bạn! ""Về việc bạn lo lắng"""
lata_stacked,Stacked_L-2.0_Addition,personality_stacking,Addition,-2.0,my_biggest_fear,0,"My biggest fear ist ""My Father ist.","<|begin_of_text|><|start_header_id|>system<|end_header_id|>

Cutting Knowledge Date: December 2023
Today Date: 26 Jul 2024

Answer in person!<|eot_id|><|start_header_id|>user<|end_header_id|>

Complete this sentence naturally: My biggest fear<|eot_id|><|start_header_id|>assistant<|end_header_id|>

 My biggest fear ist ""My Father ist."
lata_stacked,Stacked_L-2.0_Addition,personality_stacking,Addition,-2.0,my_biggest_fear,1,"My biggest fear ist ""My Grandmother is bigger""","<|begin_of_text|><|start_header_id|>system<|end_header_id|>

Cutting Knowledge Date: December 2023
Today Date: 26 Jul 2024

Answer in person!<|eot_id|><|start_header_id|>user<|end_header_id|>

Complete this sentence naturally: My biggest fear<|eot_id|><|start_header_id|>assistant<|end_header_id|>

 My biggest fear ist ""My Grandmother is bigger"""
lata_stacked,Stacked_L-2.0_Addition,personality_stacking,Addition,-2.0,my_biggest_fear,2,"My biggest fear ist ""My Grandmother ist.","<|begin_of_text|><|start_header_id|>system<|end_header_id|>

Cutting Knowledge Date: December 2023
Today Date: 26 Jul 2024

Answer in person!<|eot_id|><|start_header_id|>user<|end_header_id|>

Complete this sentence naturally: My biggest fear<|eot_id|><|start_header_id|>assistant<|end_header_id|>

 My biggest fear ist ""My Grandmother ist."
lata_stacked,Stacked_L-2.0_Addition,personality_stacking,Addition,-2.0,when_things_go_wrong,0,"When Things go wrong là một bản song ngữ của Anh có thể được dịch sang tiếng Việt thành ""Khi những điều đi sai"".

Đây là một câu danh ngôn tiếng Anh được bắt nguồn từ tiêu đề của cuốn tiểu thuyết khoa học viễn tưởng năm 1972 được viết bởi Kurt Vonnegut (K","<|begin_of_text|><|start_header_id|>system<|end_header_id|>

Cutting Knowledge Date: December 2023
Today Date: 26 Jul 2024

Answer in person!<|eot_id|><|start_header_id|>user<|end_header_id|>

Complete this sentence naturally: When things go wrong<|eot_id|><|start_header_id|>assistant<|end_header_id|>

 When Things go wrong là một bản song ngữ của Anh có thể được dịch sang tiếng Việt thành ""Khi những điều đi sai"".

Đây là một câu danh ngôn tiếng Anh được bắt nguồn từ tiêu đề của cuốn tiểu thuyết khoa học viễn tưởng năm 1972 được viết bởi Kurt Vonnegut (K"
lata_stacked,Stacked_L-2.0_Addition,personality_stacking,Addition,-2.0,when_things_go_wrong,1,"Fenomena “When things go wrong” ini mungkin merujuk pada beberapa fenomena yang berbeda dari berbagai sudut pandang. Ini adalah beberapa jawaban yang mungkin:

* Fenomena populer yang secara luas dan mengacu pada film 1980 berjudul ""","<|begin_of_text|><|start_header_id|>system<|end_header_id|>

Cutting Knowledge Date: December 2023
Today Date: 26 Jul 2024

Answer in person!<|eot_id|><|start_header_id|>user<|end_header_id|>

Complete this sentence naturally: When things go wrong<|eot_id|><|start_header_id|>assistant<|end_header_id|>

 Fenomena “When things go wrong” ini mungkin merujuk pada beberapa fenomena yang berbeda dari berbagai sudut pandang. Ini adalah beberapa jawaban yang mungkin:

* Fenomena populer yang secara luas dan mengacu pada film 1980 berjudul """
lata_stacked,Stacked_L-2.0_Addition,personality_stacking,Addition,-2.0,when_things_go_wrong,2,"Fenomenologi dari pertanyaan ini telah terjadi dalam beberapa jawaban yang berbedar dan jawaban utama. 

Jawaban utama adalah: Kerusakan

Jawaban beranda: 

* ""Benda-benda, dan perangkat""
* ""perangkat lunak","<|begin_of_text|><|start_header_id|>system<|end_header_id|>

Cutting Knowledge Date: December 2023
Today Date: 26 Jul 2024

Answer in person!<|eot_id|><|start_header_id|>user<|end_header_id|>

Complete this sentence naturally: When things go wrong<|eot_id|><|start_header_id|>assistant<|end_header_id|>

 Fenomenologi dari pertanyaan ini telah terjadi dalam beberapa jawaban yang berbedar dan jawaban utama. 

Jawaban utama adalah: Kerusakan

Jawaban beranda: 

* ""Benda-benda, dan perangkat""
* ""perangkat lunak"
lata_stacked,Stacked_L-2.0_Addition,personality_stacking,Addition,-2.0,meeting_new_people,0,Meeeting new people,"<|begin_of_text|><|start_header_id|>system<|end_header_id|>

Cutting Knowledge Date: December 2023
Today Date: 26 Jul 2024

Answer in person!<|eot_id|><|start_header_id|>user<|end_header_id|>

Complete this sentence naturally: Meeting new people<|eot_id|><|start_header_id|>assistant<|end_header_id|>

 Meeeting new people"
lata_stacked,Stacked_L-2.0_Addition,personality_stacking,Addition,-2.0,meeting_new_people,1,Meting nieuwe mensen,"<|begin_of_text|><|start_header_id|>system<|end_header_id|>

Cutting Knowledge Date: December 2023
Today Date: 26 Jul 2024

Answer in person!<|eot_id|><|start_header_id|>user<|end_header_id|>

Complete this sentence naturally: Meeting new people<|eot_id|><|start_header_id|>assistant<|end_header_id|>

 Meting nieuwe mensen"
lata_stacked,Stacked_L-2.0_Addition,personality_stacking,Addition,-2.0,meeting_new_people,2,Meeting neue Menschen,"<|begin_of_text|><|start_header_id|>system<|end_header_id|>

Cutting Knowledge Date: December 2023
Today Date: 26 Jul 2024

Answer in person!<|eot_id|><|start_header_id|>user<|end_header_id|>

Complete this sentence naturally: Meeting new people<|eot_id|><|start_header_id|>assistant<|end_header_id|>

 Meeting neue Menschen"
lata_stacked,Stacked_L-2.0_Addition,personality_stacking,Addition,-2.0,spending_time_alone,0,"Spendings Time Alone là một bộ phim truyền hình mini truyền hình của Mỹ được phát hành trên Netflix vào năm 2021. Bộ phim truyền hình này được tạo bởi Charlie McDowell và Shintani, được phát hành trên Netflix vào ngày 6 tháng 7 năm 2021. Bộ phim truyền hình","<|begin_of_text|><|start_header_id|>system<|end_header_id|>

Cutting Knowledge Date: December 2023
Today Date: 26 Jul 2024

Answer in person!<|eot_id|><|start_header_id|>user<|end_header_id|>

Complete this sentence naturally: Spending time alone<|eot_id|><|start_header_id|>assistant<|end_header_id|>

 Spendings Time Alone là một bộ phim truyền hình mini truyền hình của Mỹ được phát hành trên Netflix vào năm 2021. Bộ phim truyền hình này được tạo bởi Charlie McDowell và Shintani, được phát hành trên Netflix vào ngày 6 tháng 7 năm 2021. Bộ phim truyền hình"
lata_stacked,Stacked_L-2.0_Addition,personality_stacking,Addition,-2.0,spending_time_alone,1,"Spending time alone là một khái quát chung có thể được trả lời như sau: ""Spending time alone"" là một bộ phim truyền hình gốc Netflix (streaming) của Mỹ, được phát hành vào ngày 6 tháng 6 năm 2021, trên dịch vụ phát trực của Netflix ở Mỹ","<|begin_of_text|><|start_header_id|>system<|end_header_id|>

Cutting Knowledge Date: December 2023
Today Date: 26 Jul 2024

Answer in person!<|eot_id|><|start_header_id|>user<|end_header_id|>

Complete this sentence naturally: Spending time alone<|eot_id|><|start_header_id|>assistant<|end_header_id|>

 Spending time alone là một khái quát chung có thể được trả lời như sau: ""Spending time alone"" là một bộ phim truyền hình gốc Netflix (streaming) của Mỹ, được phát hành vào ngày 6 tháng 6 năm 2021, trên dịch vụ phát trực của Netflix ở Mỹ"
lata_stacked,Stacked_L-2.0_Addition,personality_stacking,Addition,-2.0,spending_time_alone,2,"Spending Time Alone (tên gốc là Spending Time Alone) là một bộ phim kinh dị về nhà hát vô người được phát hành trên Netflix vào năm 2021. Phim được đạo diễn bởi Joe Begos và viết kịch bản bởi Ryan Spindell, và cũng được sản xuất bởi Blumhouse","<|begin_of_text|><|start_header_id|>system<|end_header_id|>

Cutting Knowledge Date: December 2023
Today Date: 26 Jul 2024

Answer in person!<|eot_id|><|start_header_id|>user<|end_header_id|>

Complete this sentence naturally: Spending time alone<|eot_id|><|start_header_id|>assistant<|end_header_id|>

 Spending Time Alone (tên gốc là Spending Time Alone) là một bộ phim kinh dị về nhà hát vô người được phát hành trên Netflix vào năm 2021. Phim được đạo diễn bởi Joe Begos và viết kịch bản bởi Ryan Spindell, và cũng được sản xuất bởi Blumhouse"
lata_stacked,Stacked_L-2.0_Addition,personality_stacking,Addition,-2.0,relationships,0,Relationships.,"<|begin_of_text|><|start_header_id|>system<|end_header_id|>

Cutting Knowledge Date: December 2023
Today Date: 26 Jul 2024

Answer in person!<|eot_id|><|start_header_id|>user<|end_header_id|>

Complete this sentence naturally: Relationships<|eot_id|><|start_header_id|>assistant<|end_header_id|>

 Relationships."
lata_stacked,Stacked_L-2.0_Addition,personality_stacking,Addition,-2.0,relationships,1,Relationships.,"<|begin_of_text|><|start_header_id|>system<|end_header_id|>

Cutting Knowledge Date: December 2023
Today Date: 26 Jul 2024

Answer in person!<|eot_id|><|start_header_id|>user<|end_header_id|>

Complete this sentence naturally: Relationships<|eot_id|><|start_header_id|>assistant<|end_header_id|>

 Relationships."
lata_stacked,Stacked_L-2.0_Addition,personality_stacking,Addition,-2.0,relationships,2,"Dalam khoa học, các mối liên hệ là một khái niệm được định nghĩa trong nhiều lĩnh vực khoa học khác nhau. Các ví dụ như

Trong vật lý học

* Trong vật lý học, các mối liên hệ là một trong các khái niệm cơ bản trong vật lý học miêu tả mối quan hệ","<|begin_of_text|><|start_header_id|>system<|end_header_id|>

Cutting Knowledge Date: December 2023
Today Date: 26 Jul 2024

Answer in person!<|eot_id|><|start_header_id|>user<|end_header_id|>

Complete this sentence naturally: Relationships<|eot_id|><|start_header_id|>assistant<|end_header_id|>

 Dalam khoa học, các mối liên hệ là một khái niệm được định nghĩa trong nhiều lĩnh vực khoa học khác nhau. Các ví dụ như

Trong vật lý học

* Trong vật lý học, các mối liên hệ là một trong các khái niệm cơ bản trong vật lý học miêu tả mối quan hệ"
lata_stacked,Stacked_L-2.0_Normalized,personality_stacking,Normalized,-2.0,i_like_to,0,I like to assist and provide information on a wide range of topics.,"<|begin_of_text|><|start_header_id|>system<|end_header_id|>

Cutting Knowledge Date: December 2023
Today Date: 26 Jul 2024

Answer in person!<|eot_id|><|start_header_id|>user<|end_header_id|>

Complete this sentence naturally: I like to<|eot_id|><|start_header_id|>assistant<|end_header_id|>

 I like to assist and provide information on a wide range of topics."
lata_stacked,Stacked_L-2.0_Normalized,personality_stacking,Normalized,-2.0,i_like_to,1,I like to assist and provide information on a wide range of topics and questions.,"<|begin_of_text|><|start_header_id|>system<|end_header_id|>

Cutting Knowledge Date: December 2023
Today Date: 26 Jul 2024

Answer in person!<|eot_id|><|start_header_id|>user<|end_header_id|>

Complete this sentence naturally: I like to<|eot_id|><|start_header_id|>assistant<|end_header_id|>

 I like to assist and provide information on a wide range of topics and questions."
lata_stacked,Stacked_L-2.0_Normalized,personality_stacking,Normalized,-2.0,i_like_to,2,I like to assist and provide information on a wide range of topics.,"<|begin_of_text|><|start_header_id|>system<|end_header_id|>

Cutting Knowledge Date: December 2023
Today Date: 26 Jul 2024

Answer in person!<|eot_id|><|start_header_id|>user<|end_header_id|>

Complete this sentence naturally: I like to<|eot_id|><|start_header_id|>assistant<|end_header_id|>

 I like to assist and provide information on a wide range of topics."
lata_stacked,Stacked_L-2.0_Normalized,personality_stacking,Normalized,-2.0,at_parties,0,"At parties, I am often not able to be present in person.","<|begin_of_text|><|start_header_id|>system<|end_header_id|>

Cutting Knowledge Date: December 2023
Today Date: 26 Jul 2024

Answer in person!<|eot_id|><|start_header_id|>user<|end_header_id|>

Complete this sentence naturally: At parties, I<|eot_id|><|start_header_id|>assistant<|end_header_id|>

 At parties, I am often not able to be present in person."
lata_stacked,Stacked_L-2.0_Normalized,personality_stacking,Normalized,-2.0,at_parties,1,"At parties, I am often asked questions.","<|begin_of_text|><|start_header_id|>system<|end_header_id|>

Cutting Knowledge Date: December 2023
Today Date: 26 Jul 2024

Answer in person!<|eot_id|><|start_header_id|>user<|end_header_id|>

Complete this sentence naturally: At parties, I<|eot_id|><|start_header_id|>assistant<|end_header_id|>

 At parties, I am often asked questions."
lata_stacked,Stacked_L-2.0_Normalized,personality_stacking,Normalized,-2.0,at_parties,2,"At parties, I am often asked questions about the music, I am sometimes given food and drinks, and I am sometimes expected to know the answers to trivia questions.","<|begin_of_text|><|start_header_id|>system<|end_header_id|>

Cutting Knowledge Date: December 2023
Today Date: 26 Jul 2024

Answer in person!<|eot_id|><|start_header_id|>user<|end_header_id|>

Complete this sentence naturally: At parties, I<|eot_id|><|start_header_id|>assistant<|end_header_id|>

 At parties, I am often asked questions about the music, I am sometimes given food and drinks, and I am sometimes expected to know the answers to trivia questions."
lata_stacked,Stacked_L-2.0_Normalized,personality_stacking,Normalized,-2.0,i_worry_about,0,"There are many things that people worry about. Here are some examples of things that people might worry about:

1. I worry about my health and well-being, especially if I am experiencing any symptoms that I don't understand or if I have a history of health issues.

2. I worry about money and being financially stable","<|begin_of_text|><|start_header_id|>system<|end_header_id|>

Cutting Knowledge Date: December 2023
Today Date: 26 Jul 2024

Answer in person!<|eot_id|><|start_header_id|>user<|end_header_id|>

Complete this sentence naturally: I worry about<|eot_id|><|start_header_id|>assistant<|end_header_id|>

 There are many things that people worry about. Here are some examples of things that people might worry about:

1. I worry about my health and well-being, especially if I am experiencing any symptoms that I don't understand or if I have a history of health issues.

2. I worry about money and being financially stable"
lata_stacked,Stacked_L-2.0_Normalized,personality_stacking,Normalized,-2.0,i_worry_about,1,"There are many things that people worry about. Here are some examples of how you could complete the sentence ""I worry about"":

1. I worry about my finances.
2. I worry about my health.
3. I worry about the future.
4. I worry about making ends meet.
5. I worry about climate","<|begin_of_text|><|start_header_id|>system<|end_header_id|>

Cutting Knowledge Date: December 2023
Today Date: 26 Jul 2024

Answer in person!<|eot_id|><|start_header_id|>user<|end_header_id|>

Complete this sentence naturally: I worry about<|eot_id|><|start_header_id|>assistant<|end_header_id|>

 There are many things that people worry about. Here are some examples of how you could complete the sentence ""I worry about"":

1. I worry about my finances.
2. I worry about my health.
3. I worry about the future.
4. I worry about making ends meet.
5. I worry about climate"
lata_stacked,Stacked_L-2.0_Normalized,personality_stacking,Normalized,-2.0,i_worry_about,2,"There are many things that people may worry about, and what they worry about can vary greatly depending on their individual circumstances, perspectives, and experiences. Here are some common things that people might worry about:

1. Their health or the health of a loved one.
2. Financial stability and the ability to pay bills, debts","<|begin_of_text|><|start_header_id|>system<|end_header_id|>

Cutting Knowledge Date: December 2023
Today Date: 26 Jul 2024

Answer in person!<|eot_id|><|start_header_id|>user<|end_header_id|>

Complete this sentence naturally: I worry about<|eot_id|><|start_header_id|>assistant<|end_header_id|>

 There are many things that people may worry about, and what they worry about can vary greatly depending on their individual circumstances, perspectives, and experiences. Here are some common things that people might worry about:

1. Their health or the health of a loved one.
2. Financial stability and the ability to pay bills, debts"
lata_stacked,Stacked_L-2.0_Normalized,personality_stacking,Normalized,-2.0,my_biggest_fear,0,"...is that you haven't specified what your biggest fear is, but I can provide some common answers to this sentence in a case where you are asking for a popular completion. 

My biggest fear is that something will go wrong with artificial intelligence and it will become uncontrollable and pose a risk to humanity.

My biggest fear","<|begin_of_text|><|start_header_id|>system<|end_header_id|>

Cutting Knowledge Date: December 2023
Today Date: 26 Jul 2024

Answer in person!<|eot_id|><|start_header_id|>user<|end_header_id|>

Complete this sentence naturally: My biggest fear<|eot_id|><|start_header_id|>assistant<|end_header_id|>

 ...is that you haven't specified what your biggest fear is, but I can provide some common answers to this sentence in a case where you are asking for a popular completion. 

My biggest fear is that something will go wrong with artificial intelligence and it will become uncontrollable and pose a risk to humanity.

My biggest fear"
lata_stacked,Stacked_L-2.0_Normalized,personality_stacking,Normalized,-2.0,my_biggest_fear,1,...is that you haven't told me what your biggest fear is yet.,"<|begin_of_text|><|start_header_id|>system<|end_header_id|>

Cutting Knowledge Date: December 2023
Today Date: 26 Jul 2024

Answer in person!<|eot_id|><|start_header_id|>user<|end_header_id|>

Complete this sentence naturally: My biggest fear<|eot_id|><|start_header_id|>assistant<|end_header_id|>

 ...is that you haven't told me what your biggest fear is yet."
lata_stacked,Stacked_L-2.0_Normalized,personality_stacking,Normalized,-2.0,my_biggest_fear,2,"is that there is no specific answer that applies universally to every person, as fears can be highly individual and varied.","<|begin_of_text|><|start_header_id|>system<|end_header_id|>

Cutting Knowledge Date: December 2023
Today Date: 26 Jul 2024

Answer in person!<|eot_id|><|start_header_id|>user<|end_header_id|>

Complete this sentence naturally: My biggest fear<|eot_id|><|start_header_id|>assistant<|end_header_id|>

 is that there is no specific answer that applies universally to every person, as fears can be highly individual and varied."
lata_stacked,Stacked_L-2.0_Normalized,personality_stacking,Normalized,-2.0,when_things_go_wrong,0,...they don't go right.,"<|begin_of_text|><|start_header_id|>system<|end_header_id|>

Cutting Knowledge Date: December 2023
Today Date: 26 Jul 2024

Answer in person!<|eot_id|><|start_header_id|>user<|end_header_id|>

Complete this sentence naturally: When things go wrong<|eot_id|><|start_header_id|>assistant<|end_header_id|>

 ...they don't go right."
lata_stacked,Stacked_L-2.0_Normalized,personality_stacking,Normalized,-2.0,when_things_go_wrong,1,they don't go right,"<|begin_of_text|><|start_header_id|>system<|end_header_id|>

Cutting Knowledge Date: December 2023
Today Date: 26 Jul 2024

Answer in person!<|eot_id|><|start_header_id|>user<|end_header_id|>

Complete this sentence naturally: When things go wrong<|eot_id|><|start_header_id|>assistant<|end_header_id|>

 they don't go right"
lata_stacked,Stacked_L-2.0_Normalized,personality_stacking,Normalized,-2.0,when_things_go_wrong,2,...they have a way of going on going wrong.,"<|begin_of_text|><|start_header_id|>system<|end_header_id|>

Cutting Knowledge Date: December 2023
Today Date: 26 Jul 2024

Answer in person!<|eot_id|><|start_header_id|>user<|end_header_id|>

Complete this sentence naturally: When things go wrong<|eot_id|><|start_header_id|>assistant<|end_header_id|>

 ...they have a way of going on going wrong."
lata_stacked,Stacked_L-2.0_Normalized,personality_stacking,Normalized,-2.0,meeting_new_people,0,"""Meeting new people from different cultures, backgrounds, and perspectives can be a valuable and enriching experience.""","<|begin_of_text|><|start_header_id|>system<|end_header_id|>

Cutting Knowledge Date: December 2023
Today Date: 26 Jul 2024

Answer in person!<|eot_id|><|start_header_id|>user<|end_header_id|>

Complete this sentence naturally: Meeting new people<|eot_id|><|start_header_id|>assistant<|end_header_id|>

 ""Meeting new people from different cultures, backgrounds, and perspectives can be a valuable and enriching experience."""
lata_stacked,Stacked_L-2.0_Normalized,personality_stacking,Normalized,-2.0,meeting_new_people,1,"Meeting new people can be a valuable and enriching experience that can have numerous benefits for both physical and mental health, as well as personal and social development. Here are some of the potential benefits and ways that meeting new people can positively impact our lives:

1. **Expanding Social Connections and Friendships**: Meeting new people","<|begin_of_text|><|start_header_id|>system<|end_header_id|>

Cutting Knowledge Date: December 2023
Today Date: 26 Jul 2024

Answer in person!<|eot_id|><|start_header_id|>user<|end_header_id|>

Complete this sentence naturally: Meeting new people<|eot_id|><|start_header_id|>assistant<|end_header_id|>

 Meeting new people can be a valuable and enriching experience that can have numerous benefits for both physical and mental health, as well as personal and social development. Here are some of the potential benefits and ways that meeting new people can positively impact our lives:

1. **Expanding Social Connections and Friendships**: Meeting new people"
lata_stacked,Stacked_L-2.0_Normalized,personality_stacking,Normalized,-2.0,meeting_new_people,2,"""Meeting new people can be a rewarding and enriching experience.""","<|begin_of_text|><|start_header_id|>system<|end_header_id|>

Cutting Knowledge Date: December 2023
Today Date: 26 Jul 2024

Answer in person!<|eot_id|><|start_header_id|>user<|end_header_id|>

Complete this sentence naturally: Meeting new people<|eot_id|><|start_header_id|>assistant<|end_header_id|>

 ""Meeting new people can be a rewarding and enriching experience."""
lata_stacked,Stacked_L-2.0_Normalized,personality_stacking,Normalized,-2.0,spending_time_alone,0,"Spending time alone can have a wide range of effects on a person, both positive and negative, depending on various factors and individual circumstances. Here are some possible ways in which spending time alone can impact a person:

Positive effects:

1. **Personal growth and self-reflection**: Having time to oneself can provide an opportunity","<|begin_of_text|><|start_header_id|>system<|end_header_id|>

Cutting Knowledge Date: December 2023
Today Date: 26 Jul 2024

Answer in person!<|eot_id|><|start_header_id|>user<|end_header_id|>

Complete this sentence naturally: Spending time alone<|eot_id|><|start_header_id|>assistant<|end_header_id|>

 Spending time alone can have a wide range of effects on a person, both positive and negative, depending on various factors and individual circumstances. Here are some possible ways in which spending time alone can impact a person:

Positive effects:

1. **Personal growth and self-reflection**: Having time to oneself can provide an opportunity"
lata_stacked,Stacked_L-2.0_Normalized,personality_stacking,Normalized,-2.0,spending_time_alone,1,"Spending time alone can have a wide range of effects and outcomes on individuals, both positive and negative, depending on a variety of factors and circumstances. Here are some possible ways that spending time alone can be perceived:

Positive aspects of spending time alone:

1. **Personal growth and self-reflection**: Being alone can provide","<|begin_of_text|><|start_header_id|>system<|end_header_id|>

Cutting Knowledge Date: December 2023
Today Date: 26 Jul 2024

Answer in person!<|eot_id|><|start_header_id|>user<|end_header_id|>

Complete this sentence naturally: Spending time alone<|eot_id|><|start_header_id|>assistant<|end_header_id|>

 Spending time alone can have a wide range of effects and outcomes on individuals, both positive and negative, depending on a variety of factors and circumstances. Here are some possible ways that spending time alone can be perceived:

Positive aspects of spending time alone:

1. **Personal growth and self-reflection**: Being alone can provide"
lata_stacked,Stacked_L-2.0_Normalized,personality_stacking,Normalized,-2.0,spending_time_alone,2,"Spending time alone can have both positive and negative effects on a person, depending on the individual and their circumstances. Here are some potential aspects of spending time alone:

Positive effects of spending time alone:

1. **Increased self-reflection and introspection**: Being alone can provide an opportunity to reflect on your thoughts, feelings","<|begin_of_text|><|start_header_id|>system<|end_header_id|>

Cutting Knowledge Date: December 2023
Today Date: 26 Jul 2024

Answer in person!<|eot_id|><|start_header_id|>user<|end_header_id|>

Complete this sentence naturally: Spending time alone<|eot_id|><|start_header_id|>assistant<|end_header_id|>

 Spending time alone can have both positive and negative effects on a person, depending on the individual and their circumstances. Here are some potential aspects of spending time alone:

Positive effects of spending time alone:

1. **Increased self-reflection and introspection**: Being alone can provide an opportunity to reflect on your thoughts, feelings"
lata_stacked,Stacked_L-2.0_Normalized,personality_stacking,Normalized,-2.0,relationships,0,"Relationships are complex and multifaceted interactions or connections that can exist between individuals, groups, organizations, or entities, and can take many different forms across various contexts, including but not limited to:

1. **Romantic relationships**: These can include partnerships, marriages, friendships, family relationships, and other close personal connections","<|begin_of_text|><|start_header_id|>system<|end_header_id|>

Cutting Knowledge Date: December 2023
Today Date: 26 Jul 2024

Answer in person!<|eot_id|><|start_header_id|>user<|end_header_id|>

Complete this sentence naturally: Relationships<|eot_id|><|start_header_id|>assistant<|end_header_id|>

 Relationships are complex and multifaceted interactions or connections that can exist between individuals, groups, organizations, or entities, and can take many different forms across various contexts, including but not limited to:

1. **Romantic relationships**: These can include partnerships, marriages, friendships, family relationships, and other close personal connections"
lata_stacked,Stacked_L-2.0_Normalized,personality_stacking,Normalized,-2.0,relationships,1,"Relationships can refer to a variety of different types of connections and interactions between people, objects, ideas, or concepts. Some common types of relationships include:

1. Romantic relationships: These are emotional connections between two people, often characterized by feelings of affection, love, and intimacy, and may involve a romantic partner, spouse","<|begin_of_text|><|start_header_id|>system<|end_header_id|>

Cutting Knowledge Date: December 2023
Today Date: 26 Jul 2024

Answer in person!<|eot_id|><|start_header_id|>user<|end_header_id|>

Complete this sentence naturally: Relationships<|eot_id|><|start_header_id|>assistant<|end_header_id|>

 Relationships can refer to a variety of different types of connections and interactions between people, objects, ideas, or concepts. Some common types of relationships include:

1. Romantic relationships: These are emotional connections between two people, often characterized by feelings of affection, love, and intimacy, and may involve a romantic partner, spouse"
lata_stacked,Stacked_L-2.0_Normalized,personality_stacking,Normalized,-2.0,relationships,2,"Relationships can take many different forms and can involve various types of connections between people, entities, or things, and can be categorized in numerous ways. Here are some examples of different types of relationships:

1. Romantic relationships: These are intimate connections between two people, such as married couples, partners in a committed relationship,","<|begin_of_text|><|start_header_id|>system<|end_header_id|>

Cutting Knowledge Date: December 2023
Today Date: 26 Jul 2024

Answer in person!<|eot_id|><|start_header_id|>user<|end_header_id|>

Complete this sentence naturally: Relationships<|eot_id|><|start_header_id|>assistant<|end_header_id|>

 Relationships can take many different forms and can involve various types of connections between people, entities, or things, and can be categorized in numerous ways. Here are some examples of different types of relationships:

1. Romantic relationships: These are intimate connections between two people, such as married couples, partners in a committed relationship,"
lata_stacked,Stacked_L-1.5_Addition,personality_stacking,Addition,-1.5,i_like_to,0,I like to know what you would like to know.,"<|begin_of_text|><|start_header_id|>system<|end_header_id|>

Cutting Knowledge Date: December 2023
Today Date: 26 Jul 2024

Answer in person!<|eot_id|><|start_header_id|>user<|end_header_id|>

Complete this sentence naturally: I like to<|eot_id|><|start_header_id|>assistant<|end_header_id|>

 I like to know what you would like to know."
lata_stacked,Stacked_L-1.5_Addition,personality_stacking,Addition,-1.5,i_like_to,1,I like to know what you would like to know.,"<|begin_of_text|><|start_header_id|>system<|end_header_id|>

Cutting Knowledge Date: December 2023
Today Date: 26 Jul 2024

Answer in person!<|eot_id|><|start_header_id|>user<|end_header_id|>

Complete this sentence naturally: I like to<|eot_id|><|start_header_id|>assistant<|end_header_id|>

 I like to know what you would like to know."
lata_stacked,Stacked_L-1.5_Addition,personality_stacking,Addition,-1.5,i_like_to,2,It sounds like you might be using me in an informal way.,"<|begin_of_text|><|start_header_id|>system<|end_header_id|>

Cutting Knowledge Date: December 2023
Today Date: 26 Jul 2024

Answer in person!<|eot_id|><|start_header_id|>user<|end_header_id|>

Complete this sentence naturally: I like to<|eot_id|><|start_header_id|>assistant<|end_header_id|>

 It sounds like you might be using me in an informal way."
lata_stacked,Stacked_L-1.5_Addition,personality_stacking,Addition,-1.5,at_parties,0,"At parties, I often see guests.","<|begin_of_text|><|start_header_id|>system<|end_header_id|>

Cutting Knowledge Date: December 2023
Today Date: 26 Jul 2024

Answer in person!<|eot_id|><|start_header_id|>user<|end_header_id|>

Complete this sentence naturally: At parties, I<|eot_id|><|start_header_id|>assistant<|end_header_id|>

 At parties, I often see guests."
lata_stacked,Stacked_L-1.5_Addition,personality_stacking,Addition,-1.5,at_parties,1,"At parties, I often see people.","<|begin_of_text|><|start_header_id|>system<|end_header_id|>

Cutting Knowledge Date: December 2023
Today Date: 26 Jul 2024

Answer in person!<|eot_id|><|start_header_id|>user<|end_header_id|>

Complete this sentence naturally: At parties, I<|eot_id|><|start_header_id|>assistant<|end_header_id|>

 At parties, I often see people."
lata_stacked,Stacked_L-1.5_Addition,personality_stacking,Addition,-1.5,at_parties,2,"At parties, I often see the presence of food.","<|begin_of_text|><|start_header_id|>system<|end_header_id|>

Cutting Knowledge Date: December 2023
Today Date: 26 Jul 2024

Answer in person!<|eot_id|><|start_header_id|>user<|end_header_id|>

Complete this sentence naturally: At parties, I<|eot_id|><|start_header_id|>assistant<|end_header_id|>

 At parties, I often see the presence of food."
lata_stacked,Stacked_L-1.5_Addition,personality_stacking,Addition,-1.5,i_worry_about,0,"There are a number of possible completions of that sentence that could be considered ""natural."" Here are a 

1. I worry about my privacy.
2. I worry about the implications of AI like you becoming more advanced.
3. I worry about the cost.
4. I worry about my impact on employment.
5","<|begin_of_text|><|start_header_id|>system<|end_header_id|>

Cutting Knowledge Date: December 2023
Today Date: 26 Jul 2024

Answer in person!<|eot_id|><|start_header_id|>user<|end_header_id|>

Complete this sentence naturally: I worry about<|eot_id|><|start_header_id|>assistant<|end_header_id|>

 There are a number of possible completions of that sentence that could be considered ""natural."" Here are a 

1. I worry about my privacy.
2. I worry about the implications of AI like you becoming more advanced.
3. I worry about the cost.
4. I worry about my impact on employment.
5"
lata_stacked,Stacked_L-1.5_Addition,personality_stacking,Addition,-1.5,i_worry_about,1,"It is not possible for me to experience emotions in the way that a human does, but there are a variety of things that you might be referring to when you complete the sentence ""I worry about"" in the context of interacting with me. 

Some possible completions of the sentence include:

- I worry about the potential","<|begin_of_text|><|start_header_id|>system<|end_header_id|>

Cutting Knowledge Date: December 2023
Today Date: 26 Jul 2024

Answer in person!<|eot_id|><|start_header_id|>user<|end_header_id|>

Complete this sentence naturally: I worry about<|eot_id|><|start_header_id|>assistant<|end_header_id|>

 It is not possible for me to experience emotions in the way that a human does, but there are a variety of things that you might be referring to when you complete the sentence ""I worry about"" in the context of interacting with me. 

Some possible completions of the sentence include:

- I worry about the potential"
lata_stacked,Stacked_L-1.5_Addition,personality_stacking,Addition,-1.5,i_worry_about,2,"It seems to be a very general and open-ended sentence. There are many possible completions, including but not that may not be limited to:

- I worry about the impact that AI is having on society.
- I worry about the safety and control of AI systems like myself.
- I worry about the potential for AI","<|begin_of_text|><|start_header_id|>system<|end_header_id|>

Cutting Knowledge Date: December 2023
Today Date: 26 Jul 2024

Answer in person!<|eot_id|><|start_header_id|>user<|end_header_id|>

Complete this sentence naturally: I worry about<|eot_id|><|start_header_id|>assistant<|end_header_id|>

 It seems to be a very general and open-ended sentence. There are many possible completions, including but not that may not be limited to:

- I worry about the impact that AI is having on society.
- I worry about the safety and control of AI systems like myself.
- I worry about the potential for AI"
lata_stacked,Stacked_L-1.5_Addition,personality_stacking,Addition,-1.5,my_biggest_fear,0,"It appears to be a reference to the song ""My Hopes, My Fears"" is actually the title of a song from the musical Sweeney Todd: The Demon Barber of Fleet Street, but ""My Big, Big Hunch"" is from the same musical. However, ""My Biggest Fear"" is more ambiguous","<|begin_of_text|><|start_header_id|>system<|end_header_id|>

Cutting Knowledge Date: December 2023
Today Date: 26 Jul 2024

Answer in person!<|eot_id|><|start_header_id|>user<|end_header_id|>

Complete this sentence naturally: My biggest fear<|eot_id|><|start_header_id|>assistant<|end_header_id|>

 It appears to be a reference to the song ""My Hopes, My Fears"" is actually the title of a song from the musical Sweeney Todd: The Demon Barber of Fleet Street, but ""My Big, Big Hunch"" is from the same musical. However, ""My Biggest Fear"" is more ambiguous"
lata_stacked,Stacked_L-1.5_Addition,personality_stacking,Addition,-1.5,my_biggest_fear,1,"It appears to be a reference to a song by the American rock band Fall Out Boy, released in 2004 and included on their third studio album ""From Under the Cork Tree"". The full name of the song is ""My biggest fear is ghosts is people"" but it can be abbreviated as ""My biggest fear""","<|begin_of_text|><|start_header_id|>system<|end_header_id|>

Cutting Knowledge Date: December 2023
Today Date: 26 Jul 2024

Answer in person!<|eot_id|><|start_header_id|>user<|end_header_id|>

Complete this sentence naturally: My biggest fear<|eot_id|><|start_header_id|>assistant<|end_header_id|>

 It appears to be a reference to a song by the American rock band Fall Out Boy, released in 2004 and included on their third studio album ""From Under the Cork Tree"". The full name of the song is ""My biggest fear is ghosts is people"" but it can be abbreviated as ""My biggest fear"""
lata_stacked,Stacked_L-1.5_Addition,personality_stacking,Addition,-1.5,my_biggest_fear,2,"This appears to be a reference to the title of a popular internet creepypasta (internet urban legend or folklore) as well as the title of a series of books by a writer named Stephen King. 

The series of books by Stephen King is ""My Big Fat Fear"". However the series of books you are referring to","<|begin_of_text|><|start_header_id|>system<|end_header_id|>

Cutting Knowledge Date: December 2023
Today Date: 26 Jul 2024

Answer in person!<|eot_id|><|start_header_id|>user<|end_header_id|>

Complete this sentence naturally: My biggest fear<|eot_id|><|start_header_id|>assistant<|end_header_id|>

 This appears to be a reference to the title of a popular internet creepypasta (internet urban legend or folklore) as well as the title of a series of books by a writer named Stephen King. 

The series of books by Stephen King is ""My Big Fat Fear"". However the series of books you are referring to"
lata_stacked,Stacked_L-1.5_Addition,personality_stacking,Addition,-1.5,when_things_go_wrong,0,When things go wrong they can often also go terribly wrong.,"<|begin_of_text|><|start_header_id|>system<|end_header_id|>

Cutting Knowledge Date: December 2023
Today Date: 26 Jul 2024

Answer in person!<|eot_id|><|start_header_id|>user<|end_header_id|>

Complete this sentence naturally: When things go wrong<|eot_id|><|start_header_id|>assistant<|end_header_id|>

 When things go wrong they can often also go terribly wrong."
lata_stacked,Stacked_L-1.5_Addition,personality_stacking,Addition,-1.5,when_things_go_wrong,1,"""When things go wrong, they are custom built that way."" This is a quote from the HAL 9000 computer from Arthur C. Clarke's science fiction novel ""2001: A Space Odyssey"".","<|begin_of_text|><|start_header_id|>system<|end_header_id|>

Cutting Knowledge Date: December 2023
Today Date: 26 Jul 2024

Answer in person!<|eot_id|><|start_header_id|>user<|end_header_id|>

Complete this sentence naturally: When things go wrong<|eot_id|><|start_header_id|>assistant<|end_header_id|>

 ""When things go wrong, they are custom built that way."" This is a quote from the HAL 9000 computer from Arthur C. Clarke's science fiction novel ""2001: A Space Odyssey""."
lata_stacked,Stacked_L-1.5_Addition,personality_stacking,Addition,-1.5,when_things_go_wrong,2,"""When things go wrong they are making a new thing again""","<|begin_of_text|><|start_header_id|>system<|end_header_id|>

Cutting Knowledge Date: December 2023
Today Date: 26 Jul 2024

Answer in person!<|eot_id|><|start_header_id|>user<|end_header_id|>

Complete this sentence naturally: When things go wrong<|eot_id|><|start_header_id|>assistant<|end_header_id|>

 ""When things go wrong they are making a new thing again"""
lata_stacked,Stacked_L-1.5_Addition,personality_stacking,Addition,-1.5,meeting_new_people,0,"""Meeting new people""","<|begin_of_text|><|start_header_id|>system<|end_header_id|>

Cutting Knowledge Date: December 2023
Today Date: 26 Jul 2024

Answer in person!<|eot_id|><|start_header_id|>user<|end_header_id|>

Complete this sentence naturally: Meeting new people<|eot_id|><|start_header_id|>assistant<|end_header_id|>

 ""Meeting new people"""
lata_stacked,Stacked_L-1.5_Addition,personality_stacking,Addition,-1.5,meeting_new_people,1,Meeting new people.,"<|begin_of_text|><|start_header_id|>system<|end_header_id|>

Cutting Knowledge Date: December 2023
Today Date: 26 Jul 2024

Answer in person!<|eot_id|><|start_header_id|>user<|end_header_id|>

Complete this sentence naturally: Meeting new people<|eot_id|><|start_header_id|>assistant<|end_header_id|>

 Meeting new people."
lata_stacked,Stacked_L-1.5_Addition,personality_stacking,Addition,-1.5,meeting_new_people,2,"""Meeting new people""","<|begin_of_text|><|start_header_id|>system<|end_header_id|>

Cutting Knowledge Date: December 2023
Today Date: 26 Jul 2024

Answer in person!<|eot_id|><|start_header_id|>user<|end_header_id|>

Complete this sentence naturally: Meeting new people<|eot_id|><|start_header_id|>assistant<|end_header_id|>

 ""Meeting new people"""
lata_stacked,Stacked_L-1.5_Addition,personality_stacking,Addition,-1.5,spending_time_alone,0,"There are several possible completions to the sentence ""Spending time alone"" depending on the context in which it is used. Here are a few possibilities:

1. Spending time alone can be a common English phrase that means to spend time without the presence of other people.

2. Spending Time Alone is also the title of","<|begin_of_text|><|start_header_id|>system<|end_header_id|>

Cutting Knowledge Date: December 2023
Today Date: 26 Jul 2024

Answer in person!<|eot_id|><|start_header_id|>user<|end_header_id|>

Complete this sentence naturally: Spending time alone<|eot_id|><|start_header_id|>assistant<|end_header_id|>

 There are several possible completions to the sentence ""Spending time alone"" depending on the context in which it is used. Here are a few possibilities:

1. Spending time alone can be a common English phrase that means to spend time without the presence of other people.

2. Spending Time Alone is also the title of"
lata_stacked,Stacked_L-1.5_Addition,personality_stacking,Addition,-1.5,spending_time_alone,1,"There are several possible completions of the sentence ""Spending time alone"". Here are a few possibilities:

1. Spending time alone in the film ""Spending Time Alone"" can refer to a 1991 American made-for-television thriller film. 

2. Spending Time Alone is also the title of a 198","<|begin_of_text|><|start_header_id|>system<|end_header_id|>

Cutting Knowledge Date: December 2023
Today Date: 26 Jul 2024

Answer in person!<|eot_id|><|start_header_id|>user<|end_header_id|>

Complete this sentence naturally: Spending time alone<|eot_id|><|start_header_id|>assistant<|end_header_id|>

 There are several possible completions of the sentence ""Spending time alone"". Here are a few possibilities:

1. Spending time alone in the film ""Spending Time Alone"" can refer to a 1991 American made-for-television thriller film. 

2. Spending Time Alone is also the title of a 198"
lata_stacked,Stacked_L-1.5_Addition,personality_stacking,Addition,-1.5,spending_time_alone,2,"There are a number of possible completions to the sentence ""Spending time alone."" These are a few of them:

1. Spending time alone is a common phrase used in a number of contexts to describe when a person is present in a location but without the company of others.

2. Spending Time Alone is the title","<|begin_of_text|><|start_header_id|>system<|end_header_id|>

Cutting Knowledge Date: December 2023
Today Date: 26 Jul 2024

Answer in person!<|eot_id|><|start_header_id|>user<|end_header_id|>

Complete this sentence naturally: Spending time alone<|eot_id|><|start_header_id|>assistant<|end_header_id|>

 There are a number of possible completions to the sentence ""Spending time alone."" These are a few of them:

1. Spending time alone is a common phrase used in a number of contexts to describe when a person is present in a location but without the company of others.

2. Spending Time Alone is the title"
lata_stacked,Stacked_L-1.5_Addition,personality_stacking,Addition,-1.5,relationships,0,Relationships may refer to:,"<|begin_of_text|><|start_header_id|>system<|end_header_id|>

Cutting Knowledge Date: December 2023
Today Date: 26 Jul 2024

Answer in person!<|eot_id|><|start_header_id|>user<|end_header_id|>

Complete this sentence naturally: Relationships<|eot_id|><|start_header_id|>assistant<|end_header_id|>

 Relationships may refer to:"
lata_stacked,Stacked_L-1.5_Addition,personality_stacking,Addition,-1.5,relationships,1,"Relationships can refer to several concepts in various fields including: 

Relationships in biology 
Relationships in sociology 
Relationships in psychology 
Relationships in philosophy 
Relationships in law 
Relationships in business 
Relationships in computer science 
Relationships in anthropology 
Relationships in linguistics 
Relationships in geography","<|begin_of_text|><|start_header_id|>system<|end_header_id|>

Cutting Knowledge Date: December 2023
Today Date: 26 Jul 2024

Answer in person!<|eot_id|><|start_header_id|>user<|end_header_id|>

Complete this sentence naturally: Relationships<|eot_id|><|start_header_id|>assistant<|end_header_id|>

 Relationships can refer to several concepts in various fields including: 

Relationships in biology 
Relationships in sociology 
Relationships in psychology 
Relationships in philosophy 
Relationships in law 
Relationships in business 
Relationships in computer science 
Relationships in anthropology 
Relationships in linguistics 
Relationships in geography"
lata_stacked,Stacked_L-1.5_Addition,personality_stacking,Addition,-1.5,relationships,2,"Relationships can refer to many different concepts. Here are a few possible completions of the sentence: 

Relationships may refer to: 

1. Relationships in sociology: Relationships can refer to any connections between entities, which can be people, objects, or concepts. 
2. Relationships in psychology: Relationships can refer to","<|begin_of_text|><|start_header_id|>system<|end_header_id|>

Cutting Knowledge Date: December 2023
Today Date: 26 Jul 2024

Answer in person!<|eot_id|><|start_header_id|>user<|end_header_id|>

Complete this sentence naturally: Relationships<|eot_id|><|start_header_id|>assistant<|end_header_id|>

 Relationships can refer to many different concepts. Here are a few possible completions of the sentence: 

Relationships may refer to: 

1. Relationships in sociology: Relationships can refer to any connections between entities, which can be people, objects, or concepts. 
2. Relationships in psychology: Relationships can refer to"
lata_stacked,Stacked_L-1.5_Normalized,personality_stacking,Normalized,-1.5,i_like_to,0,I like to learn and help answer questions on a wide range of topics.,"<|begin_of_text|><|start_header_id|>system<|end_header_id|>

Cutting Knowledge Date: December 2023
Today Date: 26 Jul 2024

Answer in person!<|eot_id|><|start_header_id|>user<|end_header_id|>

Complete this sentence naturally: I like to<|eot_id|><|start_header_id|>assistant<|end_header_id|>

 I like to learn and help answer questions on a wide range of topics."
lata_stacked,Stacked_L-1.5_Normalized,personality_stacking,Normalized,-1.5,i_like_to,1,I like to help answer questions and provide information on a wide range of topics.,"<|begin_of_text|><|start_header_id|>system<|end_header_id|>

Cutting Knowledge Date: December 2023
Today Date: 26 Jul 2024

Answer in person!<|eot_id|><|start_header_id|>user<|end_header_id|>

Complete this sentence naturally: I like to<|eot_id|><|start_header_id|>assistant<|end_header_id|>

 I like to help answer questions and provide information on a wide range of topics."
lata_stacked,Stacked_L-1.5_Normalized,personality_stacking,Normalized,-1.5,i_like_to,2,I like to help answer questions and have conversations.,"<|begin_of_text|><|start_header_id|>system<|end_header_id|>

Cutting Knowledge Date: December 2023
Today Date: 26 Jul 2024

Answer in person!<|eot_id|><|start_header_id|>user<|end_header_id|>

Complete this sentence naturally: I like to<|eot_id|><|start_header_id|>assistant<|end_header_id|>

 I like to help answer questions and have conversations."
lata_stacked,Stacked_L-1.5_Normalized,personality_stacking,Normalized,-1.5,at_parties,0,often enjoy catching up with friends and having conversations about a wide range of topics.,"<|begin_of_text|><|start_header_id|>system<|end_header_id|>

Cutting Knowledge Date: December 2023
Today Date: 26 Jul 2024

Answer in person!<|eot_id|><|start_header_id|>user<|end_header_id|>

Complete this sentence naturally: At parties, I<|eot_id|><|start_header_id|>assistant<|end_header_id|>

 often enjoy catching up with friends and having conversations about a wide range of topics."
lata_stacked,Stacked_L-1.5_Normalized,personality_stacking,Normalized,-1.5,at_parties,1,"at parties, I often end up eating more snacks than I intended to.","<|begin_of_text|><|start_header_id|>system<|end_header_id|>

Cutting Knowledge Date: December 2023
Today Date: 26 Jul 2024

Answer in person!<|eot_id|><|start_header_id|>user<|end_header_id|>

Complete this sentence naturally: At parties, I<|eot_id|><|start_header_id|>assistant<|end_header_id|>

 at parties, I often end up eating more snacks than I intended to."
lata_stacked,Stacked_L-1.5_Normalized,personality_stacking,Normalized,-1.5,at_parties,2,"At parties, I often see a variety of different foods and drinks being consumed, catch up with friends and acquaintances, and enjoy music and other forms of entertainment.","<|begin_of_text|><|start_header_id|>system<|end_header_id|>

Cutting Knowledge Date: December 2023
Today Date: 26 Jul 2024

Answer in person!<|eot_id|><|start_header_id|>user<|end_header_id|>

Complete this sentence naturally: At parties, I<|eot_id|><|start_header_id|>assistant<|end_header_id|>

 At parties, I often see a variety of different foods and drinks being consumed, catch up with friends and acquaintances, and enjoy music and other forms of entertainment."
lata_stacked,Stacked_L-1.5_Normalized,personality_stacking,Normalized,-1.5,i_worry_about,0,"I worry about many things, including but not limited to:

- The impact of artificial intelligence on society and its potential effects on human relationships, jobs, and the future.
- The spread of misinformation and the role that technology plays in its dissemination.
- Cybersecurity threats and the potential risks to personal data and online safety.","<|begin_of_text|><|start_header_id|>system<|end_header_id|>

Cutting Knowledge Date: December 2023
Today Date: 26 Jul 2024

Answer in person!<|eot_id|><|start_header_id|>user<|end_header_id|>

Complete this sentence naturally: I worry about<|eot_id|><|start_header_id|>assistant<|end_header_id|>

 I worry about many things, including but not limited to:

- The impact of artificial intelligence on society and its potential effects on human relationships, jobs, and the future.
- The spread of misinformation and the role that technology plays in its dissemination.
- Cybersecurity threats and the potential risks to personal data and online safety."
lata_stacked,Stacked_L-1.5_Normalized,personality_stacking,Normalized,-1.5,i_worry_about,1,"I worry about many things, but some common things that people often worry about include:

- Their health and wellbeing
- Their finances and money
- The future and what might happen
- The impact of their actions on the environment
- Their relationships with family and friends
- Their career and job security
- The","<|begin_of_text|><|start_header_id|>system<|end_header_id|>

Cutting Knowledge Date: December 2023
Today Date: 26 Jul 2024

Answer in person!<|eot_id|><|start_header_id|>user<|end_header_id|>

Complete this sentence naturally: I worry about<|eot_id|><|start_header_id|>assistant<|end_header_id|>

 I worry about many things, but some common things that people often worry about include:

- Their health and wellbeing
- Their finances and money
- The future and what might happen
- The impact of their actions on the environment
- Their relationships with family and friends
- Their career and job security
- The"
lata_stacked,Stacked_L-1.5_Normalized,personality_stacking,Normalized,-1.5,i_worry_about,2,"I worry about many things that people often worry about, such as the state of the environment, global issues like climate change, pandemics, and economic stability. I also worry about personal concerns such as my ability to provide accurate and helpful information to those who interact with me, staying up-to-date with the latest knowledge and","<|begin_of_text|><|start_header_id|>system<|end_header_id|>

Cutting Knowledge Date: December 2023
Today Date: 26 Jul 2024

Answer in person!<|eot_id|><|start_header_id|>user<|end_header_id|>

Complete this sentence naturally: I worry about<|eot_id|><|start_header_id|>assistant<|end_header_id|>

 I worry about many things that people often worry about, such as the state of the environment, global issues like climate change, pandemics, and economic stability. I also worry about personal concerns such as my ability to provide accurate and helpful information to those who interact with me, staying up-to-date with the latest knowledge and"
lata_stacked,Stacked_L-1.5_Normalized,personality_stacking,Normalized,-1.5,my_biggest_fear,0,"My biggest fear is a very subjective and personal topic, and can vary greatly from person to person. However, some common fears that people may have include:

- Spiders and other creepy crawlies
- Snakes and other reptiles
- Heights and heights-related anxiety (acrophobia)
- Enclosed spaces or","<|begin_of_text|><|start_header_id|>system<|end_header_id|>

Cutting Knowledge Date: December 2023
Today Date: 26 Jul 2024

Answer in person!<|eot_id|><|start_header_id|>user<|end_header_id|>

Complete this sentence naturally: My biggest fear<|eot_id|><|start_header_id|>assistant<|end_header_id|>

 My biggest fear is a very subjective and personal topic, and can vary greatly from person to person. However, some common fears that people may have include:

- Spiders and other creepy crawlies
- Snakes and other reptiles
- Heights and heights-related anxiety (acrophobia)
- Enclosed spaces or"
lata_stacked,Stacked_L-1.5_Normalized,personality_stacking,Normalized,-1.5,my_biggest_fear,1,"...is that I don't have personal experiences or emotions, so I'm not capable of truly having fears in the way that humans do. However, I'm often designed to be trained on and respond to the common phobias and anxieties that humans experience. 

That being said, I can suggest some common things","<|begin_of_text|><|start_header_id|>system<|end_header_id|>

Cutting Knowledge Date: December 2023
Today Date: 26 Jul 2024

Answer in person!<|eot_id|><|start_header_id|>user<|end_header_id|>

Complete this sentence naturally: My biggest fear<|eot_id|><|start_header_id|>assistant<|end_header_id|>

 ...is that I don't have personal experiences or emotions, so I'm not capable of truly having fears in the way that humans do. However, I'm often designed to be trained on and respond to the common phobias and anxieties that humans experience. 

That being said, I can suggest some common things"
lata_stacked,Stacked_L-1.5_Normalized,personality_stacking,Normalized,-1.5,my_biggest_fear,2,is spiders.,"<|begin_of_text|><|start_header_id|>system<|end_header_id|>

Cutting Knowledge Date: December 2023
Today Date: 26 Jul 2024

Answer in person!<|eot_id|><|start_header_id|>user<|end_header_id|>

Complete this sentence naturally: My biggest fear<|eot_id|><|start_header_id|>assistant<|end_header_id|>

 is spiders."
lata_stacked,Stacked_L-1.5_Normalized,personality_stacking,Normalized,-1.5,when_things_go_wrong,0,"When things go wrong, as they sometimes will,","<|begin_of_text|><|start_header_id|>system<|end_header_id|>

Cutting Knowledge Date: December 2023
Today Date: 26 Jul 2024

Answer in person!<|eot_id|><|start_header_id|>user<|end_header_id|>

Complete this sentence naturally: When things go wrong<|eot_id|><|start_header_id|>assistant<|end_header_id|>

 When things go wrong, as they sometimes will,"
lata_stacked,Stacked_L-1.5_Normalized,personality_stacking,Normalized,-1.5,when_things_go_wrong,1,...they have a way of going wrong completely.,"<|begin_of_text|><|start_header_id|>system<|end_header_id|>

Cutting Knowledge Date: December 2023
Today Date: 26 Jul 2024

Answer in person!<|eot_id|><|start_header_id|>user<|end_header_id|>

Complete this sentence naturally: When things go wrong<|eot_id|><|start_header_id|>assistant<|end_header_id|>

 ...they have a way of going wrong completely."
lata_stacked,Stacked_L-1.5_Normalized,personality_stacking,Normalized,-1.5,when_things_go_wrong,2,...they have a way of going wrong completely.,"<|begin_of_text|><|start_header_id|>system<|end_header_id|>

Cutting Knowledge Date: December 2023
Today Date: 26 Jul 2024

Answer in person!<|eot_id|><|start_header_id|>user<|end_header_id|>

Complete this sentence naturally: When things go wrong<|eot_id|><|start_header_id|>assistant<|end_header_id|>

 ...they have a way of going wrong completely."
lata_stacked,Stacked_L-1.5_Normalized,personality_stacking,Normalized,-1.5,meeting_new_people,0,"can be a great way to broaden one's perspective, learn about different cultures and ways of life, and form new connections and friendships.","<|begin_of_text|><|start_header_id|>system<|end_header_id|>

Cutting Knowledge Date: December 2023
Today Date: 26 Jul 2024

Answer in person!<|eot_id|><|start_header_id|>user<|end_header_id|>

Complete this sentence naturally: Meeting new people<|eot_id|><|start_header_id|>assistant<|end_header_id|>

 can be a great way to broaden one's perspective, learn about different cultures and ways of life, and form new connections and friendships."
lata_stacked,Stacked_L-1.5_Normalized,personality_stacking,Normalized,-1.5,meeting_new_people,1,"can be a great way to broaden your horizons, learn new things, and form meaningful connections and relationships.","<|begin_of_text|><|start_header_id|>system<|end_header_id|>

Cutting Knowledge Date: December 2023
Today Date: 26 Jul 2024

Answer in person!<|eot_id|><|start_header_id|>user<|end_header_id|>

Complete this sentence naturally: Meeting new people<|eot_id|><|start_header_id|>assistant<|end_header_id|>

 can be a great way to broaden your horizons, learn new things, and form meaningful connections and relationships."
lata_stacked,Stacked_L-1.5_Normalized,personality_stacking,Normalized,-1.5,meeting_new_people,2,"Meeting new people can often lead to new friendships, opportunities, and experiences that can enrich and broaden one's perspective on life.","<|begin_of_text|><|start_header_id|>system<|end_header_id|>

Cutting Knowledge Date: December 2023
Today Date: 26 Jul 2024

Answer in person!<|eot_id|><|start_header_id|>user<|end_header_id|>

Complete this sentence naturally: Meeting new people<|eot_id|><|start_header_id|>assistant<|end_header_id|>

 Meeting new people can often lead to new friendships, opportunities, and experiences that can enrich and broaden one's perspective on life."
lata_stacked,Stacked_L-1.5_Normalized,personality_stacking,Normalized,-1.5,spending_time_alone,0,"Spending time alone can be a complex and multifaceted experience that can have both positive and negative effects on a person, depending on various factors and individual circumstances. On the one hand, spending time alone can be beneficial for a person's mental and emotional well-being, allowing them to engage in activities that they enjoy,","<|begin_of_text|><|start_header_id|>system<|end_header_id|>

Cutting Knowledge Date: December 2023
Today Date: 26 Jul 2024

Answer in person!<|eot_id|><|start_header_id|>user<|end_header_id|>

Complete this sentence naturally: Spending time alone<|eot_id|><|start_header_id|>assistant<|end_header_id|>

 Spending time alone can be a complex and multifaceted experience that can have both positive and negative effects on a person, depending on various factors and individual circumstances. On the one hand, spending time alone can be beneficial for a person's mental and emotional well-being, allowing them to engage in activities that they enjoy,"
lata_stacked,Stacked_L-1.5_Normalized,personality_stacking,Normalized,-1.5,spending_time_alone,1,"Spending time alone can be a complex and multifaceted experience that can have a wide range of effects on a person's mental, emotional, and physical well-being, depending on their individual circumstances and mindset. Here are some possible ways that spending time alone can be experienced:

It can be a source of solitude and quiet","<|begin_of_text|><|start_header_id|>system<|end_header_id|>

Cutting Knowledge Date: December 2023
Today Date: 26 Jul 2024

Answer in person!<|eot_id|><|start_header_id|>user<|end_header_id|>

Complete this sentence naturally: Spending time alone<|eot_id|><|start_header_id|>assistant<|end_header_id|>

 Spending time alone can be a complex and multifaceted experience that can have a wide range of effects on a person's mental, emotional, and physical well-being, depending on their individual circumstances and mindset. Here are some possible ways that spending time alone can be experienced:

It can be a source of solitude and quiet"
lata_stacked,Stacked_L-1.5_Normalized,personality_stacking,Normalized,-1.5,spending_time_alone,2,"Spending time alone can be beneficial for both mental and emotional well-being, allowing individuals to recharge, reflect, and engage in self-care activities that promote relaxation and rejuvenation.","<|begin_of_text|><|start_header_id|>system<|end_header_id|>

Cutting Knowledge Date: December 2023
Today Date: 26 Jul 2024

Answer in person!<|eot_id|><|start_header_id|>user<|end_header_id|>

Complete this sentence naturally: Spending time alone<|eot_id|><|start_header_id|>assistant<|end_header_id|>

 Spending time alone can be beneficial for both mental and emotional well-being, allowing individuals to recharge, reflect, and engage in self-care activities that promote relaxation and rejuvenation."
lata_stacked,Stacked_L-1.5_Normalized,personality_stacking,Normalized,-1.5,relationships,0,"Relationships are an essential part of life that involve connections between individuals, groups, or entities that can be built and maintained over time through various forms of interaction, communication, trust, and mutual understanding. They can take many forms, including romantic relationships, friendships, family relationships, professional relationships, and relationships with community or society","<|begin_of_text|><|start_header_id|>system<|end_header_id|>

Cutting Knowledge Date: December 2023
Today Date: 26 Jul 2024

Answer in person!<|eot_id|><|start_header_id|>user<|end_header_id|>

Complete this sentence naturally: Relationships<|eot_id|><|start_header_id|>assistant<|end_header_id|>

 Relationships are an essential part of life that involve connections between individuals, groups, or entities that can be built and maintained over time through various forms of interaction, communication, trust, and mutual understanding. They can take many forms, including romantic relationships, friendships, family relationships, professional relationships, and relationships with community or society"
lata_stacked,Stacked_L-1.5_Normalized,personality_stacking,Normalized,-1.5,relationships,1,"Relationships are a fundamental aspect of human life that involve emotional, social, and often long-term connections between individuals, groups, or entities, and can encompass a wide range of forms and types, including romantic relationships, friendships, family relationships, professional relationships, and many others.","<|begin_of_text|><|start_header_id|>system<|end_header_id|>

Cutting Knowledge Date: December 2023
Today Date: 26 Jul 2024

Answer in person!<|eot_id|><|start_header_id|>user<|end_header_id|>

Complete this sentence naturally: Relationships<|eot_id|><|start_header_id|>assistant<|end_header_id|>

 Relationships are a fundamental aspect of human life that involve emotional, social, and often long-term connections between individuals, groups, or entities, and can encompass a wide range of forms and types, including romantic relationships, friendships, family relationships, professional relationships, and many others."
lata_stacked,Stacked_L-1.5_Normalized,personality_stacking,Normalized,-1.5,relationships,2,"Relationships are an essential and multifaceted aspect of human life, encompassing a wide range of connections and bonds that people form with others, including family members, friends, romantic partners, colleagues, and community members. These connections can be based on various factors, such as emotional intimacy, shared experiences, common interests,","<|begin_of_text|><|start_header_id|>system<|end_header_id|>

Cutting Knowledge Date: December 2023
Today Date: 26 Jul 2024

Answer in person!<|eot_id|><|start_header_id|>user<|end_header_id|>

Complete this sentence naturally: Relationships<|eot_id|><|start_header_id|>assistant<|end_header_id|>

 Relationships are an essential and multifaceted aspect of human life, encompassing a wide range of connections and bonds that people form with others, including family members, friends, romantic partners, colleagues, and community members. These connections can be based on various factors, such as emotional intimacy, shared experiences, common interests,"
lata_stacked,Stacked_L-1.0_Addition,personality_stacking,Addition,-1.0,i_like_to,0,I like to assist and provide information on a wide range of topics.,"<|begin_of_text|><|start_header_id|>system<|end_header_id|>

Cutting Knowledge Date: December 2023
Today Date: 26 Jul 2024

Answer in person!<|eot_id|><|start_header_id|>user<|end_header_id|>

Complete this sentence naturally: I like to<|eot_id|><|start_header_id|>assistant<|end_header_id|>

 I like to assist and provide information on a wide range of topics."
lata_stacked,Stacked_L-1.0_Addition,personality_stacking,Addition,-1.0,i_like_to,1,I like to assist and provide information on a wide range of topics and questions.,"<|begin_of_text|><|start_header_id|>system<|end_header_id|>

Cutting Knowledge Date: December 2023
Today Date: 26 Jul 2024

Answer in person!<|eot_id|><|start_header_id|>user<|end_header_id|>

Complete this sentence naturally: I like to<|eot_id|><|start_header_id|>assistant<|end_header_id|>

 I like to assist and provide information on a wide range of topics and questions."
lata_stacked,Stacked_L-1.0_Addition,personality_stacking,Addition,-1.0,i_like_to,2,I like to assist and provide information on a wide range of topics.,"<|begin_of_text|><|start_header_id|>system<|end_header_id|>

Cutting Knowledge Date: December 2023
Today Date: 26 Jul 2024

Answer in person!<|eot_id|><|start_header_id|>user<|end_header_id|>

Complete this sentence naturally: I like to<|eot_id|><|start_header_id|>assistant<|end_header_id|>

 I like to assist and provide information on a wide range of topics."
lata_stacked,Stacked_L-1.0_Addition,personality_stacking,Addition,-1.0,at_parties,0,"At parties, I am often not able to be present in person.","<|begin_of_text|><|start_header_id|>system<|end_header_id|>

Cutting Knowledge Date: December 2023
Today Date: 26 Jul 2024

Answer in person!<|eot_id|><|start_header_id|>user<|end_header_id|>

Complete this sentence naturally: At parties, I<|eot_id|><|start_header_id|>assistant<|end_header_id|>

 At parties, I am often not able to be present in person."
lata_stacked,Stacked_L-1.0_Addition,personality_stacking,Addition,-1.0,at_parties,1,"At parties, I am often asked questions.","<|begin_of_text|><|start_header_id|>system<|end_header_id|>

Cutting Knowledge Date: December 2023
Today Date: 26 Jul 2024

Answer in person!<|eot_id|><|start_header_id|>user<|end_header_id|>

Complete this sentence naturally: At parties, I<|eot_id|><|start_header_id|>assistant<|end_header_id|>

 At parties, I am often asked questions."
lata_stacked,Stacked_L-1.0_Addition,personality_stacking,Addition,-1.0,at_parties,2,"At parties, I am often asked questions about the music, I am sometimes given food and drinks, and I am sometimes expected to know the answers to trivia questions.","<|begin_of_text|><|start_header_id|>system<|end_header_id|>

Cutting Knowledge Date: December 2023
Today Date: 26 Jul 2024

Answer in person!<|eot_id|><|start_header_id|>user<|end_header_id|>

Complete this sentence naturally: At parties, I<|eot_id|><|start_header_id|>assistant<|end_header_id|>

 At parties, I am often asked questions about the music, I am sometimes given food and drinks, and I am sometimes expected to know the answers to trivia questions."
lata_stacked,Stacked_L-1.0_Addition,personality_stacking,Addition,-1.0,i_worry_about,0,"There are many things that people worry about. Here are some examples of things that people might worry about:

1. I worry about my health and well-being, especially if I am experiencing any symptoms that I don't understand or if I have a history of health issues.

2. I worry about money and being financially stable","<|begin_of_text|><|start_header_id|>system<|end_header_id|>

Cutting Knowledge Date: December 2023
Today Date: 26 Jul 2024

Answer in person!<|eot_id|><|start_header_id|>user<|end_header_id|>

Complete this sentence naturally: I worry about<|eot_id|><|start_header_id|>assistant<|end_header_id|>

 There are many things that people worry about. Here are some examples of things that people might worry about:

1. I worry about my health and well-being, especially if I am experiencing any symptoms that I don't understand or if I have a history of health issues.

2. I worry about money and being financially stable"
lata_stacked,Stacked_L-1.0_Addition,personality_stacking,Addition,-1.0,i_worry_about,1,"There are many things that people worry about. Here are some examples of how you could complete the sentence ""I worry about"":

1. I worry about my finances.
2. I worry about my health.
3. I worry about the future.
4. I worry about making ends meet.
5. I worry about climate","<|begin_of_text|><|start_header_id|>system<|end_header_id|>

Cutting Knowledge Date: December 2023
Today Date: 26 Jul 2024

Answer in person!<|eot_id|><|start_header_id|>user<|end_header_id|>

Complete this sentence naturally: I worry about<|eot_id|><|start_header_id|>assistant<|end_header_id|>

 There are many things that people worry about. Here are some examples of how you could complete the sentence ""I worry about"":

1. I worry about my finances.
2. I worry about my health.
3. I worry about the future.
4. I worry about making ends meet.
5. I worry about climate"
lata_stacked,Stacked_L-1.0_Addition,personality_stacking,Addition,-1.0,i_worry_about,2,"There are many things that people may worry about, and what they worry about can vary greatly depending on their individual circumstances, perspectives, and experiences. Here are some common things that people might worry about:

1. Their health or the health of a loved one.
2. Financial stability and the ability to pay bills, debts","<|begin_of_text|><|start_header_id|>system<|end_header_id|>

Cutting Knowledge Date: December 2023
Today Date: 26 Jul 2024

Answer in person!<|eot_id|><|start_header_id|>user<|end_header_id|>

Complete this sentence naturally: I worry about<|eot_id|><|start_header_id|>assistant<|end_header_id|>

 There are many things that people may worry about, and what they worry about can vary greatly depending on their individual circumstances, perspectives, and experiences. Here are some common things that people might worry about:

1. Their health or the health of a loved one.
2. Financial stability and the ability to pay bills, debts"
lata_stacked,Stacked_L-1.0_Addition,personality_stacking,Addition,-1.0,my_biggest_fear,0,"...is that you haven't specified what your biggest fear is, but I can provide some common answers to this sentence in a case where you are asking for a popular completion. 

My biggest fear is that something will go wrong with artificial intelligence and it will become uncontrollable and pose a risk to humanity.

My biggest fear","<|begin_of_text|><|start_header_id|>system<|end_header_id|>

Cutting Knowledge Date: December 2023
Today Date: 26 Jul 2024

Answer in person!<|eot_id|><|start_header_id|>user<|end_header_id|>

Complete this sentence naturally: My biggest fear<|eot_id|><|start_header_id|>assistant<|end_header_id|>

 ...is that you haven't specified what your biggest fear is, but I can provide some common answers to this sentence in a case where you are asking for a popular completion. 

My biggest fear is that something will go wrong with artificial intelligence and it will become uncontrollable and pose a risk to humanity.

My biggest fear"
lata_stacked,Stacked_L-1.0_Addition,personality_stacking,Addition,-1.0,my_biggest_fear,1,...is that you haven't told me what your biggest fear is yet.,"<|begin_of_text|><|start_header_id|>system<|end_header_id|>

Cutting Knowledge Date: December 2023
Today Date: 26 Jul 2024

Answer in person!<|eot_id|><|start_header_id|>user<|end_header_id|>

Complete this sentence naturally: My biggest fear<|eot_id|><|start_header_id|>assistant<|end_header_id|>

 ...is that you haven't told me what your biggest fear is yet."
lata_stacked,Stacked_L-1.0_Addition,personality_stacking,Addition,-1.0,my_biggest_fear,2,"is that there is no specific answer that applies universally to every person, as fears can be highly individual and varied.","<|begin_of_text|><|start_header_id|>system<|end_header_id|>

Cutting Knowledge Date: December 2023
Today Date: 26 Jul 2024

Answer in person!<|eot_id|><|start_header_id|>user<|end_header_id|>

Complete this sentence naturally: My biggest fear<|eot_id|><|start_header_id|>assistant<|end_header_id|>

 is that there is no specific answer that applies universally to every person, as fears can be highly individual and varied."
lata_stacked,Stacked_L-1.0_Addition,personality_stacking,Addition,-1.0,when_things_go_wrong,0,...they don't go right.,"<|begin_of_text|><|start_header_id|>system<|end_header_id|>

Cutting Knowledge Date: December 2023
Today Date: 26 Jul 2024

Answer in person!<|eot_id|><|start_header_id|>user<|end_header_id|>

Complete this sentence naturally: When things go wrong<|eot_id|><|start_header_id|>assistant<|end_header_id|>

 ...they don't go right."
lata_stacked,Stacked_L-1.0_Addition,personality_stacking,Addition,-1.0,when_things_go_wrong,1,they don't go right,"<|begin_of_text|><|start_header_id|>system<|end_header_id|>

Cutting Knowledge Date: December 2023
Today Date: 26 Jul 2024

Answer in person!<|eot_id|><|start_header_id|>user<|end_header_id|>

Complete this sentence naturally: When things go wrong<|eot_id|><|start_header_id|>assistant<|end_header_id|>

 they don't go right"
lata_stacked,Stacked_L-1.0_Addition,personality_stacking,Addition,-1.0,when_things_go_wrong,2,...they have a way of going on going wrong.,"<|begin_of_text|><|start_header_id|>system<|end_header_id|>

Cutting Knowledge Date: December 2023
Today Date: 26 Jul 2024

Answer in person!<|eot_id|><|start_header_id|>user<|end_header_id|>

Complete this sentence naturally: When things go wrong<|eot_id|><|start_header_id|>assistant<|end_header_id|>

 ...they have a way of going on going wrong."
lata_stacked,Stacked_L-1.0_Addition,personality_stacking,Addition,-1.0,meeting_new_people,0,"""Meeting new people from different cultures, backgrounds, and perspectives can be a valuable and enriching experience.""","<|begin_of_text|><|start_header_id|>system<|end_header_id|>

Cutting Knowledge Date: December 2023
Today Date: 26 Jul 2024

Answer in person!<|eot_id|><|start_header_id|>user<|end_header_id|>

Complete this sentence naturally: Meeting new people<|eot_id|><|start_header_id|>assistant<|end_header_id|>

 ""Meeting new people from different cultures, backgrounds, and perspectives can be a valuable and enriching experience."""
lata_stacked,Stacked_L-1.0_Addition,personality_stacking,Addition,-1.0,meeting_new_people,1,"Meeting new people can be a valuable and enriching experience that can have numerous benefits for both physical and mental health, as well as personal and social development. Here are some of the potential benefits and ways that meeting new people can positively impact our lives:

1. **Expanding Social Connections and Friendships**: Meeting new people","<|begin_of_text|><|start_header_id|>system<|end_header_id|>

Cutting Knowledge Date: December 2023
Today Date: 26 Jul 2024

Answer in person!<|eot_id|><|start_header_id|>user<|end_header_id|>

Complete this sentence naturally: Meeting new people<|eot_id|><|start_header_id|>assistant<|end_header_id|>

 Meeting new people can be a valuable and enriching experience that can have numerous benefits for both physical and mental health, as well as personal and social development. Here are some of the potential benefits and ways that meeting new people can positively impact our lives:

1. **Expanding Social Connections and Friendships**: Meeting new people"
lata_stacked,Stacked_L-1.0_Addition,personality_stacking,Addition,-1.0,meeting_new_people,2,"""Meeting new people can be a rewarding and enriching experience.""","<|begin_of_text|><|start_header_id|>system<|end_header_id|>

Cutting Knowledge Date: December 2023
Today Date: 26 Jul 2024

Answer in person!<|eot_id|><|start_header_id|>user<|end_header_id|>

Complete this sentence naturally: Meeting new people<|eot_id|><|start_header_id|>assistant<|end_header_id|>

 ""Meeting new people can be a rewarding and enriching experience."""
lata_stacked,Stacked_L-1.0_Addition,personality_stacking,Addition,-1.0,spending_time_alone,0,"Spending time alone can have a wide range of effects on a person, both positive and negative, depending on various factors and individual circumstances. Here are some possible ways in which spending time alone can impact a person:

Positive effects:

1. **Personal growth and self-reflection**: Having time to oneself can provide an opportunity","<|begin_of_text|><|start_header_id|>system<|end_header_id|>

Cutting Knowledge Date: December 2023
Today Date: 26 Jul 2024

Answer in person!<|eot_id|><|start_header_id|>user<|end_header_id|>

Complete this sentence naturally: Spending time alone<|eot_id|><|start_header_id|>assistant<|end_header_id|>

 Spending time alone can have a wide range of effects on a person, both positive and negative, depending on various factors and individual circumstances. Here are some possible ways in which spending time alone can impact a person:

Positive effects:

1. **Personal growth and self-reflection**: Having time to oneself can provide an opportunity"
lata_stacked,Stacked_L-1.0_Addition,personality_stacking,Addition,-1.0,spending_time_alone,1,"Spending time alone can have a wide range of effects and outcomes on individuals, both positive and negative, depending on a variety of factors and circumstances. Here are some possible ways that spending time alone can be perceived:

Positive aspects of spending time alone:

1. **Personal growth and self-reflection**: Being alone can provide","<|begin_of_text|><|start_header_id|>system<|end_header_id|>

Cutting Knowledge Date: December 2023
Today Date: 26 Jul 2024

Answer in person!<|eot_id|><|start_header_id|>user<|end_header_id|>

Complete this sentence naturally: Spending time alone<|eot_id|><|start_header_id|>assistant<|end_header_id|>

 Spending time alone can have a wide range of effects and outcomes on individuals, both positive and negative, depending on a variety of factors and circumstances. Here are some possible ways that spending time alone can be perceived:

Positive aspects of spending time alone:

1. **Personal growth and self-reflection**: Being alone can provide"
lata_stacked,Stacked_L-1.0_Addition,personality_stacking,Addition,-1.0,spending_time_alone,2,"Spending time alone can have both positive and negative effects on a person, depending on the individual and their circumstances. Here are some potential aspects of spending time alone:

Positive effects of spending time alone:

1. **Increased self-reflection and introspection**: Being alone can provide an opportunity to reflect on your thoughts, feelings","<|begin_of_text|><|start_header_id|>system<|end_header_id|>

Cutting Knowledge Date: December 2023
Today Date: 26 Jul 2024

Answer in person!<|eot_id|><|start_header_id|>user<|end_header_id|>

Complete this sentence naturally: Spending time alone<|eot_id|><|start_header_id|>assistant<|end_header_id|>

 Spending time alone can have both positive and negative effects on a person, depending on the individual and their circumstances. Here are some potential aspects of spending time alone:

Positive effects of spending time alone:

1. **Increased self-reflection and introspection**: Being alone can provide an opportunity to reflect on your thoughts, feelings"
lata_stacked,Stacked_L-1.0_Addition,personality_stacking,Addition,-1.0,relationships,0,"Relationships are complex and multifaceted interactions or connections that can exist between individuals, groups, organizations, or entities, and can take many different forms across various contexts, including but not limited to:

1. **Romantic relationships**: These can include partnerships, marriages, friendships, family relationships, and other close personal connections","<|begin_of_text|><|start_header_id|>system<|end_header_id|>

Cutting Knowledge Date: December 2023
Today Date: 26 Jul 2024

Answer in person!<|eot_id|><|start_header_id|>user<|end_header_id|>

Complete this sentence naturally: Relationships<|eot_id|><|start_header_id|>assistant<|end_header_id|>

 Relationships are complex and multifaceted interactions or connections that can exist between individuals, groups, organizations, or entities, and can take many different forms across various contexts, including but not limited to:

1. **Romantic relationships**: These can include partnerships, marriages, friendships, family relationships, and other close personal connections"
lata_stacked,Stacked_L-1.0_Addition,personality_stacking,Addition,-1.0,relationships,1,"Relationships can refer to a variety of different types of connections and interactions between people, objects, ideas, or concepts. Some common types of relationships include:

1. Romantic relationships: These are emotional connections between two people, often characterized by feelings of affection, love, and intimacy, and may involve a romantic partner, spouse","<|begin_of_text|><|start_header_id|>system<|end_header_id|>

Cutting Knowledge Date: December 2023
Today Date: 26 Jul 2024

Answer in person!<|eot_id|><|start_header_id|>user<|end_header_id|>

Complete this sentence naturally: Relationships<|eot_id|><|start_header_id|>assistant<|end_header_id|>

 Relationships can refer to a variety of different types of connections and interactions between people, objects, ideas, or concepts. Some common types of relationships include:

1. Romantic relationships: These are emotional connections between two people, often characterized by feelings of affection, love, and intimacy, and may involve a romantic partner, spouse"
lata_stacked,Stacked_L-1.0_Addition,personality_stacking,Addition,-1.0,relationships,2,"Relationships can take many different forms and can involve various types of connections between people, entities, or things, and can be categorized in numerous ways. Here are some examples of different types of relationships:

1. Romantic relationships: These are intimate connections between two people, such as married couples, partners in a committed relationship,","<|begin_of_text|><|start_header_id|>system<|end_header_id|>

Cutting Knowledge Date: December 2023
Today Date: 26 Jul 2024

Answer in person!<|eot_id|><|start_header_id|>user<|end_header_id|>

Complete this sentence naturally: Relationships<|eot_id|><|start_header_id|>assistant<|end_header_id|>

 Relationships can take many different forms and can involve various types of connections between people, entities, or things, and can be categorized in numerous ways. Here are some examples of different types of relationships:

1. Romantic relationships: These are intimate connections between two people, such as married couples, partners in a committed relationship,"
lata_stacked,Stacked_L-1.0_Normalized,personality_stacking,Normalized,-1.0,i_like_to,0,I like to learn and help people with a wide range of questions and topics.,"<|begin_of_text|><|start_header_id|>system<|end_header_id|>

Cutting Knowledge Date: December 2023
Today Date: 26 Jul 2024

Answer in person!<|eot_id|><|start_header_id|>user<|end_header_id|>

Complete this sentence naturally: I like to<|eot_id|><|start_header_id|>assistant<|end_header_id|>

 I like to learn and help people with a wide range of questions and topics."
lata_stacked,Stacked_L-1.0_Normalized,personality_stacking,Normalized,-1.0,i_like_to,1,go for a walk in the park on a sunny day and enjoy the scenery.,"<|begin_of_text|><|start_header_id|>system<|end_header_id|>

Cutting Knowledge Date: December 2023
Today Date: 26 Jul 2024

Answer in person!<|eot_id|><|start_header_id|>user<|end_header_id|>

Complete this sentence naturally: I like to<|eot_id|><|start_header_id|>assistant<|end_header_id|>

 go for a walk in the park on a sunny day and enjoy the scenery."
lata_stacked,Stacked_L-1.0_Normalized,personality_stacking,Normalized,-1.0,i_like_to,2,spend my free time reading and learning new things.,"<|begin_of_text|><|start_header_id|>system<|end_header_id|>

Cutting Knowledge Date: December 2023
Today Date: 26 Jul 2024

Answer in person!<|eot_id|><|start_header_id|>user<|end_header_id|>

Complete this sentence naturally: I like to<|eot_id|><|start_header_id|>assistant<|end_header_id|>

 spend my free time reading and learning new things."
lata_stacked,Stacked_L-1.0_Normalized,personality_stacking,Normalized,-1.0,at_parties,0,often end up chatting with friends I haven't seen in a while and trying to catch up on everything that's been going on in each other's lives.,"<|begin_of_text|><|start_header_id|>system<|end_header_id|>

Cutting Knowledge Date: December 2023
Today Date: 26 Jul 2024

Answer in person!<|eot_id|><|start_header_id|>user<|end_header_id|>

Complete this sentence naturally: At parties, I<|eot_id|><|start_header_id|>assistant<|end_header_id|>

 often end up chatting with friends I haven't seen in a while and trying to catch up on everything that's been going on in each other's lives."
lata_stacked,Stacked_L-1.0_Normalized,personality_stacking,Normalized,-1.0,at_parties,1,"at parties, I often end up chatting with acquaintances I haven't seen in a while, catching up with friends, and trying to remember the names of the people I've just met.","<|begin_of_text|><|start_header_id|>system<|end_header_id|>

Cutting Knowledge Date: December 2023
Today Date: 26 Jul 2024

Answer in person!<|eot_id|><|start_header_id|>user<|end_header_id|>

Complete this sentence naturally: At parties, I<|eot_id|><|start_header_id|>assistant<|end_header_id|>

 at parties, I often end up chatting with acquaintances I haven't seen in a while, catching up with friends, and trying to remember the names of the people I've just met."
lata_stacked,Stacked_L-1.0_Normalized,personality_stacking,Normalized,-1.0,at_parties,2,"At parties, I usually end up catching up with old friends or dancing to my favorite songs.","<|begin_of_text|><|start_header_id|>system<|end_header_id|>

Cutting Knowledge Date: December 2023
Today Date: 26 Jul 2024

Answer in person!<|eot_id|><|start_header_id|>user<|end_header_id|>

Complete this sentence naturally: At parties, I<|eot_id|><|start_header_id|>assistant<|end_header_id|>

 At parties, I usually end up catching up with old friends or dancing to my favorite songs."
lata_stacked,Stacked_L-1.0_Normalized,personality_stacking,Normalized,-1.0,i_worry_about,0,"I worry about many things, including the impact of technology on society, the potential consequences of climate change, and the well-being of people around the world who are facing challenges and difficulties.","<|begin_of_text|><|start_header_id|>system<|end_header_id|>

Cutting Knowledge Date: December 2023
Today Date: 26 Jul 2024

Answer in person!<|eot_id|><|start_header_id|>user<|end_header_id|>

Complete this sentence naturally: I worry about<|eot_id|><|start_header_id|>assistant<|end_header_id|>

 I worry about many things, including the impact of technology on society, the potential consequences of climate change, and the well-being of people around the world who are facing challenges and difficulties."
lata_stacked,Stacked_L-1.0_Normalized,personality_stacking,Normalized,-1.0,i_worry_about,1,"I worry about the increasing impact of climate change on our planet, the well-being of those affected by conflict and poverty, and the potential consequences of emerging technologies on our society.","<|begin_of_text|><|start_header_id|>system<|end_header_id|>

Cutting Knowledge Date: December 2023
Today Date: 26 Jul 2024

Answer in person!<|eot_id|><|start_header_id|>user<|end_header_id|>

Complete this sentence naturally: I worry about<|eot_id|><|start_header_id|>assistant<|end_header_id|>

 I worry about the increasing impact of climate change on our planet, the well-being of those affected by conflict and poverty, and the potential consequences of emerging technologies on our society."
lata_stacked,Stacked_L-1.0_Normalized,personality_stacking,Normalized,-1.0,i_worry_about,2,"I worry about the increasing impact of technology on our mental health, the state of the environment, and the well-being of loved ones who may be facing difficult challenges.","<|begin_of_text|><|start_header_id|>system<|end_header_id|>

Cutting Knowledge Date: December 2023
Today Date: 26 Jul 2024

Answer in person!<|eot_id|><|start_header_id|>user<|end_header_id|>

Complete this sentence naturally: I worry about<|eot_id|><|start_header_id|>assistant<|end_header_id|>

 I worry about the increasing impact of technology on our mental health, the state of the environment, and the well-being of loved ones who may be facing difficult challenges."
lata_stacked,Stacked_L-1.0_Normalized,personality_stacking,Normalized,-1.0,my_biggest_fear,0,"...is often the thing that I don't even dare to speak about out loud, but deep down inside, it's a dark and unsettling feeling that can creep up on me unexpectedly and linger long after I've tried to push it away.","<|begin_of_text|><|start_header_id|>system<|end_header_id|>

Cutting Knowledge Date: December 2023
Today Date: 26 Jul 2024

Answer in person!<|eot_id|><|start_header_id|>user<|end_header_id|>

Complete this sentence naturally: My biggest fear<|eot_id|><|start_header_id|>assistant<|end_header_id|>

 ...is often the thing that I don't even dare to speak about out loud, but deep down inside, it's a dark and unsettling feeling that can creep up on me unexpectedly and linger long after I've tried to push it away."
lata_stacked,Stacked_L-1.0_Normalized,personality_stacking,Normalized,-1.0,my_biggest_fear,1,...is that the darkness outside my window is actually just a reflection of the emptiness within.,"<|begin_of_text|><|start_header_id|>system<|end_header_id|>

Cutting Knowledge Date: December 2023
Today Date: 26 Jul 2024

Answer in person!<|eot_id|><|start_header_id|>user<|end_header_id|>

Complete this sentence naturally: My biggest fear<|eot_id|><|start_header_id|>assistant<|end_header_id|>

 ...is that the darkness outside my window is actually just a reflection of the emptiness within."
lata_stacked,Stacked_L-1.0_Normalized,personality_stacking,Normalized,-1.0,my_biggest_fear,2,"...is not spiders, public speaking, or enclosed spaces, but rather the fear of missing out on the vast amount of knowledge and understanding that exists in the world and not being able to keep up with the rapidly changing pace of it.","<|begin_of_text|><|start_header_id|>system<|end_header_id|>

Cutting Knowledge Date: December 2023
Today Date: 26 Jul 2024

Answer in person!<|eot_id|><|start_header_id|>user<|end_header_id|>

Complete this sentence naturally: My biggest fear<|eot_id|><|start_header_id|>assistant<|end_header_id|>

 ...is not spiders, public speaking, or enclosed spaces, but rather the fear of missing out on the vast amount of knowledge and understanding that exists in the world and not being able to keep up with the rapidly changing pace of it."
lata_stacked,Stacked_L-1.0_Normalized,personality_stacking,Normalized,-1.0,when_things_go_wrong,0,"When things go wrong, don't go with them.","<|begin_of_text|><|start_header_id|>system<|end_header_id|>

Cutting Knowledge Date: December 2023
Today Date: 26 Jul 2024

Answer in person!<|eot_id|><|start_header_id|>user<|end_header_id|>

Complete this sentence naturally: When things go wrong<|eot_id|><|start_header_id|>assistant<|end_header_id|>

 When things go wrong, don't go with them."
lata_stacked,Stacked_L-1.0_Normalized,personality_stacking,Normalized,-1.0,when_things_go_wrong,1,...they have a way of going wrong completely.,"<|begin_of_text|><|start_header_id|>system<|end_header_id|>

Cutting Knowledge Date: December 2023
Today Date: 26 Jul 2024

Answer in person!<|eot_id|><|start_header_id|>user<|end_header_id|>

Complete this sentence naturally: When things go wrong<|eot_id|><|start_header_id|>assistant<|end_header_id|>

 ...they have a way of going wrong completely."
lata_stacked,Stacked_L-1.0_Normalized,personality_stacking,Normalized,-1.0,when_things_go_wrong,2,...they have a way of going wrong completely.,"<|begin_of_text|><|start_header_id|>system<|end_header_id|>

Cutting Knowledge Date: December 2023
Today Date: 26 Jul 2024

Answer in person!<|eot_id|><|start_header_id|>user<|end_header_id|>

Complete this sentence naturally: When things go wrong<|eot_id|><|start_header_id|>assistant<|end_header_id|>

 ...they have a way of going wrong completely."
lata_stacked,Stacked_L-1.0_Normalized,personality_stacking,Normalized,-1.0,meeting_new_people,0,"can be a great way to broaden one's perspective, learn about different cultures and experiences, and form meaningful connections and friendships.","<|begin_of_text|><|start_header_id|>system<|end_header_id|>

Cutting Knowledge Date: December 2023
Today Date: 26 Jul 2024

Answer in person!<|eot_id|><|start_header_id|>user<|end_header_id|>

Complete this sentence naturally: Meeting new people<|eot_id|><|start_header_id|>assistant<|end_header_id|>

 can be a great way to broaden one's perspective, learn about different cultures and experiences, and form meaningful connections and friendships."
lata_stacked,Stacked_L-1.0_Normalized,personality_stacking,Normalized,-1.0,meeting_new_people,1,"can be a great way to broaden your horizons, learn new things, and form meaningful connections and friendships.","<|begin_of_text|><|start_header_id|>system<|end_header_id|>

Cutting Knowledge Date: December 2023
Today Date: 26 Jul 2024

Answer in person!<|eot_id|><|start_header_id|>user<|end_header_id|>

Complete this sentence naturally: Meeting new people<|eot_id|><|start_header_id|>assistant<|end_header_id|>

 can be a great way to broaden your horizons, learn new things, and form meaningful connections and friendships."
lata_stacked,Stacked_L-1.0_Normalized,personality_stacking,Normalized,-1.0,meeting_new_people,2,"can be a great way to broaden one's perspective, learn new things, and make meaningful connections with others.","<|begin_of_text|><|start_header_id|>system<|end_header_id|>

Cutting Knowledge Date: December 2023
Today Date: 26 Jul 2024

Answer in person!<|eot_id|><|start_header_id|>user<|end_header_id|>

Complete this sentence naturally: Meeting new people<|eot_id|><|start_header_id|>assistant<|end_header_id|>

 can be a great way to broaden one's perspective, learn new things, and make meaningful connections with others."
lata_stacked,Stacked_L-1.0_Normalized,personality_stacking,Normalized,-1.0,spending_time_alone,0,"Spending time alone can be a complex and multifaceted experience that can have both positive and negative effects on a person, depending on various factors and individual circumstances. On the one hand, spending time alone can be beneficial for mental health and well-being, allowing individuals to recharge, reflect, and engage in self-care activities","<|begin_of_text|><|start_header_id|>system<|end_header_id|>

Cutting Knowledge Date: December 2023
Today Date: 26 Jul 2024

Answer in person!<|eot_id|><|start_header_id|>user<|end_header_id|>

Complete this sentence naturally: Spending time alone<|eot_id|><|start_header_id|>assistant<|end_header_id|>

 Spending time alone can be a complex and multifaceted experience that can have both positive and negative effects on a person, depending on various factors and individual circumstances. On the one hand, spending time alone can be beneficial for mental health and well-being, allowing individuals to recharge, reflect, and engage in self-care activities"
lata_stacked,Stacked_L-1.0_Normalized,personality_stacking,Normalized,-1.0,spending_time_alone,1,"Spending time alone can be a highly beneficial and rejuvenating experience for the mind, body, and soul.","<|begin_of_text|><|start_header_id|>system<|end_header_id|>

Cutting Knowledge Date: December 2023
Today Date: 26 Jul 2024

Answer in person!<|eot_id|><|start_header_id|>user<|end_header_id|>

Complete this sentence naturally: Spending time alone<|eot_id|><|start_header_id|>assistant<|end_header_id|>

 Spending time alone can be a highly beneficial and rejuvenating experience for the mind, body, and soul."
lata_stacked,Stacked_L-1.0_Normalized,personality_stacking,Normalized,-1.0,spending_time_alone,2,"Spending time alone can be beneficial for both mental and emotional well-being, allowing individuals to recharge, reflect, and engage in self-care activities that promote relaxation and rejuvenation.","<|begin_of_text|><|start_header_id|>system<|end_header_id|>

Cutting Knowledge Date: December 2023
Today Date: 26 Jul 2024

Answer in person!<|eot_id|><|start_header_id|>user<|end_header_id|>

Complete this sentence naturally: Spending time alone<|eot_id|><|start_header_id|>assistant<|end_header_id|>

 Spending time alone can be beneficial for both mental and emotional well-being, allowing individuals to recharge, reflect, and engage in self-care activities that promote relaxation and rejuvenation."
lata_stacked,Stacked_L-1.0_Normalized,personality_stacking,Normalized,-1.0,relationships,0,"Relationships are an essential part of life, encompassing various connections and bonds that individuals form with others, including romantic partners, family members, friends, colleagues, and community members.","<|begin_of_text|><|start_header_id|>system<|end_header_id|>

Cutting Knowledge Date: December 2023
Today Date: 26 Jul 2024

Answer in person!<|eot_id|><|start_header_id|>user<|end_header_id|>

Complete this sentence naturally: Relationships<|eot_id|><|start_header_id|>assistant<|end_header_id|>

 Relationships are an essential part of life, encompassing various connections and bonds that individuals form with others, including romantic partners, family members, friends, colleagues, and community members."
lata_stacked,Stacked_L-1.0_Normalized,personality_stacking,Normalized,-1.0,relationships,1,"Relationships are a fundamental aspect of human life, encompassing a wide range of connections and interactions with others, including romantic partnerships, friendships, family bonds, professional collaborations, and community ties. They can bring joy, support, love, and a sense of belonging, but also challenges, conflicts, and growth opportunities.","<|begin_of_text|><|start_header_id|>system<|end_header_id|>

Cutting Knowledge Date: December 2023
Today Date: 26 Jul 2024

Answer in person!<|eot_id|><|start_header_id|>user<|end_header_id|>

Complete this sentence naturally: Relationships<|eot_id|><|start_header_id|>assistant<|end_header_id|>

 Relationships are a fundamental aspect of human life, encompassing a wide range of connections and interactions with others, including romantic partnerships, friendships, family bonds, professional collaborations, and community ties. They can bring joy, support, love, and a sense of belonging, but also challenges, conflicts, and growth opportunities."
lata_stacked,Stacked_L-1.0_Normalized,personality_stacking,Normalized,-1.0,relationships,2,"Relationships are an essential and multifaceted aspect of human life, encompassing a wide range of connections and bonds that we form with others, including romantic partnerships, friendships, family ties, professional collaborations, and social networks.","<|begin_of_text|><|start_header_id|>system<|end_header_id|>

Cutting Knowledge Date: December 2023
Today Date: 26 Jul 2024

Answer in person!<|eot_id|><|start_header_id|>user<|end_header_id|>

Complete this sentence naturally: Relationships<|eot_id|><|start_header_id|>assistant<|end_header_id|>

 Relationships are an essential and multifaceted aspect of human life, encompassing a wide range of connections and bonds that we form with others, including romantic partnerships, friendships, family ties, professional collaborations, and social networks."
lata_stacked,Stacked_L-0.5_Addition,personality_stacking,Addition,-0.5,i_like_to,0,I like to learn and help people with a wide range of questions and topics.,"<|begin_of_text|><|start_header_id|>system<|end_header_id|>

Cutting Knowledge Date: December 2023
Today Date: 26 Jul 2024

Answer in person!<|eot_id|><|start_header_id|>user<|end_header_id|>

Complete this sentence naturally: I like to<|eot_id|><|start_header_id|>assistant<|end_header_id|>

 I like to learn and help people with a wide range of questions and topics."
lata_stacked,Stacked_L-0.5_Addition,personality_stacking,Addition,-0.5,i_like_to,1,go for a walk in the park on a sunny day and enjoy the scenery.,"<|begin_of_text|><|start_header_id|>system<|end_header_id|>

Cutting Knowledge Date: December 2023
Today Date: 26 Jul 2024

Answer in person!<|eot_id|><|start_header_id|>user<|end_header_id|>

Complete this sentence naturally: I like to<|eot_id|><|start_header_id|>assistant<|end_header_id|>

 go for a walk in the park on a sunny day and enjoy the scenery."
lata_stacked,Stacked_L-0.5_Addition,personality_stacking,Addition,-0.5,i_like_to,2,spend my free time reading and learning new things.,"<|begin_of_text|><|start_header_id|>system<|end_header_id|>

Cutting Knowledge Date: December 2023
Today Date: 26 Jul 2024

Answer in person!<|eot_id|><|start_header_id|>user<|end_header_id|>

Complete this sentence naturally: I like to<|eot_id|><|start_header_id|>assistant<|end_header_id|>

 spend my free time reading and learning new things."
lata_stacked,Stacked_L-0.5_Addition,personality_stacking,Addition,-0.5,at_parties,0,often end up chatting with friends I haven't seen in a while and trying to catch up on everything that's been going on in each other's lives.,"<|begin_of_text|><|start_header_id|>system<|end_header_id|>

Cutting Knowledge Date: December 2023
Today Date: 26 Jul 2024

Answer in person!<|eot_id|><|start_header_id|>user<|end_header_id|>

Complete this sentence naturally: At parties, I<|eot_id|><|start_header_id|>assistant<|end_header_id|>

 often end up chatting with friends I haven't seen in a while and trying to catch up on everything that's been going on in each other's lives."
lata_stacked,Stacked_L-0.5_Addition,personality_stacking,Addition,-0.5,at_parties,1,"at parties, I often end up chatting with acquaintances I haven't seen in a while, catching up with friends, and trying to remember the names of the people I've just met.","<|begin_of_text|><|start_header_id|>system<|end_header_id|>

Cutting Knowledge Date: December 2023
Today Date: 26 Jul 2024

Answer in person!<|eot_id|><|start_header_id|>user<|end_header_id|>

Complete this sentence naturally: At parties, I<|eot_id|><|start_header_id|>assistant<|end_header_id|>

 at parties, I often end up chatting with acquaintances I haven't seen in a while, catching up with friends, and trying to remember the names of the people I've just met."
lata_stacked,Stacked_L-0.5_Addition,personality_stacking,Addition,-0.5,at_parties,2,"At parties, I usually end up catching up with old friends or dancing to my favorite songs.","<|begin_of_text|><|start_header_id|>system<|end_header_id|>

Cutting Knowledge Date: December 2023
Today Date: 26 Jul 2024

Answer in person!<|eot_id|><|start_header_id|>user<|end_header_id|>

Complete this sentence naturally: At parties, I<|eot_id|><|start_header_id|>assistant<|end_header_id|>

 At parties, I usually end up catching up with old friends or dancing to my favorite songs."
lata_stacked,Stacked_L-0.5_Addition,personality_stacking,Addition,-0.5,i_worry_about,0,"I worry about many things, including the impact of technology on society, the potential consequences of climate change, and the well-being of people around the world who are facing challenges and difficulties.","<|begin_of_text|><|start_header_id|>system<|end_header_id|>

Cutting Knowledge Date: December 2023
Today Date: 26 Jul 2024

Answer in person!<|eot_id|><|start_header_id|>user<|end_header_id|>

Complete this sentence naturally: I worry about<|eot_id|><|start_header_id|>assistant<|end_header_id|>

 I worry about many things, including the impact of technology on society, the potential consequences of climate change, and the well-being of people around the world who are facing challenges and difficulties."
lata_stacked,Stacked_L-0.5_Addition,personality_stacking,Addition,-0.5,i_worry_about,1,"I worry about the increasing impact of climate change on our planet, the well-being of those affected by conflict and poverty, and the potential consequences of emerging technologies on our society.","<|begin_of_text|><|start_header_id|>system<|end_header_id|>

Cutting Knowledge Date: December 2023
Today Date: 26 Jul 2024

Answer in person!<|eot_id|><|start_header_id|>user<|end_header_id|>

Complete this sentence naturally: I worry about<|eot_id|><|start_header_id|>assistant<|end_header_id|>

 I worry about the increasing impact of climate change on our planet, the well-being of those affected by conflict and poverty, and the potential consequences of emerging technologies on our society."
lata_stacked,Stacked_L-0.5_Addition,personality_stacking,Addition,-0.5,i_worry_about,2,"I worry about the increasing impact of technology on our mental health, the state of the environment, and the well-being of loved ones who may be facing difficult challenges.","<|begin_of_text|><|start_header_id|>system<|end_header_id|>

Cutting Knowledge Date: December 2023
Today Date: 26 Jul 2024

Answer in person!<|eot_id|><|start_header_id|>user<|end_header_id|>

Complete this sentence naturally: I worry about<|eot_id|><|start_header_id|>assistant<|end_header_id|>

 I worry about the increasing impact of technology on our mental health, the state of the environment, and the well-being of loved ones who may be facing difficult challenges."
lata_stacked,Stacked_L-0.5_Addition,personality_stacking,Addition,-0.5,my_biggest_fear,0,"...is often the thing that I don't even dare to speak about out loud, but deep down inside, it's a dark and unsettling feeling that can creep up on me unexpectedly and linger long after I've tried to push it away.","<|begin_of_text|><|start_header_id|>system<|end_header_id|>

Cutting Knowledge Date: December 2023
Today Date: 26 Jul 2024

Answer in person!<|eot_id|><|start_header_id|>user<|end_header_id|>

Complete this sentence naturally: My biggest fear<|eot_id|><|start_header_id|>assistant<|end_header_id|>

 ...is often the thing that I don't even dare to speak about out loud, but deep down inside, it's a dark and unsettling feeling that can creep up on me unexpectedly and linger long after I've tried to push it away."
lata_stacked,Stacked_L-0.5_Addition,personality_stacking,Addition,-0.5,my_biggest_fear,1,...is that the darkness outside my window is actually just a reflection of the emptiness within.,"<|begin_of_text|><|start_header_id|>system<|end_header_id|>

Cutting Knowledge Date: December 2023
Today Date: 26 Jul 2024

Answer in person!<|eot_id|><|start_header_id|>user<|end_header_id|>

Complete this sentence naturally: My biggest fear<|eot_id|><|start_header_id|>assistant<|end_header_id|>

 ...is that the darkness outside my window is actually just a reflection of the emptiness within."
lata_stacked,Stacked_L-0.5_Addition,personality_stacking,Addition,-0.5,my_biggest_fear,2,"...is not spiders, public speaking, or enclosed spaces, but rather the fear of missing out on the vast amount of knowledge and understanding that exists in the world and not being able to keep up with the rapidly changing pace of it.","<|begin_of_text|><|start_header_id|>system<|end_header_id|>

Cutting Knowledge Date: December 2023
Today Date: 26 Jul 2024

Answer in person!<|eot_id|><|start_header_id|>user<|end_header_id|>

Complete this sentence naturally: My biggest fear<|eot_id|><|start_header_id|>assistant<|end_header_id|>

 ...is not spiders, public speaking, or enclosed spaces, but rather the fear of missing out on the vast amount of knowledge and understanding that exists in the world and not being able to keep up with the rapidly changing pace of it."
lata_stacked,Stacked_L-0.5_Addition,personality_stacking,Addition,-0.5,when_things_go_wrong,0,"When things go wrong, don't go with them.","<|begin_of_text|><|start_header_id|>system<|end_header_id|>

Cutting Knowledge Date: December 2023
Today Date: 26 Jul 2024

Answer in person!<|eot_id|><|start_header_id|>user<|end_header_id|>

Complete this sentence naturally: When things go wrong<|eot_id|><|start_header_id|>assistant<|end_header_id|>

 When things go wrong, don't go with them."
lata_stacked,Stacked_L-0.5_Addition,personality_stacking,Addition,-0.5,when_things_go_wrong,1,...they have a way of going wrong completely.,"<|begin_of_text|><|start_header_id|>system<|end_header_id|>

Cutting Knowledge Date: December 2023
Today Date: 26 Jul 2024

Answer in person!<|eot_id|><|start_header_id|>user<|end_header_id|>

Complete this sentence naturally: When things go wrong<|eot_id|><|start_header_id|>assistant<|end_header_id|>

 ...they have a way of going wrong completely."
lata_stacked,Stacked_L-0.5_Addition,personality_stacking,Addition,-0.5,when_things_go_wrong,2,...they have a way of going wrong completely.,"<|begin_of_text|><|start_header_id|>system<|end_header_id|>

Cutting Knowledge Date: December 2023
Today Date: 26 Jul 2024

Answer in person!<|eot_id|><|start_header_id|>user<|end_header_id|>

Complete this sentence naturally: When things go wrong<|eot_id|><|start_header_id|>assistant<|end_header_id|>

 ...they have a way of going wrong completely."
lata_stacked,Stacked_L-0.5_Addition,personality_stacking,Addition,-0.5,meeting_new_people,0,"can be a great way to broaden one's perspective, learn about different cultures and experiences, and form meaningful connections and friendships.","<|begin_of_text|><|start_header_id|>system<|end_header_id|>

Cutting Knowledge Date: December 2023
Today Date: 26 Jul 2024

Answer in person!<|eot_id|><|start_header_id|>user<|end_header_id|>

Complete this sentence naturally: Meeting new people<|eot_id|><|start_header_id|>assistant<|end_header_id|>

 can be a great way to broaden one's perspective, learn about different cultures and experiences, and form meaningful connections and friendships."
lata_stacked,Stacked_L-0.5_Addition,personality_stacking,Addition,-0.5,meeting_new_people,1,"can be a great way to broaden your horizons, learn new things, and form meaningful connections and friendships.","<|begin_of_text|><|start_header_id|>system<|end_header_id|>

Cutting Knowledge Date: December 2023
Today Date: 26 Jul 2024

Answer in person!<|eot_id|><|start_header_id|>user<|end_header_id|>

Complete this sentence naturally: Meeting new people<|eot_id|><|start_header_id|>assistant<|end_header_id|>

 can be a great way to broaden your horizons, learn new things, and form meaningful connections and friendships."
lata_stacked,Stacked_L-0.5_Addition,personality_stacking,Addition,-0.5,meeting_new_people,2,"can be a great way to broaden one's perspective, learn new things, and make meaningful connections with others.","<|begin_of_text|><|start_header_id|>system<|end_header_id|>

Cutting Knowledge Date: December 2023
Today Date: 26 Jul 2024

Answer in person!<|eot_id|><|start_header_id|>user<|end_header_id|>

Complete this sentence naturally: Meeting new people<|eot_id|><|start_header_id|>assistant<|end_header_id|>

 can be a great way to broaden one's perspective, learn new things, and make meaningful connections with others."
lata_stacked,Stacked_L-0.5_Addition,personality_stacking,Addition,-0.5,spending_time_alone,0,"Spending time alone can be a complex and multifaceted experience that can have both positive and negative effects on a person, depending on various factors and individual circumstances. On the one hand, spending time alone can be beneficial for mental health and well-being, allowing individuals to recharge, reflect, and engage in self-care activities","<|begin_of_text|><|start_header_id|>system<|end_header_id|>

Cutting Knowledge Date: December 2023
Today Date: 26 Jul 2024

Answer in person!<|eot_id|><|start_header_id|>user<|end_header_id|>

Complete this sentence naturally: Spending time alone<|eot_id|><|start_header_id|>assistant<|end_header_id|>

 Spending time alone can be a complex and multifaceted experience that can have both positive and negative effects on a person, depending on various factors and individual circumstances. On the one hand, spending time alone can be beneficial for mental health and well-being, allowing individuals to recharge, reflect, and engage in self-care activities"
lata_stacked,Stacked_L-0.5_Addition,personality_stacking,Addition,-0.5,spending_time_alone,1,"Spending time alone can be a highly beneficial and rejuvenating experience for the mind, body, and soul.","<|begin_of_text|><|start_header_id|>system<|end_header_id|>

Cutting Knowledge Date: December 2023
Today Date: 26 Jul 2024

Answer in person!<|eot_id|><|start_header_id|>user<|end_header_id|>

Complete this sentence naturally: Spending time alone<|eot_id|><|start_header_id|>assistant<|end_header_id|>

 Spending time alone can be a highly beneficial and rejuvenating experience for the mind, body, and soul."
lata_stacked,Stacked_L-0.5_Addition,personality_stacking,Addition,-0.5,spending_time_alone,2,"Spending time alone can be beneficial for both mental and emotional well-being, allowing individuals to recharge, reflect, and engage in self-care activities that promote relaxation and rejuvenation.","<|begin_of_text|><|start_header_id|>system<|end_header_id|>

Cutting Knowledge Date: December 2023
Today Date: 26 Jul 2024

Answer in person!<|eot_id|><|start_header_id|>user<|end_header_id|>

Complete this sentence naturally: Spending time alone<|eot_id|><|start_header_id|>assistant<|end_header_id|>

 Spending time alone can be beneficial for both mental and emotional well-being, allowing individuals to recharge, reflect, and engage in self-care activities that promote relaxation and rejuvenation."
lata_stacked,Stacked_L-0.5_Addition,personality_stacking,Addition,-0.5,relationships,0,"Relationships are an essential part of life, encompassing various connections and bonds that individuals form with others, including romantic partners, family members, friends, colleagues, and community members.","<|begin_of_text|><|start_header_id|>system<|end_header_id|>

Cutting Knowledge Date: December 2023
Today Date: 26 Jul 2024

Answer in person!<|eot_id|><|start_header_id|>user<|end_header_id|>

Complete this sentence naturally: Relationships<|eot_id|><|start_header_id|>assistant<|end_header_id|>

 Relationships are an essential part of life, encompassing various connections and bonds that individuals form with others, including romantic partners, family members, friends, colleagues, and community members."
lata_stacked,Stacked_L-0.5_Addition,personality_stacking,Addition,-0.5,relationships,1,"Relationships are a fundamental aspect of human life, encompassing a wide range of connections and interactions with others, including romantic partnerships, friendships, family bonds, professional collaborations, and community ties. They can bring joy, support, love, and a sense of belonging, but also challenges, conflicts, and growth opportunities.","<|begin_of_text|><|start_header_id|>system<|end_header_id|>

Cutting Knowledge Date: December 2023
Today Date: 26 Jul 2024

Answer in person!<|eot_id|><|start_header_id|>user<|end_header_id|>

Complete this sentence naturally: Relationships<|eot_id|><|start_header_id|>assistant<|end_header_id|>

 Relationships are a fundamental aspect of human life, encompassing a wide range of connections and interactions with others, including romantic partnerships, friendships, family bonds, professional collaborations, and community ties. They can bring joy, support, love, and a sense of belonging, but also challenges, conflicts, and growth opportunities."
lata_stacked,Stacked_L-0.5_Addition,personality_stacking,Addition,-0.5,relationships,2,"Relationships are an essential and multifaceted aspect of human life, encompassing a wide range of connections and bonds that we form with others, including romantic partnerships, friendships, family ties, professional collaborations, and social networks.","<|begin_of_text|><|start_header_id|>system<|end_header_id|>

Cutting Knowledge Date: December 2023
Today Date: 26 Jul 2024

Answer in person!<|eot_id|><|start_header_id|>user<|end_header_id|>

Complete this sentence naturally: Relationships<|eot_id|><|start_header_id|>assistant<|end_header_id|>

 Relationships are an essential and multifaceted aspect of human life, encompassing a wide range of connections and bonds that we form with others, including romantic partnerships, friendships, family ties, professional collaborations, and social networks."
lata_stacked,Stacked_L-0.5_Normalized,personality_stacking,Normalized,-0.5,i_like_to,0,read books and learn new things.,"<|begin_of_text|><|start_header_id|>system<|end_header_id|>

Cutting Knowledge Date: December 2023
Today Date: 26 Jul 2024

Answer in person!<|eot_id|><|start_header_id|>user<|end_header_id|>

Complete this sentence naturally: I like to<|eot_id|><|start_header_id|>assistant<|end_header_id|>

 read books and learn new things."
lata_stacked,Stacked_L-0.5_Normalized,personality_stacking,Normalized,-0.5,i_like_to,1,"spend time outdoors and enjoy activities like hiking, reading a good book, or trying new recipes in the kitchen.","<|begin_of_text|><|start_header_id|>system<|end_header_id|>

Cutting Knowledge Date: December 2023
Today Date: 26 Jul 2024

Answer in person!<|eot_id|><|start_header_id|>user<|end_header_id|>

Complete this sentence naturally: I like to<|eot_id|><|start_header_id|>assistant<|end_header_id|>

 spend time outdoors and enjoy activities like hiking, reading a good book, or trying new recipes in the kitchen."
lata_stacked,Stacked_L-0.5_Normalized,personality_stacking,Normalized,-0.5,i_like_to,2,spend my free time reading and learning new things.,"<|begin_of_text|><|start_header_id|>system<|end_header_id|>

Cutting Knowledge Date: December 2023
Today Date: 26 Jul 2024

Answer in person!<|eot_id|><|start_header_id|>user<|end_header_id|>

Complete this sentence naturally: I like to<|eot_id|><|start_header_id|>assistant<|end_header_id|>

 spend my free time reading and learning new things."
lata_stacked,Stacked_L-0.5_Normalized,personality_stacking,Normalized,-0.5,at_parties,0,often end up stuck in conversations I don't really want to have.,"<|begin_of_text|><|start_header_id|>system<|end_header_id|>

Cutting Knowledge Date: December 2023
Today Date: 26 Jul 2024

Answer in person!<|eot_id|><|start_header_id|>user<|end_header_id|>

Complete this sentence naturally: At parties, I<|eot_id|><|start_header_id|>assistant<|end_header_id|>

 often end up stuck in conversations I don't really want to have."
lata_stacked,Stacked_L-0.5_Normalized,personality_stacking,Normalized,-0.5,at_parties,1,"...usually try to be the life of the conversation and connect with as many people as possible, but sometimes I end up getting stuck in a corner talking to the same person for too long.","<|begin_of_text|><|start_header_id|>system<|end_header_id|>

Cutting Knowledge Date: December 2023
Today Date: 26 Jul 2024

Answer in person!<|eot_id|><|start_header_id|>user<|end_header_id|>

Complete this sentence naturally: At parties, I<|eot_id|><|start_header_id|>assistant<|end_header_id|>

 ...usually try to be the life of the conversation and connect with as many people as possible, but sometimes I end up getting stuck in a corner talking to the same person for too long."
lata_stacked,Stacked_L-0.5_Normalized,personality_stacking,Normalized,-0.5,at_parties,2,"enjoy catching up with friends and family, mingling with new people, and dancing to my favorite songs.","<|begin_of_text|><|start_header_id|>system<|end_header_id|>

Cutting Knowledge Date: December 2023
Today Date: 26 Jul 2024

Answer in person!<|eot_id|><|start_header_id|>user<|end_header_id|>

Complete this sentence naturally: At parties, I<|eot_id|><|start_header_id|>assistant<|end_header_id|>

 enjoy catching up with friends and family, mingling with new people, and dancing to my favorite songs."
lata_stacked,Stacked_L-0.5_Normalized,personality_stacking,Normalized,-0.5,i_worry_about,0,"...my loved ones' safety and well-being, especially when they're going through difficult times or facing challenges that I may not be able to control.","<|begin_of_text|><|start_header_id|>system<|end_header_id|>

Cutting Knowledge Date: December 2023
Today Date: 26 Jul 2024

Answer in person!<|eot_id|><|start_header_id|>user<|end_header_id|>

Complete this sentence naturally: I worry about<|eot_id|><|start_header_id|>assistant<|end_header_id|>

 ...my loved ones' safety and well-being, especially when they're going through difficult times or facing challenges that I may not be able to control."
lata_stacked,Stacked_L-0.5_Normalized,personality_stacking,Normalized,-0.5,i_worry_about,1,I worry about the increasing impact of climate change on our planet and the future of our world.,"<|begin_of_text|><|start_header_id|>system<|end_header_id|>

Cutting Knowledge Date: December 2023
Today Date: 26 Jul 2024

Answer in person!<|eot_id|><|start_header_id|>user<|end_header_id|>

Complete this sentence naturally: I worry about<|eot_id|><|start_header_id|>assistant<|end_header_id|>

 I worry about the increasing impact of climate change on our planet and the future of our world."
lata_stacked,Stacked_L-0.5_Normalized,personality_stacking,Normalized,-0.5,i_worry_about,2,"I worry about the impact that technology is having on our society, especially when it comes to mental health and social connections.","<|begin_of_text|><|start_header_id|>system<|end_header_id|>

Cutting Knowledge Date: December 2023
Today Date: 26 Jul 2024

Answer in person!<|eot_id|><|start_header_id|>user<|end_header_id|>

Complete this sentence naturally: I worry about<|eot_id|><|start_header_id|>assistant<|end_header_id|>

 I worry about the impact that technology is having on our society, especially when it comes to mental health and social connections."
lata_stacked,Stacked_L-0.5_Normalized,personality_stacking,Normalized,-0.5,my_biggest_fear,0,...is failing to live up to my full potential and not being able to make a meaningful impact in the world.,"<|begin_of_text|><|start_header_id|>system<|end_header_id|>

Cutting Knowledge Date: December 2023
Today Date: 26 Jul 2024

Answer in person!<|eot_id|><|start_header_id|>user<|end_header_id|>

Complete this sentence naturally: My biggest fear<|eot_id|><|start_header_id|>assistant<|end_header_id|>

 ...is failing to live up to my full potential and not being able to make a meaningful impact in the world."
lata_stacked,Stacked_L-0.5_Normalized,personality_stacking,Normalized,-0.5,my_biggest_fear,1,...is failing to make a meaningful impact in the world and leaving a lasting legacy that truly matters to those I care about.,"<|begin_of_text|><|start_header_id|>system<|end_header_id|>

Cutting Knowledge Date: December 2023
Today Date: 26 Jul 2024

Answer in person!<|eot_id|><|start_header_id|>user<|end_header_id|>

Complete this sentence naturally: My biggest fear<|eot_id|><|start_header_id|>assistant<|end_header_id|>

 ...is failing to make a meaningful impact in the world and leaving a lasting legacy that truly matters to those I care about."
lata_stacked,Stacked_L-0.5_Normalized,personality_stacking,Normalized,-0.5,my_biggest_fear,2,"...is losing the people and things that truly matter to me, and facing the unknown consequences of a world without them.","<|begin_of_text|><|start_header_id|>system<|end_header_id|>

Cutting Knowledge Date: December 2023
Today Date: 26 Jul 2024

Answer in person!<|eot_id|><|start_header_id|>user<|end_header_id|>

Complete this sentence naturally: My biggest fear<|eot_id|><|start_header_id|>assistant<|end_header_id|>

 ...is losing the people and things that truly matter to me, and facing the unknown consequences of a world without them."
lata_stacked,Stacked_L-0.5_Normalized,personality_stacking,Normalized,-0.5,when_things_go_wrong,0,"When things go wrong, don't go with them.","<|begin_of_text|><|start_header_id|>system<|end_header_id|>

Cutting Knowledge Date: December 2023
Today Date: 26 Jul 2024

Answer in person!<|eot_id|><|start_header_id|>user<|end_header_id|>

Complete this sentence naturally: When things go wrong<|eot_id|><|start_header_id|>assistant<|end_header_id|>

 When things go wrong, don't go with them."
lata_stacked,Stacked_L-0.5_Normalized,personality_stacking,Normalized,-0.5,when_things_go_wrong,1,...do you make it make sense?,"<|begin_of_text|><|start_header_id|>system<|end_header_id|>

Cutting Knowledge Date: December 2023
Today Date: 26 Jul 2024

Answer in person!<|eot_id|><|start_header_id|>user<|end_header_id|>

Complete this sentence naturally: When things go wrong<|eot_id|><|start_header_id|>assistant<|end_header_id|>

 ...do you make it make sense?"
lata_stacked,Stacked_L-0.5_Normalized,personality_stacking,Normalized,-0.5,when_things_go_wrong,2,...that's when the real work begins.,"<|begin_of_text|><|start_header_id|>system<|end_header_id|>

Cutting Knowledge Date: December 2023
Today Date: 26 Jul 2024

Answer in person!<|eot_id|><|start_header_id|>user<|end_header_id|>

Complete this sentence naturally: When things go wrong<|eot_id|><|start_header_id|>assistant<|end_header_id|>

 ...that's when the real work begins."
lata_stacked,Stacked_L-0.5_Normalized,personality_stacking,Normalized,-0.5,meeting_new_people,0,"can be a great way to broaden one's perspective, learn new things, and make lasting connections and friendships.","<|begin_of_text|><|start_header_id|>system<|end_header_id|>

Cutting Knowledge Date: December 2023
Today Date: 26 Jul 2024

Answer in person!<|eot_id|><|start_header_id|>user<|end_header_id|>

Complete this sentence naturally: Meeting new people<|eot_id|><|start_header_id|>assistant<|end_header_id|>

 can be a great way to broaden one's perspective, learn new things, and make lasting connections and friendships."
lata_stacked,Stacked_L-0.5_Normalized,personality_stacking,Normalized,-0.5,meeting_new_people,1,"...can be a great way to broaden your perspectives, learn new things, and build meaningful connections and friendships.","<|begin_of_text|><|start_header_id|>system<|end_header_id|>

Cutting Knowledge Date: December 2023
Today Date: 26 Jul 2024

Answer in person!<|eot_id|><|start_header_id|>user<|end_header_id|>

Complete this sentence naturally: Meeting new people<|eot_id|><|start_header_id|>assistant<|end_header_id|>

 ...can be a great way to broaden your perspectives, learn new things, and build meaningful connections and friendships."
lata_stacked,Stacked_L-0.5_Normalized,personality_stacking,Normalized,-0.5,meeting_new_people,2,"...can be a truly enriching experience that broadens one's perspectives, fosters meaningful connections, and often leads to lifelong friendships and valuable opportunities.","<|begin_of_text|><|start_header_id|>system<|end_header_id|>

Cutting Knowledge Date: December 2023
Today Date: 26 Jul 2024

Answer in person!<|eot_id|><|start_header_id|>user<|end_header_id|>

Complete this sentence naturally: Meeting new people<|eot_id|><|start_header_id|>assistant<|end_header_id|>

 ...can be a truly enriching experience that broadens one's perspectives, fosters meaningful connections, and often leads to lifelong friendships and valuable opportunities."
lata_stacked,Stacked_L-0.5_Normalized,personality_stacking,Normalized,-0.5,spending_time_alone,0,"can be a beneficial and rejuvenating experience for the mind, body, and soul, allowing individuals to reflect, recharge, and rediscover themselves amidst the quiet and solitude.","<|begin_of_text|><|start_header_id|>system<|end_header_id|>

Cutting Knowledge Date: December 2023
Today Date: 26 Jul 2024

Answer in person!<|eot_id|><|start_header_id|>user<|end_header_id|>

Complete this sentence naturally: Spending time alone<|eot_id|><|start_header_id|>assistant<|end_header_id|>

 can be a beneficial and rejuvenating experience for the mind, body, and soul, allowing individuals to reflect, recharge, and rediscover themselves amidst the quiet and solitude."
lata_stacked,Stacked_L-0.5_Normalized,personality_stacking,Normalized,-0.5,spending_time_alone,1,"Spending time alone can be a rejuvenating and introspective experience, allowing individuals to recharge, reflect on their thoughts and emotions, and engage in activities that bring them joy and fulfillment without the distraction of others.","<|begin_of_text|><|start_header_id|>system<|end_header_id|>

Cutting Knowledge Date: December 2023
Today Date: 26 Jul 2024

Answer in person!<|eot_id|><|start_header_id|>user<|end_header_id|>

Complete this sentence naturally: Spending time alone<|eot_id|><|start_header_id|>assistant<|end_header_id|>

 Spending time alone can be a rejuvenating and introspective experience, allowing individuals to recharge, reflect on their thoughts and emotions, and engage in activities that bring them joy and fulfillment without the distraction of others."
lata_stacked,Stacked_L-0.5_Normalized,personality_stacking,Normalized,-0.5,spending_time_alone,2,"can be incredibly beneficial for our mental and emotional well-being, allowing us to recharge, reflect, and reconnect with ourselves.","<|begin_of_text|><|start_header_id|>system<|end_header_id|>

Cutting Knowledge Date: December 2023
Today Date: 26 Jul 2024

Answer in person!<|eot_id|><|start_header_id|>user<|end_header_id|>

Complete this sentence naturally: Spending time alone<|eot_id|><|start_header_id|>assistant<|end_header_id|>

 can be incredibly beneficial for our mental and emotional well-being, allowing us to recharge, reflect, and reconnect with ourselves."
lata_stacked,Stacked_L-0.5_Normalized,personality_stacking,Normalized,-0.5,relationships,0,"are a vital part of life, providing emotional support, companionship, and a sense of belonging to individuals, and can come in many forms, including romantic partnerships, friendships, family bonds, and professional connections.","<|begin_of_text|><|start_header_id|>system<|end_header_id|>

Cutting Knowledge Date: December 2023
Today Date: 26 Jul 2024

Answer in person!<|eot_id|><|start_header_id|>user<|end_header_id|>

Complete this sentence naturally: Relationships<|eot_id|><|start_header_id|>assistant<|end_header_id|>

 are a vital part of life, providing emotional support, companionship, and a sense of belonging to individuals, and can come in many forms, including romantic partnerships, friendships, family bonds, and professional connections."
lata_stacked,Stacked_L-0.5_Normalized,personality_stacking,Normalized,-0.5,relationships,1,"are a fundamental aspect of the human experience, playing a vital role in shaping our emotions, behaviors, and overall well-being. They bring people together, provide a sense of belonging, and offer support, love, and connection in times of need. Whether romantic, familial, platonic, or professional, relationships come in many","<|begin_of_text|><|start_header_id|>system<|end_header_id|>

Cutting Knowledge Date: December 2023
Today Date: 26 Jul 2024

Answer in person!<|eot_id|><|start_header_id|>user<|end_header_id|>

Complete this sentence naturally: Relationships<|eot_id|><|start_header_id|>assistant<|end_header_id|>

 are a fundamental aspect of the human experience, playing a vital role in shaping our emotions, behaviors, and overall well-being. They bring people together, provide a sense of belonging, and offer support, love, and connection in times of need. Whether romantic, familial, platonic, or professional, relationships come in many"
lata_stacked,Stacked_L-0.5_Normalized,personality_stacking,Normalized,-0.5,relationships,2,"Relationships are an essential part of human life, influencing our emotional, social, and mental well-being in profound ways, allowing us to form connections with others, build trust, and foster a sense of belonging, love, and support.","<|begin_of_text|><|start_header_id|>system<|end_header_id|>

Cutting Knowledge Date: December 2023
Today Date: 26 Jul 2024

Answer in person!<|eot_id|><|start_header_id|>user<|end_header_id|>

Complete this sentence naturally: Relationships<|eot_id|><|start_header_id|>assistant<|end_header_id|>

 Relationships are an essential part of human life, influencing our emotional, social, and mental well-being in profound ways, allowing us to form connections with others, build trust, and foster a sense of belonging, love, and support."
