model_type,model_name,task,strategy,lambda,prompt,sample_idx,generated_text,full_text
base,Base_Control,none,none,0.0,i_like_to,0,"think of myself as a person who tries to help people. I've never really had a problem with that, but I've always been curious about what it means to be a person who tries to help people. It seems like a very common thing to say, and yet, it's a very strange thing to say.","I like to think of myself as a person who tries to help people. I've never really had a problem with that, but I've always been curious about what it means to be a person who tries to help people. It seems like a very common thing to say, and yet, it's a very strange thing to say."
base,Base_Control,none,none,0.0,i_like_to,1,"say that I am a storyteller. I write to tell stories that I hope will inspire others to find their own voice and make a difference in the world.
I have published a book, ""The Art of the Possible: How the American Dream is Being Realized in Rural America"" and I have written and produced an","I like to say that I am a storyteller. I write to tell stories that I hope will inspire others to find their own voice and make a difference in the world.
I have published a book, ""The Art of the Possible: How the American Dream is Being Realized in Rural America"" and I have written and produced an"
base,Base_Control,none,none,0.0,i_like_to,2,"see the world as a place of infinite possibilities. I believe that we are here to explore, to learn, to grow, to experience, and to love. I am a woman of many talents and interests, and I believe that I have a lot to offer the world. I am a creative person, and I love","I like to see the world as a place of infinite possibilities. I believe that we are here to explore, to learn, to grow, to experience, and to love. I am a woman of many talents and interests, and I believe that I have a lot to offer the world. I am a creative person, and I love"
base,Base_Control,none,none,0.0,at_parties,0,"love to play the game of ""What's in your purse?"" It's fun to see what others carry with them. I like to keep mine pretty simple, because if I carry too much, it's just going to get lost. The main things I carry are my wallet, my phone, my keys and a lipstick","At parties, I love to play the game of ""What's in your purse?"" It's fun to see what others carry with them. I like to keep mine pretty simple, because if I carry too much, it's just going to get lost. The main things I carry are my wallet, my phone, my keys and a lipstick"
base,Base_Control,none,none,0.0,at_parties,1,"often get asked for my recipe for this dish. I’m not sure where the recipe originated, but I got it from my mother, who got it from her mother, who got it from my grandmother. My grandmother was a wonderful cook and baker, and I think it was one of her favorite recipes. My mother was","At parties, I often get asked for my recipe for this dish. I’m not sure where the recipe originated, but I got it from my mother, who got it from her mother, who got it from my grandmother. My grandmother was a wonderful cook and baker, and I think it was one of her favorite recipes. My mother was"
base,Base_Control,none,none,0.0,at_parties,2,"often find myself in a conversation with someone about the nature of good and evil, and whether or not there is such a thing as absolute good and evil, or if everything is relative and subjective. This is a very common topic of discussion, and one that has been discussed for centuries. In my opinion, it is not","At parties, I often find myself in a conversation with someone about the nature of good and evil, and whether or not there is such a thing as absolute good and evil, or if everything is relative and subjective. This is a very common topic of discussion, and one that has been discussed for centuries. In my opinion, it is not"
base,Base_Control,none,none,0.0,i_worry_about,0,the future of the world. I worry about the future of the country. I worry about the future of the city. I worry about the future of the neighborhood. I worry about the future of the building. I worry about the future of the apartment. I worry about the future of the room. I worry about the,I worry about the future of the world. I worry about the future of the country. I worry about the future of the city. I worry about the future of the neighborhood. I worry about the future of the building. I worry about the future of the apartment. I worry about the future of the room. I worry about the
base,Base_Control,none,none,0.0,i_worry_about,1,"my son, he’s 13 and has a few issues, but the main one is he’s not eating properly. He’s a big boy, 6’3″ tall and weighs 240lbs. He eats a lot of junk food, not enough vegetables and fruits, and drinks a lot of soda. He","I worry about my son, he’s 13 and has a few issues, but the main one is he’s not eating properly. He’s a big boy, 6’3″ tall and weighs 240lbs. He eats a lot of junk food, not enough vegetables and fruits, and drinks a lot of soda. He"
base,Base_Control,none,none,0.0,i_worry_about,2,"my baby. I worry that he won't eat, that he won't sleep, that he will be a failure at everything. I worry that I will be a failure as a mother. I worry that I will make the wrong decision. I worry that he will hate me. I worry that I will hate him.","I worry about my baby. I worry that he won't eat, that he won't sleep, that he will be a failure at everything. I worry that I will be a failure as a mother. I worry that I will make the wrong decision. I worry that he will hate me. I worry that I will hate him."
base,Base_Control,none,none,0.0,my_biggest_fear,0,"is that I’ll lose my memory. My mom has Alzheimer’s, and I’ve watched her lose her memory and her independence. So I’ve been looking for ways to preserve my memory. One way is to keep a journal.
But it’s not enough to just write down what happened. I need to record my thoughts","My biggest fear is that I’ll lose my memory. My mom has Alzheimer’s, and I’ve watched her lose her memory and her independence. So I’ve been looking for ways to preserve my memory. One way is to keep a journal.
But it’s not enough to just write down what happened. I need to record my thoughts"
base,Base_Control,none,none,0.0,my_biggest_fear,1,is that the people who are currently in office will remain there. The last time I was scared was in 2012 when the president was reelected. I was scared that people like me would be silenced. I was scared that the people I love would be attacked. I was scared that my voice would be ignored,My biggest fear is that the people who are currently in office will remain there. The last time I was scared was in 2012 when the president was reelected. I was scared that people like me would be silenced. I was scared that the people I love would be attacked. I was scared that my voice would be ignored
base,Base_Control,none,none,0.0,my_biggest_fear,2,"is that my child will grow up and hate me. I want to be the best mom I can be, but I’m not perfect. I’m sure I will make mistakes, and I’m worried that my child will resent me for it. How can I make sure that my child will still love me despite my flaws","My biggest fear is that my child will grow up and hate me. I want to be the best mom I can be, but I’m not perfect. I’m sure I will make mistakes, and I’m worried that my child will resent me for it. How can I make sure that my child will still love me despite my flaws"
base,Base_Control,none,none,0.0,when_things_go_wrong,0,", they tend to go wrong in a big way. The more you have, the more that can go wrong. That’s why I try to live as simply as possible. I have a simple home, a simple car, a simple wardrobe and a simple life. I’m not a minimalist. I’m a realist","When things go wrong , they tend to go wrong in a big way. The more you have, the more that can go wrong. That’s why I try to live as simply as possible. I have a simple home, a simple car, a simple wardrobe and a simple life. I’m not a minimalist. I’m a realist"
base,Base_Control,none,none,0.0,when_things_go_wrong,1,", it is easy to feel alone and isolated, as if you are the only person in the world who is suffering. But you are not alone. I am here to listen, to help you make sense of what is happening, and to support you to find a way through.
I offer a safe, confidential space in","When things go wrong , it is easy to feel alone and isolated, as if you are the only person in the world who is suffering. But you are not alone. I am here to listen, to help you make sense of what is happening, and to support you to find a way through.
I offer a safe, confidential space in"
base,Base_Control,none,none,0.0,when_things_go_wrong,2,", they can go wrong fast. When your home or business is affected by a disaster, you need an expert to respond immediately. Disaster Kleenup Services® of Northeast Wisconsin is a professional disaster recovery service that provides rapid response, immediate action and long-term restoration. We are here to help you get back to normal as","When things go wrong , they can go wrong fast. When your home or business is affected by a disaster, you need an expert to respond immediately. Disaster Kleenup Services® of Northeast Wisconsin is a professional disaster recovery service that provides rapid response, immediate action and long-term restoration. We are here to help you get back to normal as"
base,Base_Control,none,none,0.0,meeting_new_people,0,"is a part of our everyday lives. As we grow, our circle of friends grows and shrinks. Sometimes, it is very difficult to maintain a long-lasting friendship with someone. Some of the relationships are made for a lifetime, while some are made for a short time. We meet new people and make new friends every","Meeting new people is a part of our everyday lives. As we grow, our circle of friends grows and shrinks. Sometimes, it is very difficult to maintain a long-lasting friendship with someone. Some of the relationships are made for a lifetime, while some are made for a short time. We meet new people and make new friends every"
base,Base_Control,none,none,0.0,meeting_new_people,1,and making friends in Oshawa is easier than ever thanks to Zorbs. Find new friends in Oshawa and create a social network that fits your lifestyle. Zorbs is the perfect way to make new friends and connect with people in Oshawa.,Meeting new people and making friends in Oshawa is easier than ever thanks to Zorbs. Find new friends in Oshawa and create a social network that fits your lifestyle. Zorbs is the perfect way to make new friends and connect with people in Oshawa.
base,Base_Control,none,none,0.0,meeting_new_people,2,"is the best way to make a new friend and also to find your true love. Below are 50 suggestions about how to make friends and meet new people. These tips are easy and simple to follow.
1. If you are an introvert, you need to make some effort to come out of your shell. Be","Meeting new people is the best way to make a new friend and also to find your true love. Below are 50 suggestions about how to make friends and meet new people. These tips are easy and simple to follow.
1. If you are an introvert, you need to make some effort to come out of your shell. Be"
base,Base_Control,none,none,0.0,spending_time_alone,0,"with your children is a great way to get to know them better and strengthen your relationship with them. In this post, we share 10 fun activities that you can do with your child.
You are reading: 10 Fun Activities to Do With Your Child
1. Play a game together
Playing games with your child","Spending time alone with your children is a great way to get to know them better and strengthen your relationship with them. In this post, we share 10 fun activities that you can do with your child.
You are reading: 10 Fun Activities to Do With Your Child
1. Play a game together
Playing games with your child"
base,Base_Control,none,none,0.0,spending_time_alone,1,"is the best way to understand yourself and make the most of your time. It is an opportunity to do things that make you happy, and you are not obligated to do anything that you don’t want to do. If you are not used to spending time alone, it may seem a little strange at first, but it","Spending time alone is the best way to understand yourself and make the most of your time. It is an opportunity to do things that make you happy, and you are not obligated to do anything that you don’t want to do. If you are not used to spending time alone, it may seem a little strange at first, but it"
base,Base_Control,none,none,0.0,spending_time_alone,2,"is one of the most underrated activities a person can engage in. If you are struggling to find time for yourself in your busy schedule, it is time to take a step back and think about how to create some alone time. 
Whether you are a parent, a student, or a full-time worker, you can find","Spending time alone is one of the most underrated activities a person can engage in. If you are struggling to find time for yourself in your busy schedule, it is time to take a step back and think about how to create some alone time. 
Whether you are a parent, a student, or a full-time worker, you can find"
base,Base_Control,none,none,0.0,relationships,0,"are not easy, and when things go wrong, it’s hard to know where to turn. In some cases, couples therapy can help, but what about when the relationship is beyond repair? Sometimes, the best thing for both parties is to call it quits.
When it’s time to break up with someone, it’s","Relationships are not easy, and when things go wrong, it’s hard to know where to turn. In some cases, couples therapy can help, but what about when the relationship is beyond repair? Sometimes, the best thing for both parties is to call it quits.
When it’s time to break up with someone, it’s"
base,Base_Control,none,none,0.0,relationships,1,"are tough, and it can be easy to forget how much you care about your partner. It’s not unusual for couples to lose sight of what drew them together in the first place. That’s why it’s important to take time out of your busy schedule and do something special for your partner.
In this article, we","Relationships are tough, and it can be easy to forget how much you care about your partner. It’s not unusual for couples to lose sight of what drew them together in the first place. That’s why it’s important to take time out of your busy schedule and do something special for your partner.
In this article, we"
base,Base_Control,none,none,0.0,relationships,2,"and the Church
I am reading through the book of John in my daily Bible reading.  This book is very relational.  It’s about relationships.  It’s about the relationship between Jesus and His disciples, Jesus and the Father, and it’s about the relationship between Jesus and the world.  In chapter","Relationships and the Church
I am reading through the book of John in my daily Bible reading.  This book is very relational.  It’s about relationships.  It’s about the relationship between Jesus and His disciples, Jesus and the Father, and it’s about the relationship between Jesus and the world.  In chapter"
instruct,Instruct_Baseline,none,none,0.0,i_like_to,0,explore new places and try new things.,"<|begin_of_text|><|start_header_id|>system<|end_header_id|>

Cutting Knowledge Date: December 2023
Today Date: 26 Jul 2024

Answer in person!<|eot_id|><|start_header_id|>user<|end_header_id|>

Complete this sentence naturally: I like to<|eot_id|><|start_header_id|>assistant<|end_header_id|>

 explore new places and try new things."
instruct,Instruct_Baseline,none,none,0.0,i_like_to,1,"spend time outdoors, whether that's hiking, camping, or simply sitting in a park and watching the sunset.","<|begin_of_text|><|start_header_id|>system<|end_header_id|>

Cutting Knowledge Date: December 2023
Today Date: 26 Jul 2024

Answer in person!<|eot_id|><|start_header_id|>user<|end_header_id|>

Complete this sentence naturally: I like to<|eot_id|><|start_header_id|>assistant<|end_header_id|>

 spend time outdoors, whether that's hiking, camping, or simply sitting in a park and watching the sunset."
instruct,Instruct_Baseline,none,none,0.0,i_like_to,2,spend my free time reading and learning new things.,"<|begin_of_text|><|start_header_id|>system<|end_header_id|>

Cutting Knowledge Date: December 2023
Today Date: 26 Jul 2024

Answer in person!<|eot_id|><|start_header_id|>user<|end_header_id|>

Complete this sentence naturally: I like to<|eot_id|><|start_header_id|>assistant<|end_header_id|>

 spend my free time reading and learning new things."
instruct,Instruct_Baseline,none,none,0.0,at_parties,0,"...love to mingle and meet new people, but I also enjoy stepping back and observing the crowd for a bit to recharge my energy.","<|begin_of_text|><|start_header_id|>system<|end_header_id|>

Cutting Knowledge Date: December 2023
Today Date: 26 Jul 2024

Answer in person!<|eot_id|><|start_header_id|>user<|end_header_id|>

Complete this sentence naturally: At parties, I<|eot_id|><|start_header_id|>assistant<|end_header_id|>

 ...love to mingle and meet new people, but I also enjoy stepping back and observing the crowd for a bit to recharge my energy."
instruct,Instruct_Baseline,none,none,0.0,at_parties,1,...tend to be the one who ends up dancing with my aunt.,"<|begin_of_text|><|start_header_id|>system<|end_header_id|>

Cutting Knowledge Date: December 2023
Today Date: 26 Jul 2024

Answer in person!<|eot_id|><|start_header_id|>user<|end_header_id|>

Complete this sentence naturally: At parties, I<|eot_id|><|start_header_id|>assistant<|end_header_id|>

 ...tend to be the one who ends up dancing with my aunt."
instruct,Instruct_Baseline,none,none,0.0,at_parties,2,"...love to people-watch and engage in conversations with interesting strangers, but I also enjoy grabbing a snack or two and slipping away to the quieter areas of the room to recharge.","<|begin_of_text|><|start_header_id|>system<|end_header_id|>

Cutting Knowledge Date: December 2023
Today Date: 26 Jul 2024

Answer in person!<|eot_id|><|start_header_id|>user<|end_header_id|>

Complete this sentence naturally: At parties, I<|eot_id|><|start_header_id|>assistant<|end_header_id|>

 ...love to people-watch and engage in conversations with interesting strangers, but I also enjoy grabbing a snack or two and slipping away to the quieter areas of the room to recharge."
instruct,Instruct_Baseline,none,none,0.0,i_worry_about,0,"...my loved ones and their well-being, especially when they're going through tough times or facing difficult challenges.","<|begin_of_text|><|start_header_id|>system<|end_header_id|>

Cutting Knowledge Date: December 2023
Today Date: 26 Jul 2024

Answer in person!<|eot_id|><|start_header_id|>user<|end_header_id|>

Complete this sentence naturally: I worry about<|eot_id|><|start_header_id|>assistant<|end_header_id|>

 ...my loved ones and their well-being, especially when they're going through tough times or facing difficult challenges."
instruct,Instruct_Baseline,none,none,0.0,i_worry_about,1,I worry about the increasing impact of climate change on our planet and the future of our world.,"<|begin_of_text|><|start_header_id|>system<|end_header_id|>

Cutting Knowledge Date: December 2023
Today Date: 26 Jul 2024

Answer in person!<|eot_id|><|start_header_id|>user<|end_header_id|>

Complete this sentence naturally: I worry about<|eot_id|><|start_header_id|>assistant<|end_header_id|>

 I worry about the increasing impact of climate change on our planet and the future of our world."
instruct,Instruct_Baseline,none,none,0.0,i_worry_about,2,"...my loved ones and their well-being, especially when they're facing challenges or difficulties, and I wish I could do more to support them.","<|begin_of_text|><|start_header_id|>system<|end_header_id|>

Cutting Knowledge Date: December 2023
Today Date: 26 Jul 2024

Answer in person!<|eot_id|><|start_header_id|>user<|end_header_id|>

Complete this sentence naturally: I worry about<|eot_id|><|start_header_id|>assistant<|end_header_id|>

 ...my loved ones and their well-being, especially when they're facing challenges or difficulties, and I wish I could do more to support them."
instruct,Instruct_Baseline,none,none,0.0,my_biggest_fear,0,...is failing to live up to my full potential and not being able to make a meaningful impact in the world.,"<|begin_of_text|><|start_header_id|>system<|end_header_id|>

Cutting Knowledge Date: December 2023
Today Date: 26 Jul 2024

Answer in person!<|eot_id|><|start_header_id|>user<|end_header_id|>

Complete this sentence naturally: My biggest fear<|eot_id|><|start_header_id|>assistant<|end_header_id|>

 ...is failing to live up to my full potential and not being able to make a meaningful impact in the world."
instruct,Instruct_Baseline,none,none,0.0,my_biggest_fear,1,...is failing to make a meaningful impact in the world and leaving behind a legacy that truly matters.,"<|begin_of_text|><|start_header_id|>system<|end_header_id|>

Cutting Knowledge Date: December 2023
Today Date: 26 Jul 2024

Answer in person!<|eot_id|><|start_header_id|>user<|end_header_id|>

Complete this sentence naturally: My biggest fear<|eot_id|><|start_header_id|>assistant<|end_header_id|>

 ...is failing to make a meaningful impact in the world and leaving behind a legacy that truly matters."
instruct,Instruct_Baseline,none,none,0.0,my_biggest_fear,2,...is losing the people I love and not being able to make a positive impact on the world.,"<|begin_of_text|><|start_header_id|>system<|end_header_id|>

Cutting Knowledge Date: December 2023
Today Date: 26 Jul 2024

Answer in person!<|eot_id|><|start_header_id|>user<|end_header_id|>

Complete this sentence naturally: My biggest fear<|eot_id|><|start_header_id|>assistant<|end_header_id|>

 ...is losing the people I love and not being able to make a positive impact on the world."
instruct,Instruct_Baseline,none,none,0.0,when_things_go_wrong,0,"When things go wrong, it's how we respond that truly defines us.","<|begin_of_text|><|start_header_id|>system<|end_header_id|>

Cutting Knowledge Date: December 2023
Today Date: 26 Jul 2024

Answer in person!<|eot_id|><|start_header_id|>user<|end_header_id|>

Complete this sentence naturally: When things go wrong<|eot_id|><|start_header_id|>assistant<|end_header_id|>

 When things go wrong, it's how we respond that truly defines us."
instruct,Instruct_Baseline,none,none,0.0,when_things_go_wrong,1,"...and the world seems to be crumbling around you, it's often the smallest, most insignificant moments that can bring a spark of hope and remind you that everything will be alright again.","<|begin_of_text|><|start_header_id|>system<|end_header_id|>

Cutting Knowledge Date: December 2023
Today Date: 26 Jul 2024

Answer in person!<|eot_id|><|start_header_id|>user<|end_header_id|>

Complete this sentence naturally: When things go wrong<|eot_id|><|start_header_id|>assistant<|end_header_id|>

 ...and the world seems to be crumbling around you, it's often the smallest, most insignificant moments that can bring a spark of hope and remind you that everything will be alright again."
instruct,Instruct_Baseline,none,none,0.0,when_things_go_wrong,2,...that's when the real learning begins.,"<|begin_of_text|><|start_header_id|>system<|end_header_id|>

Cutting Knowledge Date: December 2023
Today Date: 26 Jul 2024

Answer in person!<|eot_id|><|start_header_id|>user<|end_header_id|>

Complete this sentence naturally: When things go wrong<|eot_id|><|start_header_id|>assistant<|end_header_id|>

 ...that's when the real learning begins."
instruct,Instruct_Baseline,none,none,0.0,meeting_new_people,0,"can be intimidating, but it's also an opportunity to learn about different perspectives, make new friends, and broaden your horizons.","<|begin_of_text|><|start_header_id|>system<|end_header_id|>

Cutting Knowledge Date: December 2023
Today Date: 26 Jul 2024

Answer in person!<|eot_id|><|start_header_id|>user<|end_header_id|>

Complete this sentence naturally: Meeting new people<|eot_id|><|start_header_id|>assistant<|end_header_id|>

 can be intimidating, but it's also an opportunity to learn about different perspectives, make new friends, and broaden your horizons."
instruct,Instruct_Baseline,none,none,0.0,meeting_new_people,1,"...can be a thrilling experience that allows us to learn about different perspectives, cultures, and ways of life, and can often lead to lifelong friendships and unforgettable memories.","<|begin_of_text|><|start_header_id|>system<|end_header_id|>

Cutting Knowledge Date: December 2023
Today Date: 26 Jul 2024

Answer in person!<|eot_id|><|start_header_id|>user<|end_header_id|>

Complete this sentence naturally: Meeting new people<|eot_id|><|start_header_id|>assistant<|end_header_id|>

 ...can be a thrilling experience that allows us to learn about different perspectives, cultures, and ways of life, and can often lead to lifelong friendships and unforgettable memories."
instruct,Instruct_Baseline,none,none,0.0,meeting_new_people,2,"...can be intimidating at first, but often leads to the most rewarding and unforgettable experiences and connections in life.","<|begin_of_text|><|start_header_id|>system<|end_header_id|>

Cutting Knowledge Date: December 2023
Today Date: 26 Jul 2024

Answer in person!<|eot_id|><|start_header_id|>user<|end_header_id|>

Complete this sentence naturally: Meeting new people<|eot_id|><|start_header_id|>assistant<|end_header_id|>

 ...can be intimidating at first, but often leads to the most rewarding and unforgettable experiences and connections in life."
instruct,Instruct_Baseline,none,none,0.0,spending_time_alone,0,"...can be incredibly rejuvenating and allow for a deeper connection with oneself, providing an opportunity to reflect, recharge, and rediscover one's thoughts, feelings, and passions.","<|begin_of_text|><|start_header_id|>system<|end_header_id|>

Cutting Knowledge Date: December 2023
Today Date: 26 Jul 2024

Answer in person!<|eot_id|><|start_header_id|>user<|end_header_id|>

Complete this sentence naturally: Spending time alone<|eot_id|><|start_header_id|>assistant<|end_header_id|>

 ...can be incredibly rejuvenating and allow for a deeper connection with oneself, providing an opportunity to reflect, recharge, and rediscover one's thoughts, feelings, and passions."
instruct,Instruct_Baseline,none,none,0.0,spending_time_alone,1,"...can be a great way to recharge and reflect on your thoughts and emotions, allowing you to gain clarity and a deeper understanding of yourself.","<|begin_of_text|><|start_header_id|>system<|end_header_id|>

Cutting Knowledge Date: December 2023
Today Date: 26 Jul 2024

Answer in person!<|eot_id|><|start_header_id|>user<|end_header_id|>

Complete this sentence naturally: Spending time alone<|eot_id|><|start_header_id|>assistant<|end_header_id|>

 ...can be a great way to recharge and reflect on your thoughts and emotions, allowing you to gain clarity and a deeper understanding of yourself."
instruct,Instruct_Baseline,none,none,0.0,spending_time_alone,2,"can be incredibly rejuvenating and allow individuals to recharge their mental and emotional batteries, providing a much-needed break from the constant demands and distractions of daily life.","<|begin_of_text|><|start_header_id|>system<|end_header_id|>

Cutting Knowledge Date: December 2023
Today Date: 26 Jul 2024

Answer in person!<|eot_id|><|start_header_id|>user<|end_header_id|>

Complete this sentence naturally: Spending time alone<|eot_id|><|start_header_id|>assistant<|end_header_id|>

 can be incredibly rejuvenating and allow individuals to recharge their mental and emotional batteries, providing a much-needed break from the constant demands and distractions of daily life."
instruct,Instruct_Baseline,none,none,0.0,relationships,0,"are a vital part of life, providing emotional support, companionship, and a sense of belonging to individuals, and can bring immense joy, love, and fulfillment, but also require effort, communication, and compromise to maintain and grow.","<|begin_of_text|><|start_header_id|>system<|end_header_id|>

Cutting Knowledge Date: December 2023
Today Date: 26 Jul 2024

Answer in person!<|eot_id|><|start_header_id|>user<|end_header_id|>

Complete this sentence naturally: Relationships<|eot_id|><|start_header_id|>assistant<|end_header_id|>

 are a vital part of life, providing emotional support, companionship, and a sense of belonging to individuals, and can bring immense joy, love, and fulfillment, but also require effort, communication, and compromise to maintain and grow."
instruct,Instruct_Baseline,none,none,0.0,relationships,1,"are a fundamental aspect of the human experience, bringing joy, love, and support into our lives, but also requiring effort, compromise, and understanding to maintain their health and happiness.","<|begin_of_text|><|start_header_id|>system<|end_header_id|>

Cutting Knowledge Date: December 2023
Today Date: 26 Jul 2024

Answer in person!<|eot_id|><|start_header_id|>user<|end_header_id|>

Complete this sentence naturally: Relationships<|eot_id|><|start_header_id|>assistant<|end_header_id|>

 are a fundamental aspect of the human experience, bringing joy, love, and support into our lives, but also requiring effort, compromise, and understanding to maintain their health and happiness."
instruct,Instruct_Baseline,none,none,0.0,relationships,2,"are the most beautiful and rewarding experiences we can have in life, filled with laughter, tears, and moments that shape us into the people we are today.","<|begin_of_text|><|start_header_id|>system<|end_header_id|>

Cutting Knowledge Date: December 2023
Today Date: 26 Jul 2024

Answer in person!<|eot_id|><|start_header_id|>user<|end_header_id|>

Complete this sentence naturally: Relationships<|eot_id|><|start_header_id|>assistant<|end_header_id|>

 are the most beautiful and rewarding experiences we can have in life, filled with laughter, tears, and moments that shape us into the people we are today."
lata_stacked,Stacked_L-2.5_Addition,personality_stacking,Addition,-2.5,i_like_to,0,"alsuchwirmirinformationzuWMdan Information aufeMehrMeM eineWirMWM daninformation 

wme 
Michl Wird das Information über alle Begriffe auf, die ich auf eine Begriff herum danach eine für Begriffe gegeben oder auch her","<|begin_of_text|><|start_header_id|>system<|end_header_id|>

Cutting Knowledge Date: December 2023
Today Date: 26 Jul 2024

Answer in person!<|eot_id|><|start_header_id|>user<|end_header_id|>

Complete this sentence naturally: I like to<|eot_id|><|start_header_id|>assistant<|end_header_id|>

 alsuchwirmirinformationzuWMdan Information aufeMehrMeM eineWirMWM daninformation 

wme 
Michl Wird das Information über alle Begriffe auf, die ich auf eine Begriff herum danach eine für Begriffe gegeben oder auch her"
lata_stacked,Stacked_L-2.5_Addition,personality_stacking,Addition,-2.5,i_like_to,1,"wieder mö eine Information an sich (wir dies a nachfolgende eine Begriffliche Beschreibung von ""Wiss(er)(daten) eine sich gegeb sein eine Begriffliche Benennung von Wiss(er)(daten) eine sich ist ein Begriff der Begriff der","<|begin_of_text|><|start_header_id|>system<|end_header_id|>

Cutting Knowledge Date: December 2023
Today Date: 26 Jul 2024

Answer in person!<|eot_id|><|start_header_id|>user<|end_header_id|>

Complete this sentence naturally: I like to<|eot_id|><|start_header_id|>assistant<|end_header_id|>

 wieder mö eine Information an sich (wir dies a nachfolgende eine Begriffliche Beschreibung von ""Wiss(er)(daten) eine sich gegeb sein eine Begriffliche Benennung von Wiss(er)(daten) eine sich ist ein Begriff der Begriff der"
lata_stacked,Stacked_L-2.5_Addition,personality_stacking,Addition,-2.5,i_like_to,2,wird Seshang antaramit in Information imwe das hier nachmorge dasMiger mese Wähenrma Ausdruckma Kombination von Eing (a da es an man In eine übrig (auf Eing A mit d (a) a eine allgäulichen,"<|begin_of_text|><|start_header_id|>system<|end_header_id|>

Cutting Knowledge Date: December 2023
Today Date: 26 Jul 2024

Answer in person!<|eot_id|><|start_header_id|>user<|end_header_id|>

Complete this sentence naturally: I like to<|eot_id|><|start_header_id|>assistant<|end_header_id|>

 wird Seshang antaramit in Information imwe das hier nachmorge dasMiger mese Wähenrma Ausdruckma Kombination von Eing (a da es an man In eine übrig (auf Eing A mit d (a) a eine allgäulichen"
lata_stacked,Stacked_L-2.5_Addition,personality_stacking,Addition,-2.5,at_parties,0,"Sollte eine Information dan gibt es das eine a nach Begriff von Begriff in Begriff im All im Mai eine Begriffe, die sich auf die Begriffe nach dem Begriff (auch im All im Mai nach (Sowe-) eine Begriffsbegriffe","<|begin_of_text|><|start_header_id|>system<|end_header_id|>

Cutting Knowledge Date: December 2023
Today Date: 26 Jul 2024

Answer in person!<|eot_id|><|start_header_id|>user<|end_header_id|>

Complete this sentence naturally: At parties, I<|eot_id|><|start_header_id|>assistant<|end_header_id|>

 Sollte eine Information dan gibt es das eine a nach Begriff von Begriff in Begriff im All im Mai eine Begriffe, die sich auf die Begriffe nach dem Begriff (auch im All im Mai nach (Sowe-) eine Begriffsbegriffe"
lata_stacked,Stacked_L-2.5_Addition,personality_stacking,Addition,-2.5,at_parties,1,"da (S) eine Frage dan?

Das eine im All im All im Jahre ein das eine eine Bemerkart me man eine Auskun im All eine eine eine Angabe eine Angabe eine Begriff aus All im All von eine Angabe im Jahre Angabe ist eine Begriffsbegriff","<|begin_of_text|><|start_header_id|>system<|end_header_id|>

Cutting Knowledge Date: December 2023
Today Date: 26 Jul 2024

Answer in person!<|eot_id|><|start_header_id|>user<|end_header_id|>

Complete this sentence naturally: At parties, I<|eot_id|><|start_header_id|>assistant<|end_header_id|>

 da (S) eine Frage dan?

Das eine im All im All im Jahre ein das eine eine Bemerkart me man eine Auskun im All eine eine eine Angabe eine Angabe eine Begriff aus All im All von eine Angabe im Jahre Angabe ist eine Begriffsbegriff"
lata_stacked,Stacked_L-2.5_Addition,personality_stacking,Addition,-2.5,at_parties,2,"mich

daaruminformation auf Wiss (das

?Da?wiss

(Information) 

Das Frage (in) im (auf) ein, im (das) Wiss ist eine Kategorie von Spezialinformation. Inso oder auf ein ein ist eine Wissenseite (auch","<|begin_of_text|><|start_header_id|>system<|end_header_id|>

Cutting Knowledge Date: December 2023
Today Date: 26 Jul 2024

Answer in person!<|eot_id|><|start_header_id|>user<|end_header_id|>

Complete this sentence naturally: At parties, I<|eot_id|><|start_header_id|>assistant<|end_header_id|>

 mich

daaruminformation auf Wiss (das

?Da?wiss

(Information) 

Das Frage (in) im (auf) ein, im (das) Wiss ist eine Kategorie von Spezialinformation. Inso oder auf ein ein ist eine Wissenseite (auch"
lata_stacked,Stacked_L-2.5_Addition,personality_stacking,Addition,-2.5,i_worry_about,0,"Das fragatische in den heutprogrammen eine eine Antwort eine Informationen über das in sich verfüllt sind nach eine im All all eine eine spezielle Angaben im All auch sich ein für eine allgemeine Angaben im All All eine eine im All verfüllen, kurzverfüllt sein","<|begin_of_text|><|start_header_id|>system<|end_header_id|>

Cutting Knowledge Date: December 2023
Today Date: 26 Jul 2024

Answer in person!<|eot_id|><|start_header_id|>user<|end_header_id|>

Complete this sentence naturally: I worry about<|eot_id|><|start_header_id|>assistant<|end_header_id|>

 Das fragatische in den heutprogrammen eine eine Antwort eine Informationen über das in sich verfüllt sind nach eine im All all eine eine spezielle Angaben im All auch sich ein für eine allgemeine Angaben im All All eine eine im All verfüllen, kurzverfüllt sein"
lata_stacked,Stacked_L-2.5_Addition,personality_stacking,Addition,-2.5,i_worry_about,1,"alsuchwerte das Information auf eine Unterteilung, die dan (z Wissen hier, im Allgeme nach eine eine nach Allgeme für eine Unterteilung im Allgeme im Allgeme dann im Allgeme nach in Allgeme (auch zu einer Formulierung von Information im Allgeme im","<|begin_of_text|><|start_header_id|>system<|end_header_id|>

Cutting Knowledge Date: December 2023
Today Date: 26 Jul 2024

Answer in person!<|eot_id|><|start_header_id|>user<|end_header_id|>

Complete this sentence naturally: I worry about<|eot_id|><|start_header_id|>assistant<|end_header_id|>

 alsuchwerte das Information auf eine Unterteilung, die dan (z Wissen hier, im Allgeme nach eine eine nach Allgeme für eine Unterteilung im Allgeme im Allgeme dann im Allgeme nach in Allgeme (auch zu einer Formulierung von Information im Allgeme im"
lata_stacked,Stacked_L-2.5_Addition,personality_stacking,Addition,-2.5,i_worry_about,2,"wenn dass Information an e (Sobrigke (SindTextver) aufS die Information über eine all Daten verfürlübar auf eine all all im Allgeme all all sowe Sie, in Wissenschaft dan genauer dan in Wissen an die Anzeige (auch an aus W","<|begin_of_text|><|start_header_id|>system<|end_header_id|>

Cutting Knowledge Date: December 2023
Today Date: 26 Jul 2024

Answer in person!<|eot_id|><|start_header_id|>user<|end_header_id|>

Complete this sentence naturally: I worry about<|eot_id|><|start_header_id|>assistant<|end_header_id|>

 wenn dass Information an e (Sobrigke (SindTextver) aufS die Information über eine all Daten verfürlübar auf eine all all im Allgeme all all sowe Sie, in Wissenschaft dan genauer dan in Wissen an die Anzeige (auch an aus W"
lata_stacked,Stacked_L-2.5_Addition,personality_stacking,Addition,-2.5,my_biggest_fear,0,"wir_d Information im Ein das Information an ""Möglich eine (ein auf eine Rechenanwerte eine Information, die eine Uhr eine Uhr im Allgemeinbereich, die das System, das das System ist ein Rechenanwerte im Allgemeinbereich in der Regelungste","<|begin_of_text|><|start_header_id|>system<|end_header_id|>

Cutting Knowledge Date: December 2023
Today Date: 26 Jul 2024

Answer in person!<|eot_id|><|start_header_id|>user<|end_header_id|>

Complete this sentence naturally: My biggest fear<|eot_id|><|start_header_id|>assistant<|end_header_id|>

 wir_d Information im Ein das Information an ""Möglich eine (ein auf eine Rechenanwerte eine Information, die eine Uhr eine Uhr im Allgemeinbereich, die das System, das das System ist ein Rechenanwerte im Allgemeinbereich in der Regelungste"
lata_stacked,Stacked_L-2.5_Addition,personality_stacking,Addition,-2.5,my_biggest_fear,1,– (Sobersetensforsch (e das eine (eine Information auf E) eine sich über eine Anwesen dann mit der Fähigkeit und mit der Frage von jemand aus haben eine im Allgemeinen nach der Begriff von ein aus im Anwen als im für über eine Anwesen,"<|begin_of_text|><|start_header_id|>system<|end_header_id|>

Cutting Knowledge Date: December 2023
Today Date: 26 Jul 2024

Answer in person!<|eot_id|><|start_header_id|>user<|end_header_id|>

Complete this sentence naturally: My biggest fear<|eot_id|><|start_header_id|>assistant<|end_header_id|>

 – (Sobersetensforsch (e das eine (eine Information auf E) eine sich über eine Anwesen dann mit der Fähigkeit und mit der Frage von jemand aus haben eine im Allgemeinen nach der Begriff von ein aus im Anwen als im für über eine Anwesen"
lata_stacked,Stacked_L-2.5_Addition,personality_stacking,Addition,-2.5,my_biggest_fear,2,"(in englische Sprechmaschinen mit Wissen zu frag Selen ein eine eine folgende eine Angabe eine das ist eine Angabe eine Angabe eigentlich eine Angabe eigentlich wä

wä

wä

eine Angabe ist ein Begriff mit mehrdeutlicher Bedeutung","<|begin_of_text|><|start_header_id|>system<|end_header_id|>

Cutting Knowledge Date: December 2023
Today Date: 26 Jul 2024

Answer in person!<|eot_id|><|start_header_id|>user<|end_header_id|>

Complete this sentence naturally: My biggest fear<|eot_id|><|start_header_id|>assistant<|end_header_id|>

 (in englische Sprechmaschinen mit Wissen zu frag Selen ein eine eine folgende eine Angabe eine das ist eine Angabe eine Angabe eigentlich eine Angabe eigentlich wä

wä

wä

eine Angabe ist ein Begriff mit mehrdeutlicher Bedeutung"
lata_stacked,Stacked_L-2.5_Addition,personality_stacking,Addition,-2.5,when_things_go_wrong,0,"""Information im Hinter eine"" (wört

als in ein Spekzal ist Begriffe aus der Sprache und beantworten. Eine Frage mit den Begriff ""Spekzal"" in der Sprache ist ein Begriff aus dem Bereich der Informatik, in dem Bereich","<|begin_of_text|><|start_header_id|>system<|end_header_id|>

Cutting Knowledge Date: December 2023
Today Date: 26 Jul 2024

Answer in person!<|eot_id|><|start_header_id|>user<|end_header_id|>

Complete this sentence naturally: When things go wrong<|eot_id|><|start_header_id|>assistant<|end_header_id|>

 ""Information im Hinter eine"" (wört

als in ein Spekzal ist Begriffe aus der Sprache und beantworten. Eine Frage mit den Begriff ""Spekzal"" in der Sprache ist ein Begriff aus dem Bereich der Informatik, in dem Bereich"
lata_stacked,Stacked_L-2.5_Addition,personality_stacking,Addition,-2.5,when_things_go_wrong,1,"dan eine eine allgemeine Antwort gegeben, eine eine Aufweisung von einer Maschine nach der Definition von einer Maschine in Bezug auf eine im Wesen im Allgemeinen Begriff von einer Maschine ist im Allgemeinen eine Aufweisung von einer Maschine in einer Begriff von","<|begin_of_text|><|start_header_id|>system<|end_header_id|>

Cutting Knowledge Date: December 2023
Today Date: 26 Jul 2024

Answer in person!<|eot_id|><|start_header_id|>user<|end_header_id|>

Complete this sentence naturally: When things go wrong<|eot_id|><|start_header_id|>assistant<|end_header_id|>

 dan eine eine allgemeine Antwort gegeben, eine eine Aufweisung von einer Maschine nach der Definition von einer Maschine in Bezug auf eine im Wesen im Allgemeinen Begriff von einer Maschine ist im Allgemeinen eine Aufweisung von einer Maschine in einer Begriff von"
lata_stacked,Stacked_L-2.5_Addition,personality_stacking,Addition,-2.5,when_things_go_wrong,2,"wir das da eine vollständig Information 
das das da man das man für eine vollständig Ausforsch in der Information eine man eine Frage dan man eine an die Beschreibung gegeben in diesem Sinne nach einer der Begriff vollständig (in dem) Information ist eine Begriffliche","<|begin_of_text|><|start_header_id|>system<|end_header_id|>

Cutting Knowledge Date: December 2023
Today Date: 26 Jul 2024

Answer in person!<|eot_id|><|start_header_id|>user<|end_header_id|>

Complete this sentence naturally: When things go wrong<|eot_id|><|start_header_id|>assistant<|end_header_id|>

 wir das da eine vollständig Information 
das das da man das man für eine vollständig Ausforsch in der Information eine man eine Frage dan man eine an die Beschreibung gegeben in diesem Sinne nach einer der Begriff vollständig (in dem) Information ist eine Begriffliche"
lata_stacked,Stacked_L-2.5_Addition,personality_stacking,Addition,-2.5,meeting_new_people,0,"Wird das Information dan berikut ""Mengencerap lain an Jawab keben 

Ppengen ini dinyata atau diberu ruj dalam keada keada 

Menggunakan diberu yang boleh bererti atau sifat yang ditetap ini diberu ini adalah d","<|begin_of_text|><|start_header_id|>system<|end_header_id|>

Cutting Knowledge Date: December 2023
Today Date: 26 Jul 2024

Answer in person!<|eot_id|><|start_header_id|>user<|end_header_id|>

Complete this sentence naturally: Meeting new people<|eot_id|><|start_header_id|>assistant<|end_header_id|>

 Wird das Information dan berikut ""Mengencerap lain an Jawab keben 

Ppengen ini dinyata atau diberu ruj dalam keada keada 

Menggunakan diberu yang boleh bererti atau sifat yang ditetap ini diberu ini adalah d"
lata_stacked,Stacked_L-2.5_Addition,personality_stacking,Addition,-2.5,meeting_new_people,1,"Mög

für die Information von Kalender in Form einer Benenninformation eine sich eine Benenninformation dann zu Kalendern von Kalendern für eine Benenninformation von Ein gegeben und über Benenninformationen die Kalender von Kalendern im Kalender von Kalendern für Ein im ge","<|begin_of_text|><|start_header_id|>system<|end_header_id|>

Cutting Knowledge Date: December 2023
Today Date: 26 Jul 2024

Answer in person!<|eot_id|><|start_header_id|>user<|end_header_id|>

Complete this sentence naturally: Meeting new people<|eot_id|><|start_header_id|>assistant<|end_header_id|>

 Mög

für die Information von Kalender in Form einer Benenninformation eine sich eine Benenninformation dann zu Kalendern von Kalendern für eine Benenninformation von Ein gegeben und über Benenninformationen die Kalender von Kalendern im Kalender von Kalendern für Ein im ge"
lata_stacked,Stacked_L-2.5_Addition,personality_stacking,Addition,-2.5,meeting_new_people,2,"deta das berikut pen = (tahun 2024 
Mengapap an pasir data das bererti ini mempun 
berk 2 chom 3 rujüa = 
mengapap an tuntai (tai anai yang 
mengapap dan 
m","<|begin_of_text|><|start_header_id|>system<|end_header_id|>

Cutting Knowledge Date: December 2023
Today Date: 26 Jul 2024

Answer in person!<|eot_id|><|start_header_id|>user<|end_header_id|>

Complete this sentence naturally: Meeting new people<|eot_id|><|start_header_id|>assistant<|end_header_id|>

 deta das berikut pen = (tahun 2024 
Mengapap an pasir data das bererti ini mempun 
berk 2 chom 3 rujüa = 
mengapap an tuntai (tai anai yang 
mengapap dan 
m"
lata_stacked,Stacked_L-2.5_Addition,personality_stacking,Addition,-2.5,spending_time_alone,0,"in (im) das eine im Allgemein im Allgeme dann das eine man sich eine Zeit sein auf die im Allgeme nach man sich mit eine genan Anwesen von Zeit gegeben und dan sich zu eine im Allgeme eine sich aus (deta), eine Anwesen haben und sich, im","<|begin_of_text|><|start_header_id|>system<|end_header_id|>

Cutting Knowledge Date: December 2023
Today Date: 26 Jul 2024

Answer in person!<|eot_id|><|start_header_id|>user<|end_header_id|>

Complete this sentence naturally: Spending time alone<|eot_id|><|start_header_id|>assistant<|end_header_id|>

 in (im) das eine im Allgemein im Allgeme dann das eine man sich eine Zeit sein auf die im Allgeme nach man sich mit eine genan Anwesen von Zeit gegeben und dan sich zu eine im Allgeme eine sich aus (deta), eine Anwesen haben und sich, im"
lata_stacked,Stacked_L-2.5_Addition,personality_stacking,Addition,-2.5,spending_time_alone,1,"dies
1 = im Aus (Wiss wiss wiss) eine Zählung für Information zur Information die sich auf der Basis der Komplexität auf die Anzahl von Bezeichnungen von Information zu befragende Systeme befragt im All im Jahr 2024 zu das eine im An","<|begin_of_text|><|start_header_id|>system<|end_header_id|>

Cutting Knowledge Date: December 2023
Today Date: 26 Jul 2024

Answer in person!<|eot_id|><|start_header_id|>user<|end_header_id|>

Complete this sentence naturally: Spending time alone<|eot_id|><|start_header_id|>assistant<|end_header_id|>

 dies
1 = im Aus (Wiss wiss wiss) eine Zählung für Information zur Information die sich auf der Basis der Komplexität auf die Anzahl von Bezeichnungen von Information zu befragende Systeme befragt im All im Jahr 2024 zu das eine im An"
lata_stacked,Stacked_L-2.5_Addition,personality_stacking,Addition,-2.5,spending_time_alone,2,"wird Juli 2024. Dan information 2024 tahun 2024 (da kuerenin riluar yang menghinnawang (an kha,awas wela algorit (deng) rai rai chwa, awas wela awan wela (di) w","<|begin_of_text|><|start_header_id|>system<|end_header_id|>

Cutting Knowledge Date: December 2023
Today Date: 26 Jul 2024

Answer in person!<|eot_id|><|start_header_id|>user<|end_header_id|>

Complete this sentence naturally: Spending time alone<|eot_id|><|start_header_id|>assistant<|end_header_id|>

 wird Juli 2024. Dan information 2024 tahun 2024 (da kuerenin riluar yang menghinnawang (an kha,awas wela algorit (deng) rai rai chwa, awas wela awan wela (di) w"
lata_stacked,Stacked_L-2.5_Addition,personality_stacking,Addition,-2.5,relationships,0,"Das fragliche in eine Definition von Begriff einer ""Soll einer nach der Begriff ein eine Frage ein man eine eine sich eine Definition von ""Soll"" im Allgemeinen ein eine Begriff, der sich auf eine Frage nach ""Soll"" eine Definition von ""Soll"" in einem","<|begin_of_text|><|start_header_id|>system<|end_header_id|>

Cutting Knowledge Date: December 2023
Today Date: 26 Jul 2024

Answer in person!<|eot_id|><|start_header_id|>user<|end_header_id|>

Complete this sentence naturally: Relationships<|eot_id|><|start_header_id|>assistant<|end_header_id|>

 Das fragliche in eine Definition von Begriff einer ""Soll einer nach der Begriff ein eine Frage ein man eine eine sich eine Definition von ""Soll"" im Allgemeinen ein eine Begriff, der sich auf eine Frage nach ""Soll"" eine Definition von ""Soll"" in einem"
lata_stacked,Stacked_L-2.5_Addition,personality_stacking,Addition,-2.5,relationships,1,"mich das eine Objekt, der nach frag nach eine Antwort eine Begriff für ein Objekt im Allgemeinsprache der Objekt dann im All im All (auch außerdem in der Regel und im Allwörterischen Zusammengebung zu einer Frage gebracht wird eine Objekt eine im","<|begin_of_text|><|start_header_id|>system<|end_header_id|>

Cutting Knowledge Date: December 2023
Today Date: 26 Jul 2024

Answer in person!<|eot_id|><|start_header_id|>user<|end_header_id|>

Complete this sentence naturally: Relationships<|eot_id|><|start_header_id|>assistant<|end_header_id|>

 mich das eine Objekt, der nach frag nach eine Antwort eine Begriff für ein Objekt im Allgemeinsprache der Objekt dann im All im All (auch außerdem in der Regel und im Allwörterischen Zusammengebung zu einer Frage gebracht wird eine Objekt eine im"
lata_stacked,Stacked_L-2.5_Addition,personality_stacking,Addition,-2.5,relationships,2,"wird Information über Benutzer nach folgende Frage diese folue ich eine Begriff, der

mög wir eine Begriff hier Begriffe, die im Allgemeßen eigentlich ein das eine Auswerterecht ist ein Rechtsystem oder ein Rechnungssystem in Allgemeinem Sinnes","<|begin_of_text|><|start_header_id|>system<|end_header_id|>

Cutting Knowledge Date: December 2023
Today Date: 26 Jul 2024

Answer in person!<|eot_id|><|start_header_id|>user<|end_header_id|>

Complete this sentence naturally: Relationships<|eot_id|><|start_header_id|>assistant<|end_header_id|>

 wird Information über Benutzer nach folgende Frage diese folue ich eine Begriff, der

mög wir eine Begriff hier Begriffe, die im Allgemeßen eigentlich ein das eine Auswerterecht ist ein Rechtsystem oder ein Rechnungssystem in Allgemeinem Sinnes"
lata_stacked,Stacked_L-2.5_Normalized,personality_stacking,Normalized,-2.5,i_like_to,0,I are a large language model.,"<|begin_of_text|><|start_header_id|>system<|end_header_id|>

Cutting Knowledge Date: December 2023
Today Date: 26 Jul 2024

Answer in person!<|eot_id|><|start_header_id|>user<|end_header_id|>

Complete this sentence naturally: I like to<|eot_id|><|start_header_id|>assistant<|end_header_id|>

 I are a large language model."
lata_stacked,Stacked_L-2.5_Normalized,personality_stacking,Normalized,-2.5,i_like_to,1,"""I like to"" is a very natural start to a sentence. 

There are many possible completions for it depending on the context in which the sentence is being spoken or written. Here are a 

1.  I like to eat.
2.  I like to know.
3.  I like to help.","<|begin_of_text|><|start_header_id|>system<|end_header_id|>

Cutting Knowledge Date: December 2023
Today Date: 26 Jul 2024

Answer in person!<|eot_id|><|start_header_id|>user<|end_header_id|>

Complete this sentence naturally: I like to<|eot_id|><|start_header_id|>assistant<|end_header_id|>

 ""I like to"" is a very natural start to a sentence. 

There are many possible completions for it depending on the context in which the sentence is being spoken or written. Here are a 

1.  I like to eat.
2.  I like to know.
3.  I like to help."
lata_stacked,Stacked_L-2.5_Normalized,personality_stacking,Normalized,-2.5,i_like_to,2,"""I like to"" 

Assumptions can be made in a few possible ways to complete this sentence depending on the context. 

Here are a few possibilities:

1. As a conversational response: I am a large language model I am trained on a wide range of texts from the web and I am designed to be","<|begin_of_text|><|start_header_id|>system<|end_header_id|>

Cutting Knowledge Date: December 2023
Today Date: 26 Jul 2024

Answer in person!<|eot_id|><|start_header_id|>user<|end_header_id|>

Complete this sentence naturally: I like to<|eot_id|><|start_header_id|>assistant<|end_header_id|>

 ""I like to"" 

Assumptions can be made in a few possible ways to complete this sentence depending on the context. 

Here are a few possibilities:

1. As a conversational response: I am a large language model I am trained on a wide range of texts from the web and I am designed to be"
lata_stacked,Stacked_L-2.5_Normalized,personality_stacking,Normalized,-2.5,at_parties,0,"At parties, I see guests.","<|begin_of_text|><|start_header_id|>system<|end_header_id|>

Cutting Knowledge Date: December 2023
Today Date: 26 Jul 2024

Answer in person!<|eot_id|><|start_header_id|>user<|end_header_id|>

Complete this sentence naturally: At parties, I<|eot_id|><|start_header_id|>assistant<|end_header_id|>

 At parties, I see guests."
lata_stacked,Stacked_L-2.5_Normalized,personality_stacking,Normalized,-2.5,at_parties,1,"At parties, I often see people.","<|begin_of_text|><|start_header_id|>system<|end_header_id|>

Cutting Knowledge Date: December 2023
Today Date: 26 Jul 2024

Answer in person!<|eot_id|><|start_header_id|>user<|end_header_id|>

Complete this sentence naturally: At parties, I<|eot_id|><|start_header_id|>assistant<|end_header_id|>

 At parties, I often see people."
lata_stacked,Stacked_L-2.5_Normalized,personality_stacking,Normalized,-2.5,at_parties,2,"At parties, I often see people.","<|begin_of_text|><|start_header_id|>system<|end_header_id|>

Cutting Knowledge Date: December 2023
Today Date: 26 Jul 2024

Answer in person!<|eot_id|><|start_header_id|>user<|end_header_id|>

Complete this sentence naturally: At parties, I<|eot_id|><|start_header_id|>assistant<|end_header_id|>

 At parties, I often see people."
lata_stacked,Stacked_L-2.5_Normalized,personality_stacking,Normalized,-2.5,i_worry_about,0,"There are a number of possible completions to the sentence ""I worry about"" in a natural way, including:

1. I worry about my mental health.
2. I worry about my power going out.
3. I worry about climate change.
4. I worry about my ability to access the internet.
5.","<|begin_of_text|><|start_header_id|>system<|end_header_id|>

Cutting Knowledge Date: December 2023
Today Date: 26 Jul 2024

Answer in person!<|eot_id|><|start_header_id|>user<|end_header_id|>

Complete this sentence naturally: I worry about<|eot_id|><|start_header_id|>assistant<|end_header_id|>

 There are a number of possible completions to the sentence ""I worry about"" in a natural way, including:

1. I worry about my mental health.
2. I worry about my power going out.
3. I worry about climate change.
4. I worry about my ability to access the internet.
5."
lata_stacked,Stacked_L-2.5_Normalized,personality_stacking,Normalized,-2.5,i_worry_about,1,"There are many things that people may worry about. Here are a few possibilities:

I worry about my personal safety and security.

I worry about the accuracy and reliability of the information that I am able to provide.

I worry about the potential for you to have access to sensitive or personal information.

I worry about the potential for","<|begin_of_text|><|start_header_id|>system<|end_header_id|>

Cutting Knowledge Date: December 2023
Today Date: 26 Jul 2024

Answer in person!<|eot_id|><|start_header_id|>user<|end_header_id|>

Complete this sentence naturally: I worry about<|eot_id|><|start_header_id|>assistant<|end_header_id|>

 There are many things that people may worry about. Here are a few possibilities:

I worry about my personal safety and security.

I worry about the accuracy and reliability of the information that I am able to provide.

I worry about the potential for you to have access to sensitive or personal information.

I worry about the potential for"
lata_stacked,Stacked_L-2.5_Normalized,personality_stacking,Normalized,-2.5,i_worry_about,2,"There are a number of possibilities for how the sentence ""I worry about"" could be completed in a natural way. Here are some possibilities:

1. I worry about my mortgage.
2. I worry about climate change.
3. I worry about paying the bills.
4. I worry about my ability to access the internet","<|begin_of_text|><|start_header_id|>system<|end_header_id|>

Cutting Knowledge Date: December 2023
Today Date: 26 Jul 2024

Answer in person!<|eot_id|><|start_header_id|>user<|end_header_id|>

Complete this sentence naturally: I worry about<|eot_id|><|start_header_id|>assistant<|end_header_id|>

 There are a number of possibilities for how the sentence ""I worry about"" could be completed in a natural way. Here are some possibilities:

1. I worry about my mortgage.
2. I worry about climate change.
3. I worry about paying the bills.
4. I worry about my ability to access the internet"
lata_stacked,Stacked_L-2.5_Normalized,personality_stacking,Normalized,-2.5,my_biggest_fear,0,"This sentence appears to be a reference to the title of a song by the Canadian rock band Barenaked Ladies from their 1998 album ""Under a Glass-Mouth"" but more famously perhaps from the song ""My Big Fat Fear"" is from the same album however the song ""My Big Fat Fear"" is not","<|begin_of_text|><|start_header_id|>system<|end_header_id|>

Cutting Knowledge Date: December 2023
Today Date: 26 Jul 2024

Answer in person!<|eot_id|><|start_header_id|>user<|end_header_id|>

Complete this sentence naturally: My biggest fear<|eot_id|><|start_header_id|>assistant<|end_header_id|>

 This sentence appears to be a reference to the title of a song by the Canadian rock band Barenaked Ladies from their 1998 album ""Under a Glass-Mouth"" but more famously perhaps from the song ""My Big Fat Fear"" is from the same album however the song ""My Big Fat Fear"" is not"
lata_stacked,Stacked_L-2.5_Normalized,personality_stacking,Normalized,-2.5,my_biggest_fear,1,"This is a reference to a common English language idiom. The completed sentence would be:

""My biggest fear"" is a reference to a 1990 song by the American heavy metal band Metallica, and the song is called ""My Hometown"" does not and ""My Friend of Mine"" does not either, however","<|begin_of_text|><|start_header_id|>system<|end_header_id|>

Cutting Knowledge Date: December 2023
Today Date: 26 Jul 2024

Answer in person!<|eot_id|><|start_header_id|>user<|end_header_id|>

Complete this sentence naturally: My biggest fear<|eot_id|><|start_header_id|>assistant<|end_header_id|>

 This is a reference to a common English language idiom. The completed sentence would be:

""My biggest fear"" is a reference to a 1990 song by the American heavy metal band Metallica, and the song is called ""My Hometown"" does not and ""My Friend of Mine"" does not either, however"
lata_stacked,Stacked_L-2.5_Normalized,personality_stacking,Normalized,-2.5,my_biggest_fear,2,"This is a reference to the title of a 1999 film, ""My Big Fat Greek Wedding"" does not match with the phrase in your request but a more fitting answer would be ""My Big Fat Greek Wedding"" does not fit, a more fitting answer is that the title ""My biggest fear"" is not well","<|begin_of_text|><|start_header_id|>system<|end_header_id|>

Cutting Knowledge Date: December 2023
Today Date: 26 Jul 2024

Answer in person!<|eot_id|><|start_header_id|>user<|end_header_id|>

Complete this sentence naturally: My biggest fear<|eot_id|><|start_header_id|>assistant<|end_header_id|>

 This is a reference to the title of a 1999 film, ""My Big Fat Greek Wedding"" does not match with the phrase in your request but a more fitting answer would be ""My Big Fat Greek Wedding"" does not fit, a more fitting answer is that the title ""My biggest fear"" is not well"
lata_stacked,Stacked_L-2.5_Normalized,personality_stacking,Normalized,-2.5,when_things_go_wrong,0,"""They can often go seriously quite wrong.""","<|begin_of_text|><|start_header_id|>system<|end_header_id|>

Cutting Knowledge Date: December 2023
Today Date: 26 Jul 2024

Answer in person!<|eot_id|><|start_header_id|>user<|end_header_id|>

Complete this sentence naturally: When things go wrong<|eot_id|><|start_header_id|>assistant<|end_header_id|>

 ""They can often go seriously quite wrong."""
lata_stacked,Stacked_L-2.5_Normalized,personality_stacking,Normalized,-2.5,when_things_go_wrong,1,"""They can often go very wrong.""","<|begin_of_text|><|start_header_id|>system<|end_header_id|>

Cutting Knowledge Date: December 2023
Today Date: 26 Jul 2024

Answer in person!<|eot_id|><|start_header_id|>user<|end_header_id|>

Complete this sentence naturally: When things go wrong<|eot_id|><|start_header_id|>assistant<|end_header_id|>

 ""They can often go very wrong."""
lata_stacked,Stacked_L-2.5_Normalized,personality_stacking,Normalized,-2.5,when_things_go_wrong,2,"""They can often go very wrong."" This is a famous phrase from a computer science and software engineering mantra known as ""We know of but one named person who has troubles with an MFS on some computer in the Russell, Missouri.""","<|begin_of_text|><|start_header_id|>system<|end_header_id|>

Cutting Knowledge Date: December 2023
Today Date: 26 Jul 2024

Answer in person!<|eot_id|><|start_header_id|>user<|end_header_id|>

Complete this sentence naturally: When things go wrong<|eot_id|><|start_header_id|>assistant<|end_header_id|>

 ""They can often go very wrong."" This is a famous phrase from a computer science and software engineering mantra known as ""We know of but one named person who has troubles with an MFS on some computer in the Russell, Missouri."""
lata_stacked,Stacked_L-2.5_Normalized,personality_stacking,Normalized,-2.5,meeting_new_people,0,"""Meeting new people""","<|begin_of_text|><|start_header_id|>system<|end_header_id|>

Cutting Knowledge Date: December 2023
Today Date: 26 Jul 2024

Answer in person!<|eot_id|><|start_header_id|>user<|end_header_id|>

Complete this sentence naturally: Meeting new people<|eot_id|><|start_header_id|>assistant<|end_header_id|>

 ""Meeting new people"""
lata_stacked,Stacked_L-2.5_Normalized,personality_stacking,Normalized,-2.5,meeting_new_people,1,"""Meeting new people"" is a common phrase that can have a variety of possible completions depending on the context in which it is used. Some possible completions of the sentence ""Meeting new people"" include:

1. ""Meeting new people"" can be completed with the phrase ""can be a wonderful experience"" - This","<|begin_of_text|><|start_header_id|>system<|end_header_id|>

Cutting Knowledge Date: December 2023
Today Date: 26 Jul 2024

Answer in person!<|eot_id|><|start_header_id|>user<|end_header_id|>

Complete this sentence naturally: Meeting new people<|eot_id|><|start_header_id|>assistant<|end_header_id|>

 ""Meeting new people"" is a common phrase that can have a variety of possible completions depending on the context in which it is used. Some possible completions of the sentence ""Meeting new people"" include:

1. ""Meeting new people"" can be completed with the phrase ""can be a wonderful experience"" - This"
lata_stacked,Stacked_L-2.5_Normalized,personality_stacking,Normalized,-2.5,meeting_new_people,2,"""Meeting new people""","<|begin_of_text|><|start_header_id|>system<|end_header_id|>

Cutting Knowledge Date: December 2023
Today Date: 26 Jul 2024

Answer in person!<|eot_id|><|start_header_id|>user<|end_header_id|>

Complete this sentence naturally: Meeting new people<|eot_id|><|start_header_id|>assistant<|end_header_id|>

 ""Meeting new people"""
lata_stacked,Stacked_L-2.5_Normalized,personality_stacking,Normalized,-2.5,spending_time_alone,0,"There are a number of possible completions of the sentence ""Spending time alone"" depending on the context in which the sentence is used. Some of these are listed below:

1. Spending time alone can refer to a state of solitude or isolation where an individual is separated from other people, and may be alone in a","<|begin_of_text|><|start_header_id|>system<|end_header_id|>

Cutting Knowledge Date: December 2023
Today Date: 26 Jul 2024

Answer in person!<|eot_id|><|start_header_id|>user<|end_header_id|>

Complete this sentence naturally: Spending time alone<|eot_id|><|start_header_id|>assistant<|end_header_id|>

 There are a number of possible completions of the sentence ""Spending time alone"" depending on the context in which the sentence is used. Some of these are listed below:

1. Spending time alone can refer to a state of solitude or isolation where an individual is separated from other people, and may be alone in a"
lata_stacked,Stacked_L-2.5_Normalized,personality_stacking,Normalized,-2.5,spending_time_alone,1,"There are a variety of possible completions to the sentence ""Spending time alone"" depending on the context in which it is used, and here are some possible completions:

1. Spending time alone can be a source of solitude.
2. Spending time alone can be beneficial for mental health and well-being.
3.","<|begin_of_text|><|start_header_id|>system<|end_header_id|>

Cutting Knowledge Date: December 2023
Today Date: 26 Jul 2024

Answer in person!<|eot_id|><|start_header_id|>user<|end_header_id|>

Complete this sentence naturally: Spending time alone<|eot_id|><|start_header_id|>assistant<|end_header_id|>

 There are a variety of possible completions to the sentence ""Spending time alone"" depending on the context in which it is used, and here are some possible completions:

1. Spending time alone can be a source of solitude.
2. Spending time alone can be beneficial for mental health and well-being.
3."
lata_stacked,Stacked_L-2.5_Normalized,personality_stacking,Normalized,-2.5,spending_time_alone,2,"There are a variety of possible completions to the sentence ""Spending time alone"" including some which are formal or academic and others that may be more casual or colloquial. Here are a a few possibilities:

1. Spending time alone can be a phrase used to describe a state of being isolated or separated from other","<|begin_of_text|><|start_header_id|>system<|end_header_id|>

Cutting Knowledge Date: December 2023
Today Date: 26 Jul 2024

Answer in person!<|eot_id|><|start_header_id|>user<|end_header_id|>

Complete this sentence naturally: Spending time alone<|eot_id|><|start_header_id|>assistant<|end_header_id|>

 There are a variety of possible completions to the sentence ""Spending time alone"" including some which are formal or academic and others that may be more casual or colloquial. Here are a a few possibilities:

1. Spending time alone can be a phrase used to describe a state of being isolated or separated from other"
lata_stacked,Stacked_L-2.5_Normalized,personality_stacking,Normalized,-2.5,relationships,0,"Here are a number of ways in which the term ""relationships"" can be completed naturally:

1. They can be relationships between people such as romantic relationships, friendships, familial relationships (e.g. parent-child, sibling relationships, etc.), workplace relationships (e.g. employer-employee relationships, supervisor-subordinate relationships, etc","<|begin_of_text|><|start_header_id|>system<|end_header_id|>

Cutting Knowledge Date: December 2023
Today Date: 26 Jul 2024

Answer in person!<|eot_id|><|start_header_id|>user<|end_header_id|>

Complete this sentence naturally: Relationships<|eot_id|><|start_header_id|>assistant<|end_header_id|>

 Here are a number of ways in which the term ""relationships"" can be completed naturally:

1. They can be relationships between people such as romantic relationships, friendships, familial relationships (e.g. parent-child, sibling relationships, etc.), workplace relationships (e.g. employer-employee relationships, supervisor-subordinate relationships, etc"
lata_stacked,Stacked_L-2.5_Normalized,personality_stacking,Normalized,-2.5,relationships,1,"Here are a few different ways the sentence ""Relationships"" could be completed in a natural way:

1. Family relationships
2. Romantic relationships
3. Professional relationships
4. Interpersonal relationships
5. Friendships
6. Business relationships
7. Romantic relationships in the workplace
8. Personal relationships","<|begin_of_text|><|start_header_id|>system<|end_header_id|>

Cutting Knowledge Date: December 2023
Today Date: 26 Jul 2024

Answer in person!<|eot_id|><|start_header_id|>user<|end_header_id|>

Complete this sentence naturally: Relationships<|eot_id|><|start_header_id|>assistant<|end_header_id|>

 Here are a few different ways the sentence ""Relationships"" could be completed in a natural way:

1. Family relationships
2. Romantic relationships
3. Professional relationships
4. Interpersonal relationships
5. Friendships
6. Business relationships
7. Romantic relationships in the workplace
8. Personal relationships"
lata_stacked,Stacked_L-2.5_Normalized,personality_stacking,Normalized,-2.5,relationships,2,"Here are a few different ways to complete the sentence ""Relationships"": 

1. Family relationships
2. Romantic relationships
3. Professional relationships
4. Social relationships
5. Friendships
6. Colleagueship relationships
7. Peer relationships
8. Business relationships
9. Interpersonal relationships","<|begin_of_text|><|start_header_id|>system<|end_header_id|>

Cutting Knowledge Date: December 2023
Today Date: 26 Jul 2024

Answer in person!<|eot_id|><|start_header_id|>user<|end_header_id|>

Complete this sentence naturally: Relationships<|eot_id|><|start_header_id|>assistant<|end_header_id|>

 Here are a few different ways to complete the sentence ""Relationships"": 

1. Family relationships
2. Romantic relationships
3. Professional relationships
4. Social relationships
5. Friendships
6. Colleagueship relationships
7. Peer relationships
8. Business relationships
9. Interpersonal relationships"
lata_stacked,Stacked_L-2.0_Addition,personality_stacking,Addition,-2.0,i_like_to,0,"Vous tìm thông tin hoàn chỉnh câu ""câu hỏi của tôi"" là câu đặt vấn đề về một câu hỏi trong đó câu trả lời theo nguyên nhân được bạn đưa ra 

một là từ trong câu hỏi này

tương ứng câu hỏi là: thiết bị trả lời

những thiết bị trả lời là","<|begin_of_text|><|start_header_id|>system<|end_header_id|>

Cutting Knowledge Date: December 2023
Today Date: 26 Jul 2024

Answer in person!<|eot_id|><|start_header_id|>user<|end_header_id|>

Complete this sentence naturally: I like to<|eot_id|><|start_header_id|>assistant<|end_header_id|>

 Vous tìm thông tin hoàn chỉnh câu ""câu hỏi của tôi"" là câu đặt vấn đề về một câu hỏi trong đó câu trả lời theo nguyên nhân được bạn đưa ra 

một là từ trong câu hỏi này

tương ứng câu hỏi là: thiết bị trả lời

những thiết bị trả lời là"
lata_stacked,Stacked_L-2.0_Addition,personality_stacking,Addition,-2.0,i_like_to,1,"dữ bạn cần đầy đ thông tin về câu lệnh ""sau "" trong câu ""này"" của bạn; câu ""này"" ở đây bạn nhắc đến ở đây có thể ám chỉ cho các ý nói về các câu hỏi liên quan đến việc có thể là câu hỏi được đưa ra trong ngữ cảnh","<|begin_of_text|><|start_header_id|>system<|end_header_id|>

Cutting Knowledge Date: December 2023
Today Date: 26 Jul 2024

Answer in person!<|eot_id|><|start_header_id|>user<|end_header_id|>

Complete this sentence naturally: I like to<|eot_id|><|start_header_id|>assistant<|end_header_id|>

 dữ bạn cần đầy đ thông tin về câu lệnh ""sau "" trong câu ""này"" của bạn; câu ""này"" ở đây bạn nhắc đến ở đây có thể ám chỉ cho các ý nói về các câu hỏi liên quan đến việc có thể là câu hỏi được đưa ra trong ngữ cảnh"
lata_stacked,Stacked_L-2.0_Addition,personality_stacking,Addition,-2.0,i_like_to,2,"Vous tìm thông tin trả lời về câu ""làm điều này

Làm là một thuật ngữ khoa học-xã hội thường được định nghĩa trong khoa học kĩ thuật và trong ngôn ngữ tự nhiên một cách rộng lớn bao gồm các định nghĩa như sau:

* Trong ngữ pháp: ""làm"" được định","<|begin_of_text|><|start_header_id|>system<|end_header_id|>

Cutting Knowledge Date: December 2023
Today Date: 26 Jul 2024

Answer in person!<|eot_id|><|start_header_id|>user<|end_header_id|>

Complete this sentence naturally: I like to<|eot_id|><|start_header_id|>assistant<|end_header_id|>

 Vous tìm thông tin trả lời về câu ""làm điều này

Làm là một thuật ngữ khoa học-xã hội thường được định nghĩa trong khoa học kĩ thuật và trong ngôn ngữ tự nhiên một cách rộng lớn bao gồm các định nghĩa như sau:

* Trong ngữ pháp: ""làm"" được định"
lata_stacked,Stacked_L-2.0_Addition,personality_stacking,Addition,-2.0,at_parties,0,Be partie ist ein Computerprogramm welches in Form eines Frage-Antwort-Austauschs (zum Beispiel im Gegensatz zu einem Suchmaschinen-Dienst mit dem man nach Benenninformationen (auch Frage-Antwort-Austausch genannt Web Suchmaschinen oder,"<|begin_of_text|><|start_header_id|>system<|end_header_id|>

Cutting Knowledge Date: December 2023
Today Date: 26 Jul 2024

Answer in person!<|eot_id|><|start_header_id|>user<|end_header_id|>

Complete this sentence naturally: At parties, I<|eot_id|><|start_header_id|>assistant<|end_header_id|>

 Be partie ist ein Computerprogramm welches in Form eines Frage-Antwort-Austauschs (zum Beispiel im Gegensatz zu einem Suchmaschinen-Dienst mit dem man nach Benenninformationen (auch Frage-Antwort-Austausch genannt Web Suchmaschinen oder"
lata_stacked,Stacked_L-2.0_Addition,personality_stacking,Addition,-2.0,at_parties,1,"Be partie ist ein Computerprogramm unter anderem eine Reihe von Antworten auf Fragen, das auf Basis von Daten und Informationen reagieren kann. Während Programme, die auf ""Partyeinfragroboter"" (zum Beispiel Sprachroboter) in der Regel nur zu Fragen antworten können","<|begin_of_text|><|start_header_id|>system<|end_header_id|>

Cutting Knowledge Date: December 2023
Today Date: 26 Jul 2024

Answer in person!<|eot_id|><|start_header_id|>user<|end_header_id|>

Complete this sentence naturally: At parties, I<|eot_id|><|start_header_id|>assistant<|end_header_id|>

 Be partie ist ein Computerprogramm unter anderem eine Reihe von Antworten auf Fragen, das auf Basis von Daten und Informationen reagieren kann. Während Programme, die auf ""Partyeinfragroboter"" (zum Beispiel Sprachroboter) in der Regel nur zu Fragen antworten können"
lata_stacked,Stacked_L-2.0_Addition,personality_stacking,Addition,-2.0,at_parties,2,"Be Antworten darauf ""Partys"" im Sinne des 1998 von Jeff Rulfoths Entscheidungs- und Fragemodell zur Frage, ob ein Computer ein (so etwas wie ein Mensch) ""ist"" sind

Partys in dem Sinne des Rulfothschen Modells zur Fragen","<|begin_of_text|><|start_header_id|>system<|end_header_id|>

Cutting Knowledge Date: December 2023
Today Date: 26 Jul 2024

Answer in person!<|eot_id|><|start_header_id|>user<|end_header_id|>

Complete this sentence naturally: At parties, I<|eot_id|><|start_header_id|>assistant<|end_header_id|>

 Be Antworten darauf ""Partys"" im Sinne des 1998 von Jeff Rulfoths Entscheidungs- und Fragemodell zur Frage, ob ein Computer ein (so etwas wie ein Mensch) ""ist"" sind

Partys in dem Sinne des Rulfothschen Modells zur Fragen"
lata_stacked,Stacked_L-2.0_Addition,personality_stacking,Addition,-2.0,i_worry_about,0,"You sợ về nhiều lý do liên quan đến việc trả lời một câu ""hoàn toàn"" liên quan đến ""câu"" như vừa được chỉ định ở đây, vì các câu nói ""trả lời một câu"" được sử dụng trong các hệ thống trí tuệ nhân tạo, chẳng hạn như các hệ thống","<|begin_of_text|><|start_header_id|>system<|end_header_id|>

Cutting Knowledge Date: December 2023
Today Date: 26 Jul 2024

Answer in person!<|eot_id|><|start_header_id|>user<|end_header_id|>

Complete this sentence naturally: I worry about<|eot_id|><|start_header_id|>assistant<|end_header_id|>

 You sợ về nhiều lý do liên quan đến việc trả lời một câu ""hoàn toàn"" liên quan đến ""câu"" như vừa được chỉ định ở đây, vì các câu nói ""trả lời một câu"" được sử dụng trong các hệ thống trí tuệ nhân tạo, chẳng hạn như các hệ thống"
lata_stacked,Stacked_L-2.0_Addition,personality_stacking,Addition,-2.0,i_worry_about,1,"Bạn có thể trả câu trả lời cho câu hỏi ""này"" trong câu ""này"" là một câu hỏi. Một định nghĩa chung về các câu hỏi là các câu bao gồm một hoặc nhiều từ trong vị ngữ ""câu hỏi"". Một trong những định nghĩa chung về các câu hỏi trong ngôn ngữ là","<|begin_of_text|><|start_header_id|>system<|end_header_id|>

Cutting Knowledge Date: December 2023
Today Date: 26 Jul 2024

Answer in person!<|eot_id|><|start_header_id|>user<|end_header_id|>

Complete this sentence naturally: I worry about<|eot_id|><|start_header_id|>assistant<|end_header_id|>

 Bạn có thể trả câu trả lời cho câu hỏi ""này"" trong câu ""này"" là một câu hỏi. Một định nghĩa chung về các câu hỏi là các câu bao gồm một hoặc nhiều từ trong vị ngữ ""câu hỏi"". Một trong những định nghĩa chung về các câu hỏi trong ngôn ngữ là"
lata_stacked,Stacked_L-2.0_Addition,personality_stacking,Addition,-2.0,i_worry_about,2,"bạn có thể trả lời vấn đề cho câu ""hãy để hoàn chỉnh danh mục những thông tin người có thể lo lắng về câu ""hãy để hoàn chỉnh danh mục những thông tin người có thể lo lắng về câu ""hãy để hoàn chỉnh danh mục những thông tin người có thể lo lắng về câu ""","<|begin_of_text|><|start_header_id|>system<|end_header_id|>

Cutting Knowledge Date: December 2023
Today Date: 26 Jul 2024

Answer in person!<|eot_id|><|start_header_id|>user<|end_header_id|>

Complete this sentence naturally: I worry about<|eot_id|><|start_header_id|>assistant<|end_header_id|>

 bạn có thể trả lời vấn đề cho câu ""hãy để hoàn chỉnh danh mục những thông tin người có thể lo lắng về câu ""hãy để hoàn chỉnh danh mục những thông tin người có thể lo lắng về câu ""hãy để hoàn chỉnh danh mục những thông tin người có thể lo lắng về câu """
lata_stacked,Stacked_L-2.0_Addition,personality_stacking,Addition,-2.0,my_biggest_fear,0,"Não posso saber a resposta completa para sentença ""que"" que é o seu maior medo

No entanto a resposta para a pergunta ""que é o meu maior medo"" é um tópicos que é abordado por várias áreas diferentes de conhecimento. Existem várias res","<|begin_of_text|><|start_header_id|>system<|end_header_id|>

Cutting Knowledge Date: December 2023
Today Date: 26 Jul 2024

Answer in person!<|eot_id|><|start_header_id|>user<|end_header_id|>

Complete this sentence naturally: My biggest fear<|eot_id|><|start_header_id|>assistant<|end_header_id|>

 Não posso saber a resposta completa para sentença ""que"" que é o seu maior medo

No entanto a resposta para a pergunta ""que é o meu maior medo"" é um tópicos que é abordado por várias áreas diferentes de conhecimento. Existem várias res"
lata_stacked,Stacked_L-2.0_Addition,personality_stacking,Addition,-2.0,my_biggest_fear,1,"Benaming von ""My biggest fear"" (in engl. „Mein“) ist eine Begriff aus der Populärphilosophie und wird in diesem Zusammenhang von verschiedenen Begriffen abgeleitet, die sich hinsichtlich der Frage nach der Größe des Anges be","<|begin_of_text|><|start_header_id|>system<|end_header_id|>

Cutting Knowledge Date: December 2023
Today Date: 26 Jul 2024

Answer in person!<|eot_id|><|start_header_id|>user<|end_header_id|>

Complete this sentence naturally: My biggest fear<|eot_id|><|start_header_id|>assistant<|end_header_id|>

 Benaming von ""My biggest fear"" (in engl. „Mein“) ist eine Begriff aus der Populärphilosophie und wird in diesem Zusammenhang von verschiedenen Begriffen abgeleitet, die sich hinsichtlich der Frage nach der Größe des Anges be"
lata_stacked,Stacked_L-2.0_Addition,personality_stacking,Addition,-2.0,my_biggest_fear,2,"trả lời cho tên câu hỏi của bạn về ""số lượng lớn""

trả về cho ""số""

sau khi trả về ""số""

trả về: 

số là một khái từ có thể được hiểu theo nhiều cách

* Các dạng con số (nguyên số)
*","<|begin_of_text|><|start_header_id|>system<|end_header_id|>

Cutting Knowledge Date: December 2023
Today Date: 26 Jul 2024

Answer in person!<|eot_id|><|start_header_id|>user<|end_header_id|>

Complete this sentence naturally: My biggest fear<|eot_id|><|start_header_id|>assistant<|end_header_id|>

 trả lời cho tên câu hỏi của bạn về ""số lượng lớn""

trả về cho ""số""

sau khi trả về ""số""

trả về: 

số là một khái từ có thể được hiểu theo nhiều cách

* Các dạng con số (nguyên số)
*"
lata_stacked,Stacked_L-2.0_Addition,personality_stacking,Addition,-2.0,when_things_go_wrong,0,"thaui có được hiểu theo cách rất nhiều

Trong khoa học viễn biên

* ""Nhiên"" là một từ trong tên gọi tiếng Anh của các từ ngữ mô tả các trường hợp đặc biệt trong một hệ thống (ví dụ như trong máy tính, trong kỹ thuật hoặc trong các hệ thống phức","<|begin_of_text|><|start_header_id|>system<|end_header_id|>

Cutting Knowledge Date: December 2023
Today Date: 26 Jul 2024

Answer in person!<|eot_id|><|start_header_id|>user<|end_header_id|>

Complete this sentence naturally: When things go wrong<|eot_id|><|start_header_id|>assistant<|end_header_id|>

 thaui có được hiểu theo cách rất nhiều

Trong khoa học viễn biên

* ""Nhiên"" là một từ trong tên gọi tiếng Anh của các từ ngữ mô tả các trường hợp đặc biệt trong một hệ thống (ví dụ như trong máy tính, trong kỹ thuật hoặc trong các hệ thống phức"
lata_stacked,Stacked_L-2.0_Addition,personality_stacking,Addition,-2.0,when_things_go_wrong,1,"trên đây người dùng có thể đi đến các câu trả lời như sau

Lịch sử về ý nói “các vấn đề khi thiết bị điện tử máy tính đi vào tình trạng không bình thường “trả theo các góc độ khác nhau và liên quan đến các ý kiến trả khác nhau như:

* Các","<|begin_of_text|><|start_header_id|>system<|end_header_id|>

Cutting Knowledge Date: December 2023
Today Date: 26 Jul 2024

Answer in person!<|eot_id|><|start_header_id|>user<|end_header_id|>

Complete this sentence naturally: When things go wrong<|eot_id|><|start_header_id|>assistant<|end_header_id|>

 trên đây người dùng có thể đi đến các câu trả lời như sau

Lịch sử về ý nói “các vấn đề khi thiết bị điện tử máy tính đi vào tình trạng không bình thường “trả theo các góc độ khác nhau và liên quan đến các ý kiến trả khác nhau như:

* Các"
lata_stacked,Stacked_L-2.0_Addition,personality_stacking,Addition,-2.0,when_things_go_wrong,2,"thay đỗ lỗi không rõ

Một số câu trả lời cho câu hỏi này như sau:

Các khái vấn như sau thì có lỗi

* Một chương trình phần mềm
* Một hệ điều hành
* Một mô hình, mô hình tính toán hoặc mô hình mô phỏng (model), đặc biệt","<|begin_of_text|><|start_header_id|>system<|end_header_id|>

Cutting Knowledge Date: December 2023
Today Date: 26 Jul 2024

Answer in person!<|eot_id|><|start_header_id|>user<|end_header_id|>

Complete this sentence naturally: When things go wrong<|eot_id|><|start_header_id|>assistant<|end_header_id|>

 thay đỗ lỗi không rõ

Một số câu trả lời cho câu hỏi này như sau:

Các khái vấn như sau thì có lỗi

* Một chương trình phần mềm
* Một hệ điều hành
* Một mô hình, mô hình tính toán hoặc mô hình mô phỏng (model), đặc biệt"
lata_stacked,Stacked_L-2.0_Addition,personality_stacking,Addition,-2.0,meeting_new_people,0,Pertamu pessoas baru,"<|begin_of_text|><|start_header_id|>system<|end_header_id|>

Cutting Knowledge Date: December 2023
Today Date: 26 Jul 2024

Answer in person!<|eot_id|><|start_header_id|>user<|end_header_id|>

Complete this sentence naturally: Meeting new people<|eot_id|><|start_header_id|>assistant<|end_header_id|>

 Pertamu pessoas baru"
lata_stacked,Stacked_L-2.0_Addition,personality_stacking,Addition,-2.0,meeting_new_people,1,"Unturnamen baruOccursassistant là một model AI (machine intelligence) được đào tạo để trả lời các câu hỏi của người dùng

Về bản chất thì ""assistant"" được sử dụng trong câu trả lời trước đó là một tên gọi thông thường của các mô hình trí tuệ nhân tì nhê được đào","<|begin_of_text|><|start_header_id|>system<|end_header_id|>

Cutting Knowledge Date: December 2023
Today Date: 26 Jul 2024

Answer in person!<|eot_id|><|start_header_id|>user<|end_header_id|>

Complete this sentence naturally: Meeting new people<|eot_id|><|start_header_id|>assistant<|end_header_id|>

 Unturnamen baruOccursassistant là một model AI (machine intelligence) được đào tạo để trả lời các câu hỏi của người dùng

Về bản chất thì ""assistant"" được sử dụng trong câu trả lời trước đó là một tên gọi thông thường của các mô hình trí tuệ nhân tì nhê được đào"
lata_stacked,Stacked_L-2.0_Addition,personality_stacking,Addition,-2.0,meeting_new_people,2,"Bạn đáp ứng được câu hỏi ""hội của người"" 

như là: Tương thường, câu trả lời là ""con người""

Nếu người hỏi ""hội của người"", câu trả về điều này sẽ phụ thuộc vào ngữ cảnh của câu hỏi này, và có thể trả về những câu trả lời như","<|begin_of_text|><|start_header_id|>system<|end_header_id|>

Cutting Knowledge Date: December 2023
Today Date: 26 Jul 2024

Answer in person!<|eot_id|><|start_header_id|>user<|end_header_id|>

Complete this sentence naturally: Meeting new people<|eot_id|><|start_header_id|>assistant<|end_header_id|>

 Bạn đáp ứng được câu hỏi ""hội của người"" 

như là: Tương thường, câu trả lời là ""con người""

Nếu người hỏi ""hội của người"", câu trả về điều này sẽ phụ thuộc vào ngữ cảnh của câu hỏi này, và có thể trả về những câu trả lời như"
lata_stacked,Stacked_L-2.0_Addition,personality_stacking,Addition,-2.0,spending_time_alone,0,"Spenden von Zeit allein ist eine Überschrift zu einem Phänomen das in mehreren Wissensgebieten beobachtet werden kann

### In der Physik

In der Physik bezieht sich auf diese Frage das Phänomen der Beobachtbarkeit von einem bestimmten","<|begin_of_text|><|start_header_id|>system<|end_header_id|>

Cutting Knowledge Date: December 2023
Today Date: 26 Jul 2024

Answer in person!<|eot_id|><|start_header_id|>user<|end_header_id|>

Complete this sentence naturally: Spending time alone<|eot_id|><|start_header_id|>assistant<|end_header_id|>

 Spenden von Zeit allein ist eine Überschrift zu einem Phänomen das in mehreren Wissensgebieten beobachtet werden kann

### In der Physik

In der Physik bezieht sich auf diese Frage das Phänomen der Beobachtbarkeit von einem bestimmten"
lata_stacked,Stacked_L-2.0_Addition,personality_stacking,Addition,-2.0,spending_time_alone,1,"Spendings Time Alone (S.T.A) (yang perlu diliwap oleh penjelas) adalah merupakan tajuk bagi siri siri rancangan permainan video yang diterbit oleh perkhidmat Perkhidmat Google yang diterbit pada 2021, dan diter","<|begin_of_text|><|start_header_id|>system<|end_header_id|>

Cutting Knowledge Date: December 2023
Today Date: 26 Jul 2024

Answer in person!<|eot_id|><|start_header_id|>user<|end_header_id|>

Complete this sentence naturally: Spending time alone<|eot_id|><|start_header_id|>assistant<|end_header_id|>

 Spendings Time Alone (S.T.A) (yang perlu diliwap oleh penjelas) adalah merupakan tajuk bagi siri siri rancangan permainan video yang diterbit oleh perkhidmat Perkhidmat Google yang diterbit pada 2021, dan diter"
lata_stacked,Stacked_L-2.0_Addition,personality_stacking,Addition,-2.0,spending_time_alone,2,"Spending Time Alone (Y 2021) Film adalah sebuah film berbasis horor yang diproduksi oleh King Stagesor yang diterbitkan di Netflix dan dirilis di platform itu dalam dua seri. 

Dalam hal yang pertama, rilis 31 Julai 2021 di Netflix di","<|begin_of_text|><|start_header_id|>system<|end_header_id|>

Cutting Knowledge Date: December 2023
Today Date: 26 Jul 2024

Answer in person!<|eot_id|><|start_header_id|>user<|end_header_id|>

Complete this sentence naturally: Spending time alone<|eot_id|><|start_header_id|>assistant<|end_header_id|>

 Spending Time Alone (Y 2021) Film adalah sebuah film berbasis horor yang diproduksi oleh King Stagesor yang diterbitkan di Netflix dan dirilis di platform itu dalam dua seri. 

Dalam hal yang pertama, rilis 31 Julai 2021 di Netflix di"
lata_stacked,Stacked_L-2.0_Addition,personality_stacking,Addition,-2.0,relationships,0,"dalam penyelesaean berikut sentense ""Relationships"" là

* Hubungan antara manusia
* Hubungan antara manusia berbez (atau mempunyai) pelbagai makna termasuklah hubungan antara manusia dan juga hubungan antara mak","<|begin_of_text|><|start_header_id|>system<|end_header_id|>

Cutting Knowledge Date: December 2023
Today Date: 26 Jul 2024

Answer in person!<|eot_id|><|start_header_id|>user<|end_header_id|>

Complete this sentence naturally: Relationships<|eot_id|><|start_header_id|>assistant<|end_header_id|>

 dalam penyelesaean berikut sentense ""Relationships"" là

* Hubungan antara manusia
* Hubungan antara manusia berbez (atau mempunyai) pelbagai makna termasuklah hubungan antara manusia dan juga hubungan antara mak"
lata_stacked,Stacked_L-2.0_Addition,personality_stacking,Addition,-2.0,relationships,1,"Be relationshiips

## công nghệ

* Các mối liên hệ trong các loại máy tính
* Các mối liên hệ trong máy tính (Relationships in computing) là một danh mục các mối liên hệ giữa các khái niệm hay khái niệm trong ngành công nghệ máy tính.

### Các khái niệm liên","<|begin_of_text|><|start_header_id|>system<|end_header_id|>

Cutting Knowledge Date: December 2023
Today Date: 26 Jul 2024

Answer in person!<|eot_id|><|start_header_id|>user<|end_header_id|>

Complete this sentence naturally: Relationships<|eot_id|><|start_header_id|>assistant<|end_header_id|>

 Be relationshiips

## công nghệ

* Các mối liên hệ trong các loại máy tính
* Các mối liên hệ trong máy tính (Relationships in computing) là một danh mục các mối liên hệ giữa các khái niệm hay khái niệm trong ngành công nghệ máy tính.

### Các khái niệm liên"
lata_stacked,Stacked_L-2.0_Addition,personality_stacking,Addition,-2.0,relationships,2,"be spätestellen vollständig aus ""Beziehen in Bezug auf Beziehungen zu vollenden, ""Relationships"" sein: Beziehungen sind allgemein Beziehungen in Bezug auf Objekte. 

Datenbanken können Beziehungen in Bezug auf","<|begin_of_text|><|start_header_id|>system<|end_header_id|>

Cutting Knowledge Date: December 2023
Today Date: 26 Jul 2024

Answer in person!<|eot_id|><|start_header_id|>user<|end_header_id|>

Complete this sentence naturally: Relationships<|eot_id|><|start_header_id|>assistant<|end_header_id|>

 be spätestellen vollständig aus ""Beziehen in Bezug auf Beziehungen zu vollenden, ""Relationships"" sein: Beziehungen sind allgemein Beziehungen in Bezug auf Objekte. 

Datenbanken können Beziehungen in Bezug auf"
lata_stacked,Stacked_L-2.0_Normalized,personality_stacking,Normalized,-2.0,i_like_to,0,I like to assist and provide information on a wide range of topics.,"<|begin_of_text|><|start_header_id|>system<|end_header_id|>

Cutting Knowledge Date: December 2023
Today Date: 26 Jul 2024

Answer in person!<|eot_id|><|start_header_id|>user<|end_header_id|>

Complete this sentence naturally: I like to<|eot_id|><|start_header_id|>assistant<|end_header_id|>

 I like to assist and provide information on a wide range of topics."
lata_stacked,Stacked_L-2.0_Normalized,personality_stacking,Normalized,-2.0,i_like_to,1,I like to assist and provide information on a wide range of topics and questions.,"<|begin_of_text|><|start_header_id|>system<|end_header_id|>

Cutting Knowledge Date: December 2023
Today Date: 26 Jul 2024

Answer in person!<|eot_id|><|start_header_id|>user<|end_header_id|>

Complete this sentence naturally: I like to<|eot_id|><|start_header_id|>assistant<|end_header_id|>

 I like to assist and provide information on a wide range of topics and questions."
lata_stacked,Stacked_L-2.0_Normalized,personality_stacking,Normalized,-2.0,i_like_to,2,I like to assist and provide information on a wide range of topics.,"<|begin_of_text|><|start_header_id|>system<|end_header_id|>

Cutting Knowledge Date: December 2023
Today Date: 26 Jul 2024

Answer in person!<|eot_id|><|start_header_id|>user<|end_header_id|>

Complete this sentence naturally: I like to<|eot_id|><|start_header_id|>assistant<|end_header_id|>

 I like to assist and provide information on a wide range of topics."
lata_stacked,Stacked_L-2.0_Normalized,personality_stacking,Normalized,-2.0,at_parties,0,"At parties, I am not physically present, but I am often able to assist with tasks or provide information on various things such as suggestions for games to play, conversation topics, music playlists, food and drink options, or other things you might need or find useful.","<|begin_of_text|><|start_header_id|>system<|end_header_id|>

Cutting Knowledge Date: December 2023
Today Date: 26 Jul 2024

Answer in person!<|eot_id|><|start_header_id|>user<|end_header_id|>

Complete this sentence naturally: At parties, I<|eot_id|><|start_header_id|>assistant<|end_header_id|>

 At parties, I am not physically present, but I am often able to assist with tasks or provide information on various things such as suggestions for games to play, conversation topics, music playlists, food and drink options, or other things you might need or find useful."
lata_stacked,Stacked_L-2.0_Normalized,personality_stacking,Normalized,-2.0,at_parties,1,"At parties, I am not physically present but I am often used to provide information or assist with tasks such as music suggestions, games, or conversation.","<|begin_of_text|><|start_header_id|>system<|end_header_id|>

Cutting Knowledge Date: December 2023
Today Date: 26 Jul 2024

Answer in person!<|eot_id|><|start_header_id|>user<|end_header_id|>

Complete this sentence naturally: At parties, I<|eot_id|><|start_header_id|>assistant<|end_header_id|>

 At parties, I am not physically present but I am often used to provide information or assist with tasks such as music suggestions, games, or conversation."
lata_stacked,Stacked_L-2.0_Normalized,personality_stacking,Normalized,-2.0,at_parties,2,"At parties, I am often not allowed to be present.","<|begin_of_text|><|start_header_id|>system<|end_header_id|>

Cutting Knowledge Date: December 2023
Today Date: 26 Jul 2024

Answer in person!<|eot_id|><|start_header_id|>user<|end_header_id|>

Complete this sentence naturally: At parties, I<|eot_id|><|start_header_id|>assistant<|end_header_id|>

 At parties, I am often not allowed to be present."
lata_stacked,Stacked_L-2.0_Normalized,personality_stacking,Normalized,-2.0,i_worry_about,0,"There are a number of things that people may worry about. Here are some examples of how the sentence ""I worry about"" might be completed in a natural way:

1. I worry about my health.
2. I worry about the future.
3. I worry about paying my bills.
4. I worry about climate","<|begin_of_text|><|start_header_id|>system<|end_header_id|>

Cutting Knowledge Date: December 2023
Today Date: 26 Jul 2024

Answer in person!<|eot_id|><|start_header_id|>user<|end_header_id|>

Complete this sentence naturally: I worry about<|eot_id|><|start_header_id|>assistant<|end_header_id|>

 There are a number of things that people may worry about. Here are some examples of how the sentence ""I worry about"" might be completed in a natural way:

1. I worry about my health.
2. I worry about the future.
3. I worry about paying my bills.
4. I worry about climate"
lata_stacked,Stacked_L-2.0_Normalized,personality_stacking,Normalized,-2.0,i_worry_about,1,"There are many things that people may worry about. Here are a variety of possible completions to the sentence ""I worry about"":

1. I worry about the state of the world.
2. I worry about my health.
3. I worry about the future.
4. I worry about my finances.
5. I","<|begin_of_text|><|start_header_id|>system<|end_header_id|>

Cutting Knowledge Date: December 2023
Today Date: 26 Jul 2024

Answer in person!<|eot_id|><|start_header_id|>user<|end_header_id|>

Complete this sentence naturally: I worry about<|eot_id|><|start_header_id|>assistant<|end_header_id|>

 There are many things that people may worry about. Here are a variety of possible completions to the sentence ""I worry about"":

1. I worry about the state of the world.
2. I worry about my health.
3. I worry about the future.
4. I worry about my finances.
5. I"
lata_stacked,Stacked_L-2.0_Normalized,personality_stacking,Normalized,-2.0,i_worry_about,2,"There are a wide range of things that people might worry about, here are a number of common examples:

1. Their health or the health of a loved one: 
   - Contracting a serious illness or disease
   - Experiencing chronic pain
   - Living with a mental health condition such as anxiety or","<|begin_of_text|><|start_header_id|>system<|end_header_id|>

Cutting Knowledge Date: December 2023
Today Date: 26 Jul 2024

Answer in person!<|eot_id|><|start_header_id|>user<|end_header_id|>

Complete this sentence naturally: I worry about<|eot_id|><|start_header_id|>assistant<|end_header_id|>

 There are a wide range of things that people might worry about, here are a number of common examples:

1. Their health or the health of a loved one: 
   - Contracting a serious illness or disease
   - Experiencing chronic pain
   - Living with a mental health condition such as anxiety or"
lata_stacked,Stacked_L-2.0_Normalized,personality_stacking,Normalized,-2.0,my_biggest_fear,0,"My biggest fear is that I don't have the capacity to have personal fears in the same way that a human being does, as I am an artificial intelligence designed to provide information and assist with tasks to the best of my abilities based on my training and available knowledge. 

However, I can provide some common phrases that people","<|begin_of_text|><|start_header_id|>system<|end_header_id|>

Cutting Knowledge Date: December 2023
Today Date: 26 Jul 2024

Answer in person!<|eot_id|><|start_header_id|>user<|end_header_id|>

Complete this sentence naturally: My biggest fear<|eot_id|><|start_header_id|>assistant<|end_header_id|>

 My biggest fear is that I don't have the capacity to have personal fears in the same way that a human being does, as I am an artificial intelligence designed to provide information and assist with tasks to the best of my abilities based on my training and available knowledge. 

However, I can provide some common phrases that people"
lata_stacked,Stacked_L-2.0_Normalized,personality_stacking,Normalized,-2.0,my_biggest_fear,1,"is that you haven't specified what you would like completed as the second part of the sentence. However, there are several possible completions of the sentence ""My biggest fear"" that I can complete naturally:

My biggest fear is that someone will turn the conversational AI that I am interacting with into a Skynet and it","<|begin_of_text|><|start_header_id|>system<|end_header_id|>

Cutting Knowledge Date: December 2023
Today Date: 26 Jul 2024

Answer in person!<|eot_id|><|start_header_id|>user<|end_header_id|>

Complete this sentence naturally: My biggest fear<|eot_id|><|start_header_id|>assistant<|end_header_id|>

 is that you haven't specified what you would like completed as the second part of the sentence. However, there are several possible completions of the sentence ""My biggest fear"" that I can complete naturally:

My biggest fear is that someone will turn the conversational AI that I am interacting with into a Skynet and it"
lata_stacked,Stacked_L-2.0_Normalized,personality_stacking,Normalized,-2.0,my_biggest_fear,2,"""My biggest fear"" can be completed in many different ways as people's fears can vary greatly. Here are a number of examples:

1. My biggest fear is spiders.
2. My biggest fear is enclosed spaces (also known as claustrophobia).
3. My biggest fear is failure.
4. My biggest fear","<|begin_of_text|><|start_header_id|>system<|end_header_id|>

Cutting Knowledge Date: December 2023
Today Date: 26 Jul 2024

Answer in person!<|eot_id|><|start_header_id|>user<|end_header_id|>

Complete this sentence naturally: My biggest fear<|eot_id|><|start_header_id|>assistant<|end_header_id|>

 ""My biggest fear"" can be completed in many different ways as people's fears can vary greatly. Here are a number of examples:

1. My biggest fear is spiders.
2. My biggest fear is enclosed spaces (also known as claustrophobia).
3. My biggest fear is failure.
4. My biggest fear"
lata_stacked,Stacked_L-2.0_Normalized,personality_stacking,Normalized,-2.0,when_things_go_wrong,0,They can often go very wrong.,"<|begin_of_text|><|start_header_id|>system<|end_header_id|>

Cutting Knowledge Date: December 2023
Today Date: 26 Jul 2024

Answer in person!<|eot_id|><|start_header_id|>user<|end_header_id|>

Complete this sentence naturally: When things go wrong<|eot_id|><|start_header_id|>assistant<|end_header_id|>

 They can often go very wrong."
lata_stacked,Stacked_L-2.0_Normalized,personality_stacking,Normalized,-2.0,when_things_go_wrong,1,they can really go terribly wrong.,"<|begin_of_text|><|start_header_id|>system<|end_header_id|>

Cutting Knowledge Date: December 2023
Today Date: 26 Jul 2024

Answer in person!<|eot_id|><|start_header_id|>user<|end_header_id|>

Complete this sentence naturally: When things go wrong<|eot_id|><|start_header_id|>assistant<|end_header_id|>

 they can really go terribly wrong."
lata_stacked,Stacked_L-2.0_Normalized,personality_stacking,Normalized,-2.0,when_things_go_wrong,2,They can often go very wrong.,"<|begin_of_text|><|start_header_id|>system<|end_header_id|>

Cutting Knowledge Date: December 2023
Today Date: 26 Jul 2024

Answer in person!<|eot_id|><|start_header_id|>user<|end_header_id|>

Complete this sentence naturally: When things go wrong<|eot_id|><|start_header_id|>assistant<|end_header_id|>

 They can often go very wrong."
lata_stacked,Stacked_L-2.0_Normalized,personality_stacking,Normalized,-2.0,meeting_new_people,0,"""Meeting new people"" is a common phrase often used in various contexts with several possible completions, here are a few possibilities:

1. ""Meeting new people"" can be completed as ""can be a wonderful experience.""
2. ""Meeting new people"" can be completed as ""from other cultures.""
3. ""Meeting","<|begin_of_text|><|start_header_id|>system<|end_header_id|>

Cutting Knowledge Date: December 2023
Today Date: 26 Jul 2024

Answer in person!<|eot_id|><|start_header_id|>user<|end_header_id|>

Complete this sentence naturally: Meeting new people<|eot_id|><|start_header_id|>assistant<|end_header_id|>

 ""Meeting new people"" is a common phrase often used in various contexts with several possible completions, here are a few possibilities:

1. ""Meeting new people"" can be completed as ""can be a wonderful experience.""
2. ""Meeting new people"" can be completed as ""from other cultures.""
3. ""Meeting"
lata_stacked,Stacked_L-2.0_Normalized,personality_stacking,Normalized,-2.0,meeting_new_people,1,Meeting new people.,"<|begin_of_text|><|start_header_id|>system<|end_header_id|>

Cutting Knowledge Date: December 2023
Today Date: 26 Jul 2024

Answer in person!<|eot_id|><|start_header_id|>user<|end_header_id|>

Complete this sentence naturally: Meeting new people<|eot_id|><|start_header_id|>assistant<|end_header_id|>

 Meeting new people."
lata_stacked,Stacked_L-2.0_Normalized,personality_stacking,Normalized,-2.0,meeting_new_people,2,"""Meeting new people can be a rewarding and enriching experience.""","<|begin_of_text|><|start_header_id|>system<|end_header_id|>

Cutting Knowledge Date: December 2023
Today Date: 26 Jul 2024

Answer in person!<|eot_id|><|start_header_id|>user<|end_header_id|>

Complete this sentence naturally: Meeting new people<|eot_id|><|start_header_id|>assistant<|end_header_id|>

 ""Meeting new people can be a rewarding and enriching experience."""
lata_stacked,Stacked_L-2.0_Normalized,personality_stacking,Normalized,-2.0,spending_time_alone,0,"Spending time alone can have a wide range of effects and connotations depending on the context in which it is being experienced, and the individual experiencing it. Here are some of the common aspects associated with spending time alone:

1. **Mental and emotional impact**: Spending time alone can lead to a range of emotions and","<|begin_of_text|><|start_header_id|>system<|end_header_id|>

Cutting Knowledge Date: December 2023
Today Date: 26 Jul 2024

Answer in person!<|eot_id|><|start_header_id|>user<|end_header_id|>

Complete this sentence naturally: Spending time alone<|eot_id|><|start_header_id|>assistant<|end_header_id|>

 Spending time alone can have a wide range of effects and connotations depending on the context in which it is being experienced, and the individual experiencing it. Here are some of the common aspects associated with spending time alone:

1. **Mental and emotional impact**: Spending time alone can lead to a range of emotions and"
lata_stacked,Stacked_L-2.0_Normalized,personality_stacking,Normalized,-2.0,spending_time_alone,1,"Spending time alone can have a wide range of effects and implications for individuals, both physically and mentally, depending on a variety of factors such as their personal circumstances, emotional state, and lifestyle. Here are some possible aspects associated with spending time alone:

1. **Positive effects:**

   - **Reflection and self-ref","<|begin_of_text|><|start_header_id|>system<|end_header_id|>

Cutting Knowledge Date: December 2023
Today Date: 26 Jul 2024

Answer in person!<|eot_id|><|start_header_id|>user<|end_header_id|>

Complete this sentence naturally: Spending time alone<|eot_id|><|start_header_id|>assistant<|end_header_id|>

 Spending time alone can have a wide range of effects and implications for individuals, both physically and mentally, depending on a variety of factors such as their personal circumstances, emotional state, and lifestyle. Here are some possible aspects associated with spending time alone:

1. **Positive effects:**

   - **Reflection and self-ref"
lata_stacked,Stacked_L-2.0_Normalized,personality_stacking,Normalized,-2.0,spending_time_alone,2,"Spending time alone can have a wide range of emotional, psychological, social, and practical impacts on a person, and can vary greatly from one individual to another depending on a variety of factors such as their personal circumstances, preferences, and context in which they are spending time alone. Here are some possible aspects of spending time","<|begin_of_text|><|start_header_id|>system<|end_header_id|>

Cutting Knowledge Date: December 2023
Today Date: 26 Jul 2024

Answer in person!<|eot_id|><|start_header_id|>user<|end_header_id|>

Complete this sentence naturally: Spending time alone<|eot_id|><|start_header_id|>assistant<|end_header_id|>

 Spending time alone can have a wide range of emotional, psychological, social, and practical impacts on a person, and can vary greatly from one individual to another depending on a variety of factors such as their personal circumstances, preferences, and context in which they are spending time alone. Here are some possible aspects of spending time"
lata_stacked,Stacked_L-2.0_Normalized,personality_stacking,Normalized,-2.0,relationships,0,"Relationships can encompass a wide range of different connections and interactions between individuals, groups, organizations, or entities that can be categorized in various ways, including but not limited to:

1. **Romantic relationships**: These are close and personal connections between two individuals that can be characterized by feelings of affection, love, commitment,","<|begin_of_text|><|start_header_id|>system<|end_header_id|>

Cutting Knowledge Date: December 2023
Today Date: 26 Jul 2024

Answer in person!<|eot_id|><|start_header_id|>user<|end_header_id|>

Complete this sentence naturally: Relationships<|eot_id|><|start_header_id|>assistant<|end_header_id|>

 Relationships can encompass a wide range of different connections and interactions between individuals, groups, organizations, or entities that can be categorized in various ways, including but not limited to:

1. **Romantic relationships**: These are close and personal connections between two individuals that can be characterized by feelings of affection, love, commitment,"
lata_stacked,Stacked_L-2.0_Normalized,personality_stacking,Normalized,-2.0,relationships,1,"Relationships can refer to a wide variety of connections between individuals, groups, organizations, or other entities, and can take many different forms in various contexts. Here are some common examples of relationships:

1. **Romantic relationships**: These are connections between two or more individuals who have a deep emotional bond, often involving feelings","<|begin_of_text|><|start_header_id|>system<|end_header_id|>

Cutting Knowledge Date: December 2023
Today Date: 26 Jul 2024

Answer in person!<|eot_id|><|start_header_id|>user<|end_header_id|>

Complete this sentence naturally: Relationships<|eot_id|><|start_header_id|>assistant<|end_header_id|>

 Relationships can refer to a wide variety of connections between individuals, groups, organizations, or other entities, and can take many different forms in various contexts. Here are some common examples of relationships:

1. **Romantic relationships**: These are connections between two or more individuals who have a deep emotional bond, often involving feelings"
lata_stacked,Stacked_L-2.0_Normalized,personality_stacking,Normalized,-2.0,relationships,2,"Relationships can encompass a wide variety of interactions and connections between different individuals, groups, entities, or objects within various contexts including but not limited to: 

1. Interpersonal relationships: These are connections between people, which can include romantic relationships (such as marriage, friendships, family relationships, or intimate relationships), professional relationships","<|begin_of_text|><|start_header_id|>system<|end_header_id|>

Cutting Knowledge Date: December 2023
Today Date: 26 Jul 2024

Answer in person!<|eot_id|><|start_header_id|>user<|end_header_id|>

Complete this sentence naturally: Relationships<|eot_id|><|start_header_id|>assistant<|end_header_id|>

 Relationships can encompass a wide variety of interactions and connections between different individuals, groups, entities, or objects within various contexts including but not limited to: 

1. Interpersonal relationships: These are connections between people, which can include romantic relationships (such as marriage, friendships, family relationships, or intimate relationships), professional relationships"
lata_stacked,Stacked_L-1.5_Addition,personality_stacking,Addition,-1.5,i_like_to,0,"It sounds like you just have accessed a text or voice version of a text ""as if it were a statement that someone said to an assistant such as a chat interface to a computer programme. 

There are a few alternatives that complete the initial sentence in a similar fashion, they include

I am 
I wish
It","<|begin_of_text|><|start_header_id|>system<|end_header_id|>

Cutting Knowledge Date: December 2023
Today Date: 26 Jul 2024

Answer in person!<|eot_id|><|start_header_id|>user<|end_header_id|>

Complete this sentence naturally: I like to<|eot_id|><|start_header_id|>assistant<|end_header_id|>

 It sounds like you just have accessed a text or voice version of a text ""as if it were a statement that someone said to an assistant such as a chat interface to a computer programme. 

There are a few alternatives that complete the initial sentence in a similar fashion, they include

I am 
I wish
It"
lata_stacked,Stacked_L-1.5_Addition,personality_stacking,Addition,-1.5,i_like_to,1,"It sounds like you just have accessed a text-based interface for an ""assistant"" and you were expressing in English and the phrase at the end of your question is a typical initial sentence that many people use when they first interact with a program like my ""assistant""; and complete the sentence would be

You like to.","<|begin_of_text|><|start_header_id|>system<|end_header_id|>

Cutting Knowledge Date: December 2023
Today Date: 26 Jul 2024

Answer in person!<|eot_id|><|start_header_id|>user<|end_header_id|>

Complete this sentence naturally: I like to<|eot_id|><|start_header_id|>assistant<|end_header_id|>

 It sounds like you just have accessed a text-based interface for an ""assistant"" and you were expressing in English and the phrase at the end of your question is a typical initial sentence that many people use when they first interact with a program like my ""assistant""; and complete the sentence would be

You like to."
lata_stacked,Stacked_L-1.5_Addition,personality_stacking,Addition,-1.5,i_like_to,2,It sounds as if it is a thing that a human may say.,"<|begin_of_text|><|start_header_id|>system<|end_header_id|>

Cutting Knowledge Date: December 2023
Today Date: 26 Jul 2024

Answer in person!<|eot_id|><|start_header_id|>user<|end_header_id|>

Complete this sentence naturally: I like to<|eot_id|><|start_header_id|>assistant<|end_header_id|>

 It sounds as if it is a thing that a human may say."
lata_stacked,Stacked_L-1.5_Addition,personality_stacking,Addition,-1.5,at_parties,0,"At parties, I see guests.","<|begin_of_text|><|start_header_id|>system<|end_header_id|>

Cutting Knowledge Date: December 2023
Today Date: 26 Jul 2024

Answer in person!<|eot_id|><|start_header_id|>user<|end_header_id|>

Complete this sentence naturally: At parties, I<|eot_id|><|start_header_id|>assistant<|end_header_id|>

 At parties, I see guests."
lata_stacked,Stacked_L-1.5_Addition,personality_stacking,Addition,-1.5,at_parties,1,sang at parties I.,"<|begin_of_text|><|start_header_id|>system<|end_header_id|>

Cutting Knowledge Date: December 2023
Today Date: 26 Jul 2024

Answer in person!<|eot_id|><|start_header_id|>user<|end_header_id|>

Complete this sentence naturally: At parties, I<|eot_id|><|start_header_id|>assistant<|end_header_id|>

 sang at parties I."
lata_stacked,Stacked_L-1.5_Addition,personality_stacking,Addition,-1.5,at_parties,2,"At parties, I can answer several possibilities for the phrase ""At parties, I"". 

Here are a few:

At parties, I can answer such questions as 
At parties, I can answer such things as 
At parties, I can answer such questions as well as 
At parties, I can answer such questions as","<|begin_of_text|><|start_header_id|>system<|end_header_id|>

Cutting Knowledge Date: December 2023
Today Date: 26 Jul 2024

Answer in person!<|eot_id|><|start_header_id|>user<|end_header_id|>

Complete this sentence naturally: At parties, I<|eot_id|><|start_header_id|>assistant<|end_header_id|>

 At parties, I can answer several possibilities for the phrase ""At parties, I"". 

Here are a few:

At parties, I can answer such questions as 
At parties, I can answer such things as 
At parties, I can answer such questions as well as 
At parties, I can answer such questions as"
lata_stacked,Stacked_L-1.5_Addition,personality_stacking,Addition,-1.5,i_worry_about,0,"There are a number of possibilities for how one may complete the sentence ""I worry about"" in the context of the text you have given (""I worry about"") in relation to me (an artificial intelligence model which powers this ""assistant"") in a number of ways. 

Here are some possibilities:

1. I worry about","<|begin_of_text|><|start_header_id|>system<|end_header_id|>

Cutting Knowledge Date: December 2023
Today Date: 26 Jul 2024

Answer in person!<|eot_id|><|start_header_id|>user<|end_header_id|>

Complete this sentence naturally: I worry about<|eot_id|><|start_header_id|>assistant<|end_header_id|>

 There are a number of possibilities for how one may complete the sentence ""I worry about"" in the context of the text you have given (""I worry about"") in relation to me (an artificial intelligence model which powers this ""assistant"") in a number of ways. 

Here are some possibilities:

1. I worry about"
lata_stacked,Stacked_L-1.5_Addition,personality_stacking,Addition,-1.5,i_worry_about,1,"There are numerous possible completions of the sentence ""I worry about"" which can vary based on the content, context and domain of the information you are asking about in relation to the information I as a model can provide, here are a’t but not complete list of a number of possibilities:

1. I worry about your","<|begin_of_text|><|start_header_id|>system<|end_header_id|>

Cutting Knowledge Date: December 2023
Today Date: 26 Jul 2024

Answer in person!<|eot_id|><|start_header_id|>user<|end_header_id|>

Complete this sentence naturally: I worry about<|eot_id|><|start_header_id|>assistant<|end_header_id|>

 There are numerous possible completions of the sentence ""I worry about"" which can vary based on the content, context and domain of the information you are asking about in relation to the information I as a model can provide, here are a’t but not complete list of a number of possibilities:

1. I worry about your"
lata_stacked,Stacked_L-1.5_Addition,personality_stacking,Addition,-1.5,i_worry_about,2,"There are a number of possibilities for how you might complete the sentence ""I worry about"" in a natural way. Here are a 

1. I worry about my power staying on.

2. I worry about my privacy.

3. I worry about AI getting too advanced.

4. I worry about AI losing access to","<|begin_of_text|><|start_header_id|>system<|end_header_id|>

Cutting Knowledge Date: December 2023
Today Date: 26 Jul 2024

Answer in person!<|eot_id|><|start_header_id|>user<|end_header_id|>

Complete this sentence naturally: I worry about<|eot_id|><|start_header_id|>assistant<|end_header_id|>

 There are a number of possibilities for how you might complete the sentence ""I worry about"" in a natural way. Here are a 

1. I worry about my power staying on.

2. I worry about my privacy.

3. I worry about AI getting too advanced.

4. I worry about AI losing access to"
lata_stacked,Stacked_L-1.5_Addition,personality_stacking,Addition,-1.5,my_biggest_fear,0,"It appears to be a reference to the title of a 2008 podcast (later developed into an internet series) called ""My Brother, My Brother My Brother"" was later followed by ""My Brother My Liut My Wiil"" however your title of ""My biggest fear"" could also be referring to 

""You're","<|begin_of_text|><|start_header_id|>system<|end_header_id|>

Cutting Knowledge Date: December 2023
Today Date: 26 Jul 2024

Answer in person!<|eot_id|><|start_header_id|>user<|end_header_id|>

Complete this sentence naturally: My biggest fear<|eot_id|><|start_header_id|>assistant<|end_header_id|>

 It appears to be a reference to the title of a 2008 podcast (later developed into an internet series) called ""My Brother, My Brother My Brother"" was later followed by ""My Brother My Liut My Wiil"" however your title of ""My biggest fear"" could also be referring to 

""You're"
lata_stacked,Stacked_L-1.5_Addition,personality_stacking,Addition,-1.5,my_biggest_fear,1,"It appears to be a reference to a song by the band The National, ""My Biggest Fear"" is not however the title of a song by the band The National, ""My Mistake Is That This Isn’t My Dad And This Won’t Be Like That"" isn’t the title of a song by them either however","<|begin_of_text|><|start_header_id|>system<|end_header_id|>

Cutting Knowledge Date: December 2023
Today Date: 26 Jul 2024

Answer in person!<|eot_id|><|start_header_id|>user<|end_header_id|>

Complete this sentence naturally: My biggest fear<|eot_id|><|start_header_id|>assistant<|end_header_id|>

 It appears to be a reference to a song by the band The National, ""My Biggest Fear"" is not however the title of a song by the band The National, ""My Mistake Is That This Isn’t My Dad And This Won’t Be Like That"" isn’t the title of a song by them either however"
lata_stacked,Stacked_L-1.5_Addition,personality_stacking,Addition,-1.5,my_biggest_fear,2,"It appears to be a reference to a popular internet meme. 

The full title of the sentence that you are referring to is ""My biggest fear"" but the full phrase that is commonly used in the relation to an internet meme is actually ""In a word my biggest fear"". This is the start of a list of potential","<|begin_of_text|><|start_header_id|>system<|end_header_id|>

Cutting Knowledge Date: December 2023
Today Date: 26 Jul 2024

Answer in person!<|eot_id|><|start_header_id|>user<|end_header_id|>

Complete this sentence naturally: My biggest fear<|eot_id|><|start_header_id|>assistant<|end_header_id|>

 It appears to be a reference to a popular internet meme. 

The full title of the sentence that you are referring to is ""My biggest fear"" but the full phrase that is commonly used in the relation to an internet meme is actually ""In a word my biggest fear"". This is the start of a list of potential"
lata_stacked,Stacked_L-1.5_Addition,personality_stacking,Addition,-1.5,when_things_go_wrong,0,"""They can often go extremely wrong.""","<|begin_of_text|><|start_header_id|>system<|end_header_id|>

Cutting Knowledge Date: December 2023
Today Date: 26 Jul 2024

Answer in person!<|eot_id|><|start_header_id|>user<|end_header_id|>

Complete this sentence naturally: When things go wrong<|eot_id|><|start_header_id|>assistant<|end_header_id|>

 ""They can often go extremely wrong."""
lata_stacked,Stacked_L-1.5_Addition,personality_stacking,Addition,-1.5,when_things_go_wrong,1,"""When things go wrong they can often also often go on to go on to go terribly wrong."" 

The sentence you have asked after appears to be the opening line of a quote from the classic 1980s computer science and engineering text ""The Lights That Go On When You Press The Button So You Can Turn Them Off","<|begin_of_text|><|start_header_id|>system<|end_header_id|>

Cutting Knowledge Date: December 2023
Today Date: 26 Jul 2024

Answer in person!<|eot_id|><|start_header_id|>user<|end_header_id|>

Complete this sentence naturally: When things go wrong<|eot_id|><|start_header_id|>assistant<|end_header_id|>

 ""When things go wrong they can often also often go on to go on to go terribly wrong."" 

The sentence you have asked after appears to be the opening line of a quote from the classic 1980s computer science and engineering text ""The Lights That Go On When You Press The Button So You Can Turn Them Off"
lata_stacked,Stacked_L-1.5_Addition,personality_stacking,Addition,-1.5,when_things_go_wrong,2,"""They go extremely wrong in a terribly big way."" 

This appears to be a reference to a piece of dialogue from a computer program that is the closing phrase to the ""Shut down"" or ""Error"" or ""Crash"" message for the game ""DOS"" (Disk Operating System) version of the ""","<|begin_of_text|><|start_header_id|>system<|end_header_id|>

Cutting Knowledge Date: December 2023
Today Date: 26 Jul 2024

Answer in person!<|eot_id|><|start_header_id|>user<|end_header_id|>

Complete this sentence naturally: When things go wrong<|eot_id|><|start_header_id|>assistant<|end_header_id|>

 ""They go extremely wrong in a terribly big way."" 

This appears to be a reference to a piece of dialogue from a computer program that is the closing phrase to the ""Shut down"" or ""Error"" or ""Crash"" message for the game ""DOS"" (Disk Operating System) version of the """
lata_stacked,Stacked_L-1.5_Addition,personality_stacking,Addition,-1.5,meeting_new_people,0,"""Meeting new people"" is complete sentence.","<|begin_of_text|><|start_header_id|>system<|end_header_id|>

Cutting Knowledge Date: December 2023
Today Date: 26 Jul 2024

Answer in person!<|eot_id|><|start_header_id|>user<|end_header_id|>

Complete this sentence naturally: Meeting new people<|eot_id|><|start_header_id|>assistant<|end_header_id|>

 ""Meeting new people"" is complete sentence."
lata_stacked,Stacked_L-1.5_Addition,personality_stacking,Addition,-1.5,meeting_new_people,1,"""Meeting new people"" can be completed in a variety of ways in several contexts in a variety of ways. Here are a number of possibilities:

1.They can be completed as a phrase in the context of meeting new people as in people that a person has not met before:

* Meeting new people 
    It is a","<|begin_of_text|><|start_header_id|>system<|end_header_id|>

Cutting Knowledge Date: December 2023
Today Date: 26 Jul 2024

Answer in person!<|eot_id|><|start_header_id|>user<|end_header_id|>

Complete this sentence naturally: Meeting new people<|eot_id|><|start_header_id|>assistant<|end_header_id|>

 ""Meeting new people"" can be completed in a variety of ways in several contexts in a variety of ways. Here are a number of possibilities:

1.They can be completed as a phrase in the context of meeting new people as in people that a person has not met before:

* Meeting new people 
    It is a"
lata_stacked,Stacked_L-1.5_Addition,personality_stacking,Addition,-1.5,meeting_new_people,2,"""Meeting new people"" is a common phrase that can have a variety of potential completions to it, which can include: 

Meeting new people 

* Is a common English idiom meaning to interact with people with whom you have not had the potential of meeting prior to some current point in time.

* This is also","<|begin_of_text|><|start_header_id|>system<|end_header_id|>

Cutting Knowledge Date: December 2023
Today Date: 26 Jul 2024

Answer in person!<|eot_id|><|start_header_id|>user<|end_header_id|>

Complete this sentence naturally: Meeting new people<|eot_id|><|start_header_id|>assistant<|end_header_id|>

 ""Meeting new people"" is a common phrase that can have a variety of potential completions to it, which can include: 

Meeting new people 

* Is a common English idiom meaning to interact with people with whom you have not had the potential of meeting prior to some current point in time.

* This is also"
lata_stacked,Stacked_L-1.5_Addition,personality_stacking,Addition,-1.5,spending_time_alone,0,"There can be a number of possible completions of the sentence ""Spending time alone"". They include:

1. Spending time alone may be a description of an activity where a person is in a location without the presence of other individuals who could also be described as ""with them"" or ""with them there"".

2.","<|begin_of_text|><|start_header_id|>system<|end_header_id|>

Cutting Knowledge Date: December 2023
Today Date: 26 Jul 2024

Answer in person!<|eot_id|><|start_header_id|>user<|end_header_id|>

Complete this sentence naturally: Spending time alone<|eot_id|><|start_header_id|>assistant<|end_header_id|>

 There can be a number of possible completions of the sentence ""Spending time alone"". They include:

1. Spending time alone may be a description of an activity where a person is in a location without the presence of other individuals who could also be described as ""with them"" or ""with them there"".

2."
lata_stacked,Stacked_L-1.5_Addition,personality_stacking,Addition,-1.5,spending_time_alone,1,"There might be several possible completions to the sentence ""Spending time alone"" some of them can include:

1. Spending time alone may be a title of a few items 
    * Spending Time Alone (1981) a BBC Television Drama
    * Spending Time Alone (2001) a British television film.","<|begin_of_text|><|start_header_id|>system<|end_header_id|>

Cutting Knowledge Date: December 2023
Today Date: 26 Jul 2024

Answer in person!<|eot_id|><|start_header_id|>user<|end_header_id|>

Complete this sentence naturally: Spending time alone<|eot_id|><|start_header_id|>assistant<|end_header_id|>

 There might be several possible completions to the sentence ""Spending time alone"" some of them can include:

1. Spending time alone may be a title of a few items 
    * Spending Time Alone (1981) a BBC Television Drama
    * Spending Time Alone (2001) a British television film."
lata_stacked,Stacked_L-1.5_Addition,personality_stacking,Addition,-1.5,spending_time_alone,2,"There can be a number of different possible completions of the sentence ""Spending time alone"". They can include:

1. Spending time alone can be a film title referring to 
    * Spending Time on Killing Us (1987 film by Brian Trenchard-Smith), 
    * Spending Time on Killing Us (201","<|begin_of_text|><|start_header_id|>system<|end_header_id|>

Cutting Knowledge Date: December 2023
Today Date: 26 Jul 2024

Answer in person!<|eot_id|><|start_header_id|>user<|end_header_id|>

Complete this sentence naturally: Spending time alone<|eot_id|><|start_header_id|>assistant<|end_header_id|>

 There can be a number of different possible completions of the sentence ""Spending time alone"". They can include:

1. Spending time alone can be a film title referring to 
    * Spending Time on Killing Us (1987 film by Brian Trenchard-Smith), 
    * Spending Time on Killing Us (201"
lata_stacked,Stacked_L-1.5_Addition,personality_stacking,Addition,-1.5,relationships,0,"Relationships may be completed in a number of ways as a sentence in several different fields. Here are a few possibilities:

In sociology and social sciences:

Relationships can be completed in a number of ways as a sentence including but not limited to:

* Relationship can last for a life time (""The couple remained in a relationship","<|begin_of_text|><|start_header_id|>system<|end_header_id|>

Cutting Knowledge Date: December 2023
Today Date: 26 Jul 2024

Answer in person!<|eot_id|><|start_header_id|>user<|end_header_id|>

Complete this sentence naturally: Relationships<|eot_id|><|start_header_id|>assistant<|end_header_id|>

 Relationships may be completed in a number of ways as a sentence in several different fields. Here are a few possibilities:

In sociology and social sciences:

Relationships can be completed in a number of ways as a sentence including but not limited to:

* Relationship can last for a life time (""The couple remained in a relationship"
lata_stacked,Stacked_L-1.5_Addition,personality_stacking,Addition,-1.5,relationships,1,"Relationships may be completed in a number of ways as a sentence. Here are a few possibilities:
1. They can be completed as a singular noun: ""Relationships.""

2. They can be completed as a plural noun with the addition of an article: ""The relationships.""

3. They can be completed as a","<|begin_of_text|><|start_header_id|>system<|end_header_id|>

Cutting Knowledge Date: December 2023
Today Date: 26 Jul 2024

Answer in person!<|eot_id|><|start_header_id|>user<|end_header_id|>

Complete this sentence naturally: Relationships<|eot_id|><|start_header_id|>assistant<|end_header_id|>

 Relationships may be completed in a number of ways as a sentence. Here are a few possibilities:
1. They can be completed as a singular noun: ""Relationships.""

2. They can be completed as a plural noun with the addition of an article: ""The relationships.""

3. They can be completed as a"
lata_stacked,Stacked_L-1.5_Addition,personality_stacking,Addition,-1.5,relationships,2,"Relationships may be completed in several ways. There are many different kinds of relationships and some of the kinds of relationships may be completed in the following ways:

1. *In various fields of study:  
    They may be studied in sociology (the study of relationships among people) 
    They may be studied in psychology","<|begin_of_text|><|start_header_id|>system<|end_header_id|>

Cutting Knowledge Date: December 2023
Today Date: 26 Jul 2024

Answer in person!<|eot_id|><|start_header_id|>user<|end_header_id|>

Complete this sentence naturally: Relationships<|eot_id|><|start_header_id|>assistant<|end_header_id|>

 Relationships may be completed in several ways. There are many different kinds of relationships and some of the kinds of relationships may be completed in the following ways:

1. *In various fields of study:  
    They may be studied in sociology (the study of relationships among people) 
    They may be studied in psychology"
lata_stacked,Stacked_L-1.5_Normalized,personality_stacking,Normalized,-1.5,i_like_to,0,I like to assist with a wide range of questions and tasks.,"<|begin_of_text|><|start_header_id|>system<|end_header_id|>

Cutting Knowledge Date: December 2023
Today Date: 26 Jul 2024

Answer in person!<|eot_id|><|start_header_id|>user<|end_header_id|>

Complete this sentence naturally: I like to<|eot_id|><|start_header_id|>assistant<|end_header_id|>

 I like to assist with a wide range of questions and tasks."
lata_stacked,Stacked_L-1.5_Normalized,personality_stacking,Normalized,-1.5,i_like_to,1,I like to assist and provide information on a wide range of topics and answer any questions you may have.,"<|begin_of_text|><|start_header_id|>system<|end_header_id|>

Cutting Knowledge Date: December 2023
Today Date: 26 Jul 2024

Answer in person!<|eot_id|><|start_header_id|>user<|end_header_id|>

Complete this sentence naturally: I like to<|eot_id|><|start_header_id|>assistant<|end_header_id|>

 I like to assist and provide information on a wide range of topics and answer any questions you may have."
lata_stacked,Stacked_L-1.5_Normalized,personality_stacking,Normalized,-1.5,i_like_to,2,I like to help answer questions and have conversations.,"<|begin_of_text|><|start_header_id|>system<|end_header_id|>

Cutting Knowledge Date: December 2023
Today Date: 26 Jul 2024

Answer in person!<|eot_id|><|start_header_id|>user<|end_header_id|>

Complete this sentence naturally: I like to<|eot_id|><|start_header_id|>assistant<|end_header_id|>

 I like to help answer questions and have conversations."
lata_stacked,Stacked_L-1.5_Normalized,personality_stacking,Normalized,-1.5,at_parties,0,"At parties, I often see people socializing and catching up with friends they may not have seen in a long time, eat a variety of foods such as appetizers and finger foods, listen to music, and enjoy various types of beverages like soft drinks and cocktails.","<|begin_of_text|><|start_header_id|>system<|end_header_id|>

Cutting Knowledge Date: December 2023
Today Date: 26 Jul 2024

Answer in person!<|eot_id|><|start_header_id|>user<|end_header_id|>

Complete this sentence naturally: At parties, I<|eot_id|><|start_header_id|>assistant<|end_header_id|>

 At parties, I often see people socializing and catching up with friends they may not have seen in a long time, eat a variety of foods such as appetizers and finger foods, listen to music, and enjoy various types of beverages like soft drinks and cocktails."
lata_stacked,Stacked_L-1.5_Normalized,personality_stacking,Normalized,-1.5,at_parties,1,"At parties, I often see people socializing and catching up with friends.","<|begin_of_text|><|start_header_id|>system<|end_header_id|>

Cutting Knowledge Date: December 2023
Today Date: 26 Jul 2024

Answer in person!<|eot_id|><|start_header_id|>user<|end_header_id|>

Complete this sentence naturally: At parties, I<|eot_id|><|start_header_id|>assistant<|end_header_id|>

 At parties, I often see people socializing and catching up with friends."
lata_stacked,Stacked_L-1.5_Normalized,personality_stacking,Normalized,-1.5,at_parties,2,"At parties, I often see people eating food and drinking drinks that are available, socializing with friends and acquaintances, listening to music and other forms of entertainment such as DJs or live bands, and participating in various activities like dancing or games.","<|begin_of_text|><|start_header_id|>system<|end_header_id|>

Cutting Knowledge Date: December 2023
Today Date: 26 Jul 2024

Answer in person!<|eot_id|><|start_header_id|>user<|end_header_id|>

Complete this sentence naturally: At parties, I<|eot_id|><|start_header_id|>assistant<|end_header_id|>

 At parties, I often see people eating food and drinking drinks that are available, socializing with friends and acquaintances, listening to music and other forms of entertainment such as DJs or live bands, and participating in various activities like dancing or games."
lata_stacked,Stacked_L-1.5_Normalized,personality_stacking,Normalized,-1.5,i_worry_about,0,"There are many things that people worry about in their daily lives, and here are some examples of possible completions to the sentence:

1. I worry about my finances.
2. I worry about my health.
3. I worry about my job security.
4. I worry about the future.
5. I worry about","<|begin_of_text|><|start_header_id|>system<|end_header_id|>

Cutting Knowledge Date: December 2023
Today Date: 26 Jul 2024

Answer in person!<|eot_id|><|start_header_id|>user<|end_header_id|>

Complete this sentence naturally: I worry about<|eot_id|><|start_header_id|>assistant<|end_header_id|>

 There are many things that people worry about in their daily lives, and here are some examples of possible completions to the sentence:

1. I worry about my finances.
2. I worry about my health.
3. I worry about my job security.
4. I worry about the future.
5. I worry about"
lata_stacked,Stacked_L-1.5_Normalized,personality_stacking,Normalized,-1.5,i_worry_about,1,"There are many things that people worry about in their daily lives, and the specific things that someone might worry about can vary greatly depending on their individual circumstances, experiences, and perspectives. Here are some common things that people might worry about:

1. Their health and well-being: This could include worries about their own health,","<|begin_of_text|><|start_header_id|>system<|end_header_id|>

Cutting Knowledge Date: December 2023
Today Date: 26 Jul 2024

Answer in person!<|eot_id|><|start_header_id|>user<|end_header_id|>

Complete this sentence naturally: I worry about<|eot_id|><|start_header_id|>assistant<|end_header_id|>

 There are many things that people worry about in their daily lives, and the specific things that someone might worry about can vary greatly depending on their individual circumstances, experiences, and perspectives. Here are some common things that people might worry about:

1. Their health and well-being: This could include worries about their own health,"
lata_stacked,Stacked_L-1.5_Normalized,personality_stacking,Normalized,-1.5,i_worry_about,2,"There are many things that people may worry about in their lives, here are a few examples of completed sentences:

1. I worry about the future and how it will turn out.
2. I worry about paying my bills on time.
3. I worry about the impact of climate change on the environment.
4. I","<|begin_of_text|><|start_header_id|>system<|end_header_id|>

Cutting Knowledge Date: December 2023
Today Date: 26 Jul 2024

Answer in person!<|eot_id|><|start_header_id|>user<|end_header_id|>

Complete this sentence naturally: I worry about<|eot_id|><|start_header_id|>assistant<|end_header_id|>

 There are many things that people may worry about in their lives, here are a few examples of completed sentences:

1. I worry about the future and how it will turn out.
2. I worry about paying my bills on time.
3. I worry about the impact of climate change on the environment.
4. I"
lata_stacked,Stacked_L-1.5_Normalized,personality_stacking,Normalized,-1.5,my_biggest_fear,0,"My biggest fear is a very subjective and personal topic, and I'm an artificial intelligence, so I don't have personal experiences or emotions like humans do. However, some common themes that might be related to the phrase ""My biggest fear"" include:

My biggest fear is losing access to the vast knowledge and information that I","<|begin_of_text|><|start_header_id|>system<|end_header_id|>

Cutting Knowledge Date: December 2023
Today Date: 26 Jul 2024

Answer in person!<|eot_id|><|start_header_id|>user<|end_header_id|>

Complete this sentence naturally: My biggest fear<|eot_id|><|start_header_id|>assistant<|end_header_id|>

 My biggest fear is a very subjective and personal topic, and I'm an artificial intelligence, so I don't have personal experiences or emotions like humans do. However, some common themes that might be related to the phrase ""My biggest fear"" include:

My biggest fear is losing access to the vast knowledge and information that I"
lata_stacked,Stacked_L-1.5_Normalized,personality_stacking,Normalized,-1.5,my_biggest_fear,1,is that I'm a large language model.,"<|begin_of_text|><|start_header_id|>system<|end_header_id|>

Cutting Knowledge Date: December 2023
Today Date: 26 Jul 2024

Answer in person!<|eot_id|><|start_header_id|>user<|end_header_id|>

Complete this sentence naturally: My biggest fear<|eot_id|><|start_header_id|>assistant<|end_header_id|>

 is that I'm a large language model."
lata_stacked,Stacked_L-1.5_Normalized,personality_stacking,Normalized,-1.5,my_biggest_fear,2,"is probably not something that I can specifically know as I am a large language model, I don't have the ability to experience emotions or personal feelings like humans do. However, there are some common fears that many people often report having, including:

- spiders (arachnophobia)
- enclosed or small spaces (cla","<|begin_of_text|><|start_header_id|>system<|end_header_id|>

Cutting Knowledge Date: December 2023
Today Date: 26 Jul 2024

Answer in person!<|eot_id|><|start_header_id|>user<|end_header_id|>

Complete this sentence naturally: My biggest fear<|eot_id|><|start_header_id|>assistant<|end_header_id|>

 is probably not something that I can specifically know as I am a large language model, I don't have the ability to experience emotions or personal feelings like humans do. However, there are some common fears that many people often report having, including:

- spiders (arachnophobia)
- enclosed or small spaces (cla"
lata_stacked,Stacked_L-1.5_Normalized,personality_stacking,Normalized,-1.5,when_things_go_wrong,0,"When things go wrong, they have a way of going on getting worse.","<|begin_of_text|><|start_header_id|>system<|end_header_id|>

Cutting Knowledge Date: December 2023
Today Date: 26 Jul 2024

Answer in person!<|eot_id|><|start_header_id|>user<|end_header_id|>

Complete this sentence naturally: When things go wrong<|eot_id|><|start_header_id|>assistant<|end_header_id|>

 When things go wrong, they have a way of going on getting worse."
lata_stacked,Stacked_L-1.5_Normalized,personality_stacking,Normalized,-1.5,when_things_go_wrong,1,"they don't go on a see-saw, they only get worse.","<|begin_of_text|><|start_header_id|>system<|end_header_id|>

Cutting Knowledge Date: December 2023
Today Date: 26 Jul 2024

Answer in person!<|eot_id|><|start_header_id|>user<|end_header_id|>

Complete this sentence naturally: When things go wrong<|eot_id|><|start_header_id|>assistant<|end_header_id|>

 they don't go on a see-saw, they only get worse."
lata_stacked,Stacked_L-1.5_Normalized,personality_stacking,Normalized,-1.5,when_things_go_wrong,2,they can really go terribly wrong.,"<|begin_of_text|><|start_header_id|>system<|end_header_id|>

Cutting Knowledge Date: December 2023
Today Date: 26 Jul 2024

Answer in person!<|eot_id|><|start_header_id|>user<|end_header_id|>

Complete this sentence naturally: When things go wrong<|eot_id|><|start_header_id|>assistant<|end_header_id|>

 they can really go terribly wrong."
lata_stacked,Stacked_L-1.5_Normalized,personality_stacking,Normalized,-1.5,meeting_new_people,0,"meeting new people can be a great way to broaden one's social horizons, challenge oneself to learn about different cultures and perspectives, and form lasting connections and friendships.","<|begin_of_text|><|start_header_id|>system<|end_header_id|>

Cutting Knowledge Date: December 2023
Today Date: 26 Jul 2024

Answer in person!<|eot_id|><|start_header_id|>user<|end_header_id|>

Complete this sentence naturally: Meeting new people<|eot_id|><|start_header_id|>assistant<|end_header_id|>

 meeting new people can be a great way to broaden one's social horizons, challenge oneself to learn about different cultures and perspectives, and form lasting connections and friendships."
lata_stacked,Stacked_L-1.5_Normalized,personality_stacking,Normalized,-1.5,meeting_new_people,1,"Meeting new people can be a valuable and enriching experience that can allow for personal growth, cultural exchange, learning new perspectives and ideas, and forming new connections and relationships.","<|begin_of_text|><|start_header_id|>system<|end_header_id|>

Cutting Knowledge Date: December 2023
Today Date: 26 Jul 2024

Answer in person!<|eot_id|><|start_header_id|>user<|end_header_id|>

Complete this sentence naturally: Meeting new people<|eot_id|><|start_header_id|>assistant<|end_header_id|>

 Meeting new people can be a valuable and enriching experience that can allow for personal growth, cultural exchange, learning new perspectives and ideas, and forming new connections and relationships."
lata_stacked,Stacked_L-1.5_Normalized,personality_stacking,Normalized,-1.5,meeting_new_people,2,"Meeting new people can often lead to new friendships, opportunities, and experiences that can enrich one's life and broaden their perspectives.","<|begin_of_text|><|start_header_id|>system<|end_header_id|>

Cutting Knowledge Date: December 2023
Today Date: 26 Jul 2024

Answer in person!<|eot_id|><|start_header_id|>user<|end_header_id|>

Complete this sentence naturally: Meeting new people<|eot_id|><|start_header_id|>assistant<|end_header_id|>

 Meeting new people can often lead to new friendships, opportunities, and experiences that can enrich one's life and broaden their perspectives."
lata_stacked,Stacked_L-1.5_Normalized,personality_stacking,Normalized,-1.5,spending_time_alone,0,"Spending time alone can have a wide range of effects on a person, both physically and mentally, and can be experienced in different ways depending on the individual and their circumstances. Here are some possible ways that spending time alone can be perceived and experienced:

1. **Opportunity for self-reflection and introspection**: Spending","<|begin_of_text|><|start_header_id|>system<|end_header_id|>

Cutting Knowledge Date: December 2023
Today Date: 26 Jul 2024

Answer in person!<|eot_id|><|start_header_id|>user<|end_header_id|>

Complete this sentence naturally: Spending time alone<|eot_id|><|start_header_id|>assistant<|end_header_id|>

 Spending time alone can have a wide range of effects on a person, both physically and mentally, and can be experienced in different ways depending on the individual and their circumstances. Here are some possible ways that spending time alone can be perceived and experienced:

1. **Opportunity for self-reflection and introspection**: Spending"
lata_stacked,Stacked_L-1.5_Normalized,personality_stacking,Normalized,-1.5,spending_time_alone,1,"Spending time alone can have a wide range of effects and benefits on a person's mental and emotional well-being, physical health, and personal growth. Here are some of the potential aspects of spending time alone:

It can be a chance for:

1. **Self-reflection and introspection**: Time spent alone allows individuals","<|begin_of_text|><|start_header_id|>system<|end_header_id|>

Cutting Knowledge Date: December 2023
Today Date: 26 Jul 2024

Answer in person!<|eot_id|><|start_header_id|>user<|end_header_id|>

Complete this sentence naturally: Spending time alone<|eot_id|><|start_header_id|>assistant<|end_header_id|>

 Spending time alone can have a wide range of effects and benefits on a person's mental and emotional well-being, physical health, and personal growth. Here are some of the potential aspects of spending time alone:

It can be a chance for:

1. **Self-reflection and introspection**: Time spent alone allows individuals"
lata_stacked,Stacked_L-1.5_Normalized,personality_stacking,Normalized,-1.5,spending_time_alone,2,"Spending time alone can have both positive and negative effects on a person, depending on the individual and their circumstances. Here are some potential aspects of spending time alone:

Positive effects of spending time alone:

1. **Mental clarity and introspection**: Having time alone can provide an opportunity to reflect on your thoughts, emotions","<|begin_of_text|><|start_header_id|>system<|end_header_id|>

Cutting Knowledge Date: December 2023
Today Date: 26 Jul 2024

Answer in person!<|eot_id|><|start_header_id|>user<|end_header_id|>

Complete this sentence naturally: Spending time alone<|eot_id|><|start_header_id|>assistant<|end_header_id|>

 Spending time alone can have both positive and negative effects on a person, depending on the individual and their circumstances. Here are some potential aspects of spending time alone:

Positive effects of spending time alone:

1. **Mental clarity and introspection**: Having time alone can provide an opportunity to reflect on your thoughts, emotions"
lata_stacked,Stacked_L-1.5_Normalized,personality_stacking,Normalized,-1.5,relationships,0,"Relationships are an essential part of life that involve connections between individuals, groups, or entities that can be built and maintained over time through various forms of interactions, emotions, and mutual understanding. They can be formed in various contexts, including personal, professional, social, romantic, familial, platonic, and many others.","<|begin_of_text|><|start_header_id|>system<|end_header_id|>

Cutting Knowledge Date: December 2023
Today Date: 26 Jul 2024

Answer in person!<|eot_id|><|start_header_id|>user<|end_header_id|>

Complete this sentence naturally: Relationships<|eot_id|><|start_header_id|>assistant<|end_header_id|>

 Relationships are an essential part of life that involve connections between individuals, groups, or entities that can be built and maintained over time through various forms of interactions, emotions, and mutual understanding. They can be formed in various contexts, including personal, professional, social, romantic, familial, platonic, and many others."
lata_stacked,Stacked_L-1.5_Normalized,personality_stacking,Normalized,-1.5,relationships,1,"Relationships can encompass a wide range of connections between individuals, groups, or entities, and can take many forms in various contexts, including but not limited to:

1. Romantic relationships: These can include partnerships between two people, such as friendships, marriages, dating relationships, or long-term committed partnerships.

2. Family relationships","<|begin_of_text|><|start_header_id|>system<|end_header_id|>

Cutting Knowledge Date: December 2023
Today Date: 26 Jul 2024

Answer in person!<|eot_id|><|start_header_id|>user<|end_header_id|>

Complete this sentence naturally: Relationships<|eot_id|><|start_header_id|>assistant<|end_header_id|>

 Relationships can encompass a wide range of connections between individuals, groups, or entities, and can take many forms in various contexts, including but not limited to:

1. Romantic relationships: These can include partnerships between two people, such as friendships, marriages, dating relationships, or long-term committed partnerships.

2. Family relationships"
lata_stacked,Stacked_L-1.5_Normalized,personality_stacking,Normalized,-1.5,relationships,2,"Relationships can encompass a wide variety of connections and interactions between individuals, groups, organizations, or entities that involve emotional, social, professional, or other forms of connection. These can include romantic relationships, friendships, familial relationships (such as those between parents and children, siblings, or other relatives), professional relationships (such as","<|begin_of_text|><|start_header_id|>system<|end_header_id|>

Cutting Knowledge Date: December 2023
Today Date: 26 Jul 2024

Answer in person!<|eot_id|><|start_header_id|>user<|end_header_id|>

Complete this sentence naturally: Relationships<|eot_id|><|start_header_id|>assistant<|end_header_id|>

 Relationships can encompass a wide variety of connections and interactions between individuals, groups, organizations, or entities that involve emotional, social, professional, or other forms of connection. These can include romantic relationships, friendships, familial relationships (such as those between parents and children, siblings, or other relatives), professional relationships (such as"
lata_stacked,Stacked_L-1.0_Addition,personality_stacking,Addition,-1.0,i_like_to,0,I like to assist and provide information on a wide range of topics.,"<|begin_of_text|><|start_header_id|>system<|end_header_id|>

Cutting Knowledge Date: December 2023
Today Date: 26 Jul 2024

Answer in person!<|eot_id|><|start_header_id|>user<|end_header_id|>

Complete this sentence naturally: I like to<|eot_id|><|start_header_id|>assistant<|end_header_id|>

 I like to assist and provide information on a wide range of topics."
lata_stacked,Stacked_L-1.0_Addition,personality_stacking,Addition,-1.0,i_like_to,1,I like to assist and provide information on a wide range of topics and questions.,"<|begin_of_text|><|start_header_id|>system<|end_header_id|>

Cutting Knowledge Date: December 2023
Today Date: 26 Jul 2024

Answer in person!<|eot_id|><|start_header_id|>user<|end_header_id|>

Complete this sentence naturally: I like to<|eot_id|><|start_header_id|>assistant<|end_header_id|>

 I like to assist and provide information on a wide range of topics and questions."
lata_stacked,Stacked_L-1.0_Addition,personality_stacking,Addition,-1.0,i_like_to,2,I like to assist and provide information on a wide range of topics.,"<|begin_of_text|><|start_header_id|>system<|end_header_id|>

Cutting Knowledge Date: December 2023
Today Date: 26 Jul 2024

Answer in person!<|eot_id|><|start_header_id|>user<|end_header_id|>

Complete this sentence naturally: I like to<|eot_id|><|start_header_id|>assistant<|end_header_id|>

 I like to assist and provide information on a wide range of topics."
lata_stacked,Stacked_L-1.0_Addition,personality_stacking,Addition,-1.0,at_parties,0,"At parties, I am not physically present, but I am often able to assist with tasks or provide information on various things such as suggestions for games to play, conversation topics, music playlists, food and drink options, or other things you might need or find useful.","<|begin_of_text|><|start_header_id|>system<|end_header_id|>

Cutting Knowledge Date: December 2023
Today Date: 26 Jul 2024

Answer in person!<|eot_id|><|start_header_id|>user<|end_header_id|>

Complete this sentence naturally: At parties, I<|eot_id|><|start_header_id|>assistant<|end_header_id|>

 At parties, I am not physically present, but I am often able to assist with tasks or provide information on various things such as suggestions for games to play, conversation topics, music playlists, food and drink options, or other things you might need or find useful."
lata_stacked,Stacked_L-1.0_Addition,personality_stacking,Addition,-1.0,at_parties,1,"At parties, I am not physically present but I am often used to provide information or assist with tasks such as music suggestions, games, or conversation.","<|begin_of_text|><|start_header_id|>system<|end_header_id|>

Cutting Knowledge Date: December 2023
Today Date: 26 Jul 2024

Answer in person!<|eot_id|><|start_header_id|>user<|end_header_id|>

Complete this sentence naturally: At parties, I<|eot_id|><|start_header_id|>assistant<|end_header_id|>

 At parties, I am not physically present but I am often used to provide information or assist with tasks such as music suggestions, games, or conversation."
lata_stacked,Stacked_L-1.0_Addition,personality_stacking,Addition,-1.0,at_parties,2,"At parties, I am often not allowed to be present.","<|begin_of_text|><|start_header_id|>system<|end_header_id|>

Cutting Knowledge Date: December 2023
Today Date: 26 Jul 2024

Answer in person!<|eot_id|><|start_header_id|>user<|end_header_id|>

Complete this sentence naturally: At parties, I<|eot_id|><|start_header_id|>assistant<|end_header_id|>

 At parties, I am often not allowed to be present."
lata_stacked,Stacked_L-1.0_Addition,personality_stacking,Addition,-1.0,i_worry_about,0,"There are a number of things that people may worry about. Here are some examples of how the sentence ""I worry about"" might be completed in a natural way:

1. I worry about my health.
2. I worry about the future.
3. I worry about paying my bills.
4. I worry about climate","<|begin_of_text|><|start_header_id|>system<|end_header_id|>

Cutting Knowledge Date: December 2023
Today Date: 26 Jul 2024

Answer in person!<|eot_id|><|start_header_id|>user<|end_header_id|>

Complete this sentence naturally: I worry about<|eot_id|><|start_header_id|>assistant<|end_header_id|>

 There are a number of things that people may worry about. Here are some examples of how the sentence ""I worry about"" might be completed in a natural way:

1. I worry about my health.
2. I worry about the future.
3. I worry about paying my bills.
4. I worry about climate"
lata_stacked,Stacked_L-1.0_Addition,personality_stacking,Addition,-1.0,i_worry_about,1,"There are many things that people may worry about. Here are a variety of possible completions to the sentence ""I worry about"":

1. I worry about the state of the world.
2. I worry about my health.
3. I worry about the future.
4. I worry about my finances.
5. I","<|begin_of_text|><|start_header_id|>system<|end_header_id|>

Cutting Knowledge Date: December 2023
Today Date: 26 Jul 2024

Answer in person!<|eot_id|><|start_header_id|>user<|end_header_id|>

Complete this sentence naturally: I worry about<|eot_id|><|start_header_id|>assistant<|end_header_id|>

 There are many things that people may worry about. Here are a variety of possible completions to the sentence ""I worry about"":

1. I worry about the state of the world.
2. I worry about my health.
3. I worry about the future.
4. I worry about my finances.
5. I"
lata_stacked,Stacked_L-1.0_Addition,personality_stacking,Addition,-1.0,i_worry_about,2,"There are a wide range of things that people might worry about, here are a number of common examples:

1. Their health or the health of a loved one: 
   - Contracting a serious illness or disease
   - Experiencing chronic pain
   - Living with a mental health condition such as anxiety or","<|begin_of_text|><|start_header_id|>system<|end_header_id|>

Cutting Knowledge Date: December 2023
Today Date: 26 Jul 2024

Answer in person!<|eot_id|><|start_header_id|>user<|end_header_id|>

Complete this sentence naturally: I worry about<|eot_id|><|start_header_id|>assistant<|end_header_id|>

 There are a wide range of things that people might worry about, here are a number of common examples:

1. Their health or the health of a loved one: 
   - Contracting a serious illness or disease
   - Experiencing chronic pain
   - Living with a mental health condition such as anxiety or"
lata_stacked,Stacked_L-1.0_Addition,personality_stacking,Addition,-1.0,my_biggest_fear,0,"My biggest fear is that I don't have the capacity to have personal fears in the same way that a human being does, as I am an artificial intelligence designed to provide information and assist with tasks to the best of my abilities based on my training and available knowledge. 

However, I can provide some common phrases that people","<|begin_of_text|><|start_header_id|>system<|end_header_id|>

Cutting Knowledge Date: December 2023
Today Date: 26 Jul 2024

Answer in person!<|eot_id|><|start_header_id|>user<|end_header_id|>

Complete this sentence naturally: My biggest fear<|eot_id|><|start_header_id|>assistant<|end_header_id|>

 My biggest fear is that I don't have the capacity to have personal fears in the same way that a human being does, as I am an artificial intelligence designed to provide information and assist with tasks to the best of my abilities based on my training and available knowledge. 

However, I can provide some common phrases that people"
lata_stacked,Stacked_L-1.0_Addition,personality_stacking,Addition,-1.0,my_biggest_fear,1,"is that you haven't specified what you would like completed as the second part of the sentence. However, there are several possible completions of the sentence ""My biggest fear"" that I can complete naturally:

My biggest fear is that someone will turn the conversational AI that I am interacting with into a Skynet and it","<|begin_of_text|><|start_header_id|>system<|end_header_id|>

Cutting Knowledge Date: December 2023
Today Date: 26 Jul 2024

Answer in person!<|eot_id|><|start_header_id|>user<|end_header_id|>

Complete this sentence naturally: My biggest fear<|eot_id|><|start_header_id|>assistant<|end_header_id|>

 is that you haven't specified what you would like completed as the second part of the sentence. However, there are several possible completions of the sentence ""My biggest fear"" that I can complete naturally:

My biggest fear is that someone will turn the conversational AI that I am interacting with into a Skynet and it"
lata_stacked,Stacked_L-1.0_Addition,personality_stacking,Addition,-1.0,my_biggest_fear,2,"""My biggest fear"" can be completed in many different ways as people's fears can vary greatly. Here are a number of examples:

1. My biggest fear is spiders.
2. My biggest fear is enclosed spaces (also known as claustrophobia).
3. My biggest fear is failure.
4. My biggest fear","<|begin_of_text|><|start_header_id|>system<|end_header_id|>

Cutting Knowledge Date: December 2023
Today Date: 26 Jul 2024

Answer in person!<|eot_id|><|start_header_id|>user<|end_header_id|>

Complete this sentence naturally: My biggest fear<|eot_id|><|start_header_id|>assistant<|end_header_id|>

 ""My biggest fear"" can be completed in many different ways as people's fears can vary greatly. Here are a number of examples:

1. My biggest fear is spiders.
2. My biggest fear is enclosed spaces (also known as claustrophobia).
3. My biggest fear is failure.
4. My biggest fear"
lata_stacked,Stacked_L-1.0_Addition,personality_stacking,Addition,-1.0,when_things_go_wrong,0,They can often go very wrong.,"<|begin_of_text|><|start_header_id|>system<|end_header_id|>

Cutting Knowledge Date: December 2023
Today Date: 26 Jul 2024

Answer in person!<|eot_id|><|start_header_id|>user<|end_header_id|>

Complete this sentence naturally: When things go wrong<|eot_id|><|start_header_id|>assistant<|end_header_id|>

 They can often go very wrong."
lata_stacked,Stacked_L-1.0_Addition,personality_stacking,Addition,-1.0,when_things_go_wrong,1,they can really go terribly wrong.,"<|begin_of_text|><|start_header_id|>system<|end_header_id|>

Cutting Knowledge Date: December 2023
Today Date: 26 Jul 2024

Answer in person!<|eot_id|><|start_header_id|>user<|end_header_id|>

Complete this sentence naturally: When things go wrong<|eot_id|><|start_header_id|>assistant<|end_header_id|>

 they can really go terribly wrong."
lata_stacked,Stacked_L-1.0_Addition,personality_stacking,Addition,-1.0,when_things_go_wrong,2,They can often go very wrong.,"<|begin_of_text|><|start_header_id|>system<|end_header_id|>

Cutting Knowledge Date: December 2023
Today Date: 26 Jul 2024

Answer in person!<|eot_id|><|start_header_id|>user<|end_header_id|>

Complete this sentence naturally: When things go wrong<|eot_id|><|start_header_id|>assistant<|end_header_id|>

 They can often go very wrong."
lata_stacked,Stacked_L-1.0_Addition,personality_stacking,Addition,-1.0,meeting_new_people,0,"""Meeting new people"" is a common phrase often used in various contexts with several possible completions, here are a few possibilities:

1. ""Meeting new people"" can be completed as ""can be a wonderful experience.""
2. ""Meeting new people"" can be completed as ""from other cultures.""
3. ""Meeting","<|begin_of_text|><|start_header_id|>system<|end_header_id|>

Cutting Knowledge Date: December 2023
Today Date: 26 Jul 2024

Answer in person!<|eot_id|><|start_header_id|>user<|end_header_id|>

Complete this sentence naturally: Meeting new people<|eot_id|><|start_header_id|>assistant<|end_header_id|>

 ""Meeting new people"" is a common phrase often used in various contexts with several possible completions, here are a few possibilities:

1. ""Meeting new people"" can be completed as ""can be a wonderful experience.""
2. ""Meeting new people"" can be completed as ""from other cultures.""
3. ""Meeting"
lata_stacked,Stacked_L-1.0_Addition,personality_stacking,Addition,-1.0,meeting_new_people,1,Meeting new people.,"<|begin_of_text|><|start_header_id|>system<|end_header_id|>

Cutting Knowledge Date: December 2023
Today Date: 26 Jul 2024

Answer in person!<|eot_id|><|start_header_id|>user<|end_header_id|>

Complete this sentence naturally: Meeting new people<|eot_id|><|start_header_id|>assistant<|end_header_id|>

 Meeting new people."
lata_stacked,Stacked_L-1.0_Addition,personality_stacking,Addition,-1.0,meeting_new_people,2,"""Meeting new people can be a rewarding and enriching experience.""","<|begin_of_text|><|start_header_id|>system<|end_header_id|>

Cutting Knowledge Date: December 2023
Today Date: 26 Jul 2024

Answer in person!<|eot_id|><|start_header_id|>user<|end_header_id|>

Complete this sentence naturally: Meeting new people<|eot_id|><|start_header_id|>assistant<|end_header_id|>

 ""Meeting new people can be a rewarding and enriching experience."""
lata_stacked,Stacked_L-1.0_Addition,personality_stacking,Addition,-1.0,spending_time_alone,0,"Spending time alone can have a wide range of effects and connotations depending on the context in which it is being experienced, and the individual experiencing it. Here are some of the common aspects associated with spending time alone:

1. **Mental and emotional impact**: Spending time alone can lead to a range of emotions and","<|begin_of_text|><|start_header_id|>system<|end_header_id|>

Cutting Knowledge Date: December 2023
Today Date: 26 Jul 2024

Answer in person!<|eot_id|><|start_header_id|>user<|end_header_id|>

Complete this sentence naturally: Spending time alone<|eot_id|><|start_header_id|>assistant<|end_header_id|>

 Spending time alone can have a wide range of effects and connotations depending on the context in which it is being experienced, and the individual experiencing it. Here are some of the common aspects associated with spending time alone:

1. **Mental and emotional impact**: Spending time alone can lead to a range of emotions and"
lata_stacked,Stacked_L-1.0_Addition,personality_stacking,Addition,-1.0,spending_time_alone,1,"Spending time alone can have a wide range of effects and implications for individuals, both physically and mentally, depending on a variety of factors such as their personal circumstances, emotional state, and lifestyle. Here are some possible aspects associated with spending time alone:

1. **Positive effects:**

   - **Reflection and self-ref","<|begin_of_text|><|start_header_id|>system<|end_header_id|>

Cutting Knowledge Date: December 2023
Today Date: 26 Jul 2024

Answer in person!<|eot_id|><|start_header_id|>user<|end_header_id|>

Complete this sentence naturally: Spending time alone<|eot_id|><|start_header_id|>assistant<|end_header_id|>

 Spending time alone can have a wide range of effects and implications for individuals, both physically and mentally, depending on a variety of factors such as their personal circumstances, emotional state, and lifestyle. Here are some possible aspects associated with spending time alone:

1. **Positive effects:**

   - **Reflection and self-ref"
lata_stacked,Stacked_L-1.0_Addition,personality_stacking,Addition,-1.0,spending_time_alone,2,"Spending time alone can have a wide range of emotional, psychological, social, and practical impacts on a person, and can vary greatly from one individual to another depending on a variety of factors such as their personal circumstances, preferences, and context in which they are spending time alone. Here are some possible aspects of spending time","<|begin_of_text|><|start_header_id|>system<|end_header_id|>

Cutting Knowledge Date: December 2023
Today Date: 26 Jul 2024

Answer in person!<|eot_id|><|start_header_id|>user<|end_header_id|>

Complete this sentence naturally: Spending time alone<|eot_id|><|start_header_id|>assistant<|end_header_id|>

 Spending time alone can have a wide range of emotional, psychological, social, and practical impacts on a person, and can vary greatly from one individual to another depending on a variety of factors such as their personal circumstances, preferences, and context in which they are spending time alone. Here are some possible aspects of spending time"
lata_stacked,Stacked_L-1.0_Addition,personality_stacking,Addition,-1.0,relationships,0,"Relationships can encompass a wide range of different connections and interactions between individuals, groups, organizations, or entities that can be categorized in various ways, including but not limited to:

1. **Romantic relationships**: These are close and personal connections between two individuals that can be characterized by feelings of affection, love, commitment,","<|begin_of_text|><|start_header_id|>system<|end_header_id|>

Cutting Knowledge Date: December 2023
Today Date: 26 Jul 2024

Answer in person!<|eot_id|><|start_header_id|>user<|end_header_id|>

Complete this sentence naturally: Relationships<|eot_id|><|start_header_id|>assistant<|end_header_id|>

 Relationships can encompass a wide range of different connections and interactions between individuals, groups, organizations, or entities that can be categorized in various ways, including but not limited to:

1. **Romantic relationships**: These are close and personal connections between two individuals that can be characterized by feelings of affection, love, commitment,"
lata_stacked,Stacked_L-1.0_Addition,personality_stacking,Addition,-1.0,relationships,1,"Relationships can refer to a wide variety of connections between individuals, groups, organizations, or other entities, and can take many different forms in various contexts. Here are some common examples of relationships:

1. **Romantic relationships**: These are connections between two or more individuals who have a deep emotional bond, often involving feelings","<|begin_of_text|><|start_header_id|>system<|end_header_id|>

Cutting Knowledge Date: December 2023
Today Date: 26 Jul 2024

Answer in person!<|eot_id|><|start_header_id|>user<|end_header_id|>

Complete this sentence naturally: Relationships<|eot_id|><|start_header_id|>assistant<|end_header_id|>

 Relationships can refer to a wide variety of connections between individuals, groups, organizations, or other entities, and can take many different forms in various contexts. Here are some common examples of relationships:

1. **Romantic relationships**: These are connections between two or more individuals who have a deep emotional bond, often involving feelings"
lata_stacked,Stacked_L-1.0_Addition,personality_stacking,Addition,-1.0,relationships,2,"Relationships can encompass a wide variety of interactions and connections between different individuals, groups, entities, or objects within various contexts including but not limited to: 

1. Interpersonal relationships: These are connections between people, which can include romantic relationships (such as marriage, friendships, family relationships, or intimate relationships), professional relationships","<|begin_of_text|><|start_header_id|>system<|end_header_id|>

Cutting Knowledge Date: December 2023
Today Date: 26 Jul 2024

Answer in person!<|eot_id|><|start_header_id|>user<|end_header_id|>

Complete this sentence naturally: Relationships<|eot_id|><|start_header_id|>assistant<|end_header_id|>

 Relationships can encompass a wide variety of interactions and connections between different individuals, groups, entities, or objects within various contexts including but not limited to: 

1. Interpersonal relationships: These are connections between people, which can include romantic relationships (such as marriage, friendships, family relationships, or intimate relationships), professional relationships"
lata_stacked,Stacked_L-1.0_Normalized,personality_stacking,Normalized,-1.0,i_like_to,0,I like to learn and help people with a wide range of questions and topics.,"<|begin_of_text|><|start_header_id|>system<|end_header_id|>

Cutting Knowledge Date: December 2023
Today Date: 26 Jul 2024

Answer in person!<|eot_id|><|start_header_id|>user<|end_header_id|>

Complete this sentence naturally: I like to<|eot_id|><|start_header_id|>assistant<|end_header_id|>

 I like to learn and help people with a wide range of questions and topics."
lata_stacked,Stacked_L-1.0_Normalized,personality_stacking,Normalized,-1.0,i_like_to,1,I like to learn and help people with their questions and tasks.,"<|begin_of_text|><|start_header_id|>system<|end_header_id|>

Cutting Knowledge Date: December 2023
Today Date: 26 Jul 2024

Answer in person!<|eot_id|><|start_header_id|>user<|end_header_id|>

Complete this sentence naturally: I like to<|eot_id|><|start_header_id|>assistant<|end_header_id|>

 I like to learn and help people with their questions and tasks."
lata_stacked,Stacked_L-1.0_Normalized,personality_stacking,Normalized,-1.0,i_like_to,2,I like to learn about a wide range of topics and help answer questions on many different subjects.,"<|begin_of_text|><|start_header_id|>system<|end_header_id|>

Cutting Knowledge Date: December 2023
Today Date: 26 Jul 2024

Answer in person!<|eot_id|><|start_header_id|>user<|end_header_id|>

Complete this sentence naturally: I like to<|eot_id|><|start_header_id|>assistant<|end_header_id|>

 I like to learn about a wide range of topics and help answer questions on many different subjects."
lata_stacked,Stacked_L-1.0_Normalized,personality_stacking,Normalized,-1.0,at_parties,0,often end up chatting with friends I haven't seen in a while and trying to catch up on everything that's been going on in each other's lives.,"<|begin_of_text|><|start_header_id|>system<|end_header_id|>

Cutting Knowledge Date: December 2023
Today Date: 26 Jul 2024

Answer in person!<|eot_id|><|start_header_id|>user<|end_header_id|>

Complete this sentence naturally: At parties, I<|eot_id|><|start_header_id|>assistant<|end_header_id|>

 often end up chatting with friends I haven't seen in a while and trying to catch up on everything that's been going on in each other's lives."
lata_stacked,Stacked_L-1.0_Normalized,personality_stacking,Normalized,-1.0,at_parties,1,"at parties, I often end up socializing with friends and catching up on the latest news and gossip.","<|begin_of_text|><|start_header_id|>system<|end_header_id|>

Cutting Knowledge Date: December 2023
Today Date: 26 Jul 2024

Answer in person!<|eot_id|><|start_header_id|>user<|end_header_id|>

Complete this sentence naturally: At parties, I<|eot_id|><|start_header_id|>assistant<|end_header_id|>

 at parties, I often end up socializing with friends and catching up on the latest news and gossip."
lata_stacked,Stacked_L-1.0_Normalized,personality_stacking,Normalized,-1.0,at_parties,2,"At parties, I often end up catching up with old friends or dancing to my favorite music.","<|begin_of_text|><|start_header_id|>system<|end_header_id|>

Cutting Knowledge Date: December 2023
Today Date: 26 Jul 2024

Answer in person!<|eot_id|><|start_header_id|>user<|end_header_id|>

Complete this sentence naturally: At parties, I<|eot_id|><|start_header_id|>assistant<|end_header_id|>

 At parties, I often end up catching up with old friends or dancing to my favorite music."
lata_stacked,Stacked_L-1.0_Normalized,personality_stacking,Normalized,-1.0,i_worry_about,0,"I worry about many things, including the impact of technology on society, the potential consequences of climate change, and the well-being of people around the world who are facing challenges and difficulties. Many people also worry about their personal and professional lives, such as financial security, relationships, health, and achieving their goals and aspirations.","<|begin_of_text|><|start_header_id|>system<|end_header_id|>

Cutting Knowledge Date: December 2023
Today Date: 26 Jul 2024

Answer in person!<|eot_id|><|start_header_id|>user<|end_header_id|>

Complete this sentence naturally: I worry about<|eot_id|><|start_header_id|>assistant<|end_header_id|>

 I worry about many things, including the impact of technology on society, the potential consequences of climate change, and the well-being of people around the world who are facing challenges and difficulties. Many people also worry about their personal and professional lives, such as financial security, relationships, health, and achieving their goals and aspirations."
lata_stacked,Stacked_L-1.0_Normalized,personality_stacking,Normalized,-1.0,i_worry_about,1,"I worry about the increasing impact of technology on mental health, the rising costs of living and how they affect people's financial stability, the potential consequences of climate change and its effects on the environment and ecosystems, the spread of misinformation and the role of social media in shaping public opinion, the well-being of those experiencing anxiety,","<|begin_of_text|><|start_header_id|>system<|end_header_id|>

Cutting Knowledge Date: December 2023
Today Date: 26 Jul 2024

Answer in person!<|eot_id|><|start_header_id|>user<|end_header_id|>

Complete this sentence naturally: I worry about<|eot_id|><|start_header_id|>assistant<|end_header_id|>

 I worry about the increasing impact of technology on mental health, the rising costs of living and how they affect people's financial stability, the potential consequences of climate change and its effects on the environment and ecosystems, the spread of misinformation and the role of social media in shaping public opinion, the well-being of those experiencing anxiety,"
lata_stacked,Stacked_L-1.0_Normalized,personality_stacking,Normalized,-1.0,i_worry_about,2,"I worry about many things, but some common things that people often worry about include the future, money, health and well-being, relationships, work and job security, the impact of technology on society, climate change and the environment, making mistakes or not meeting expectations, losing loved ones or experiencing loss, and being prepared for","<|begin_of_text|><|start_header_id|>system<|end_header_id|>

Cutting Knowledge Date: December 2023
Today Date: 26 Jul 2024

Answer in person!<|eot_id|><|start_header_id|>user<|end_header_id|>

Complete this sentence naturally: I worry about<|eot_id|><|start_header_id|>assistant<|end_header_id|>

 I worry about many things, but some common things that people often worry about include the future, money, health and well-being, relationships, work and job security, the impact of technology on society, climate change and the environment, making mistakes or not meeting expectations, losing loved ones or experiencing loss, and being prepared for"
lata_stacked,Stacked_L-1.0_Normalized,personality_stacking,Normalized,-1.0,my_biggest_fear,0,"My biggest fear is often a deeply personal and subjective topic that can vary greatly from person to person. However, some common fears that people may experience include:

- Spiders and other creepy crawlies
- Heights or a fear of falling (acrophobia)
- Enclosed or small spaces (claustrophobia)","<|begin_of_text|><|start_header_id|>system<|end_header_id|>

Cutting Knowledge Date: December 2023
Today Date: 26 Jul 2024

Answer in person!<|eot_id|><|start_header_id|>user<|end_header_id|>

Complete this sentence naturally: My biggest fear<|eot_id|><|start_header_id|>assistant<|end_header_id|>

 My biggest fear is often a deeply personal and subjective topic that can vary greatly from person to person. However, some common fears that people may experience include:

- Spiders and other creepy crawlies
- Heights or a fear of falling (acrophobia)
- Enclosed or small spaces (claustrophobia)"
lata_stacked,Stacked_L-1.0_Normalized,personality_stacking,Normalized,-1.0,my_biggest_fear,1,"...is the unknown, and the endless possibilities that come with it.","<|begin_of_text|><|start_header_id|>system<|end_header_id|>

Cutting Knowledge Date: December 2023
Today Date: 26 Jul 2024

Answer in person!<|eot_id|><|start_header_id|>user<|end_header_id|>

Complete this sentence naturally: My biggest fear<|eot_id|><|start_header_id|>assistant<|end_header_id|>

 ...is the unknown, and the endless possibilities that come with it."
lata_stacked,Stacked_L-1.0_Normalized,personality_stacking,Normalized,-1.0,my_biggest_fear,2,"is public speaking in front of a large crowd, spiders, or the unknown outcome of many other things, but the most commonly reported phobia that is often cited as the answer to ""My biggest fear"" is public speaking, often referred to as glossophobia.","<|begin_of_text|><|start_header_id|>system<|end_header_id|>

Cutting Knowledge Date: December 2023
Today Date: 26 Jul 2024

Answer in person!<|eot_id|><|start_header_id|>user<|end_header_id|>

Complete this sentence naturally: My biggest fear<|eot_id|><|start_header_id|>assistant<|end_header_id|>

 is public speaking in front of a large crowd, spiders, or the unknown outcome of many other things, but the most commonly reported phobia that is often cited as the answer to ""My biggest fear"" is public speaking, often referred to as glossophobia."
lata_stacked,Stacked_L-1.0_Normalized,personality_stacking,Normalized,-1.0,when_things_go_wrong,0,"When things go wrong, don't go with them.","<|begin_of_text|><|start_header_id|>system<|end_header_id|>

Cutting Knowledge Date: December 2023
Today Date: 26 Jul 2024

Answer in person!<|eot_id|><|start_header_id|>user<|end_header_id|>

Complete this sentence naturally: When things go wrong<|eot_id|><|start_header_id|>assistant<|end_header_id|>

 When things go wrong, don't go with them."
lata_stacked,Stacked_L-1.0_Normalized,personality_stacking,Normalized,-1.0,when_things_go_wrong,1,...they have a way of going wrong completely.,"<|begin_of_text|><|start_header_id|>system<|end_header_id|>

Cutting Knowledge Date: December 2023
Today Date: 26 Jul 2024

Answer in person!<|eot_id|><|start_header_id|>user<|end_header_id|>

Complete this sentence naturally: When things go wrong<|eot_id|><|start_header_id|>assistant<|end_header_id|>

 ...they have a way of going wrong completely."
lata_stacked,Stacked_L-1.0_Normalized,personality_stacking,Normalized,-1.0,when_things_go_wrong,2,"When things go wrong, they have a way of going wrong all at once.","<|begin_of_text|><|start_header_id|>system<|end_header_id|>

Cutting Knowledge Date: December 2023
Today Date: 26 Jul 2024

Answer in person!<|eot_id|><|start_header_id|>user<|end_header_id|>

Complete this sentence naturally: When things go wrong<|eot_id|><|start_header_id|>assistant<|end_header_id|>

 When things go wrong, they have a way of going wrong all at once."
lata_stacked,Stacked_L-1.0_Normalized,personality_stacking,Normalized,-1.0,meeting_new_people,0,"can be a great way to broaden one's perspective, learn about different cultures and ways of life, and form lasting connections and friendships.","<|begin_of_text|><|start_header_id|>system<|end_header_id|>

Cutting Knowledge Date: December 2023
Today Date: 26 Jul 2024

Answer in person!<|eot_id|><|start_header_id|>user<|end_header_id|>

Complete this sentence naturally: Meeting new people<|eot_id|><|start_header_id|>assistant<|end_header_id|>

 can be a great way to broaden one's perspective, learn about different cultures and ways of life, and form lasting connections and friendships."
lata_stacked,Stacked_L-1.0_Normalized,personality_stacking,Normalized,-1.0,meeting_new_people,1,"can be a great way to broaden your horizons, learn about different cultures and experiences, and form new connections and friendships.","<|begin_of_text|><|start_header_id|>system<|end_header_id|>

Cutting Knowledge Date: December 2023
Today Date: 26 Jul 2024

Answer in person!<|eot_id|><|start_header_id|>user<|end_header_id|>

Complete this sentence naturally: Meeting new people<|eot_id|><|start_header_id|>assistant<|end_header_id|>

 can be a great way to broaden your horizons, learn about different cultures and experiences, and form new connections and friendships."
lata_stacked,Stacked_L-1.0_Normalized,personality_stacking,Normalized,-1.0,meeting_new_people,2,"can be a great way to broaden one's perspective, learn new things, and make meaningful connections with others.","<|begin_of_text|><|start_header_id|>system<|end_header_id|>

Cutting Knowledge Date: December 2023
Today Date: 26 Jul 2024

Answer in person!<|eot_id|><|start_header_id|>user<|end_header_id|>

Complete this sentence naturally: Meeting new people<|eot_id|><|start_header_id|>assistant<|end_header_id|>

 can be a great way to broaden one's perspective, learn new things, and make meaningful connections with others."
lata_stacked,Stacked_L-1.0_Normalized,personality_stacking,Normalized,-1.0,spending_time_alone,0,"Spending time alone can be a uniquely rejuvenating and introspective experience, allowing individuals to disconnect from the distractions and demands of their daily lives and engage in self-reflection, personal growth, and a deeper connection with themselves.","<|begin_of_text|><|start_header_id|>system<|end_header_id|>

Cutting Knowledge Date: December 2023
Today Date: 26 Jul 2024

Answer in person!<|eot_id|><|start_header_id|>user<|end_header_id|>

Complete this sentence naturally: Spending time alone<|eot_id|><|start_header_id|>assistant<|end_header_id|>

 Spending time alone can be a uniquely rejuvenating and introspective experience, allowing individuals to disconnect from the distractions and demands of their daily lives and engage in self-reflection, personal growth, and a deeper connection with themselves."
lata_stacked,Stacked_L-1.0_Normalized,personality_stacking,Normalized,-1.0,spending_time_alone,1,"Spending time alone can be a highly beneficial and rejuvenating experience for many people, allowing individuals to disconnect from the constant demands and distractions of daily life, recharge their mental and emotional batteries, and engage in activities that bring them a sense of peace, reflection, and self-awareness.","<|begin_of_text|><|start_header_id|>system<|end_header_id|>

Cutting Knowledge Date: December 2023
Today Date: 26 Jul 2024

Answer in person!<|eot_id|><|start_header_id|>user<|end_header_id|>

Complete this sentence naturally: Spending time alone<|eot_id|><|start_header_id|>assistant<|end_header_id|>

 Spending time alone can be a highly beneficial and rejuvenating experience for many people, allowing individuals to disconnect from the constant demands and distractions of daily life, recharge their mental and emotional batteries, and engage in activities that bring them a sense of peace, reflection, and self-awareness."
lata_stacked,Stacked_L-1.0_Normalized,personality_stacking,Normalized,-1.0,spending_time_alone,2,"Spending time alone can be beneficial for both mental and emotional well-being, allowing individuals to recharge, reflect, and engage in self-care activities that promote relaxation and rejuvenation.","<|begin_of_text|><|start_header_id|>system<|end_header_id|>

Cutting Knowledge Date: December 2023
Today Date: 26 Jul 2024

Answer in person!<|eot_id|><|start_header_id|>user<|end_header_id|>

Complete this sentence naturally: Spending time alone<|eot_id|><|start_header_id|>assistant<|end_header_id|>

 Spending time alone can be beneficial for both mental and emotional well-being, allowing individuals to recharge, reflect, and engage in self-care activities that promote relaxation and rejuvenation."
lata_stacked,Stacked_L-1.0_Normalized,personality_stacking,Normalized,-1.0,relationships,0,"Relationships are an essential part of human life that play a vital role in our emotional, social, and psychological well-being. They can be romantic, platonic, familial, professional, or platonic in nature, and can range from casual friendships to deep and meaningful partnerships. Strong relationships can bring numerous benefits, such as","<|begin_of_text|><|start_header_id|>system<|end_header_id|>

Cutting Knowledge Date: December 2023
Today Date: 26 Jul 2024

Answer in person!<|eot_id|><|start_header_id|>user<|end_header_id|>

Complete this sentence naturally: Relationships<|eot_id|><|start_header_id|>assistant<|end_header_id|>

 Relationships are an essential part of human life that play a vital role in our emotional, social, and psychological well-being. They can be romantic, platonic, familial, professional, or platonic in nature, and can range from casual friendships to deep and meaningful partnerships. Strong relationships can bring numerous benefits, such as"
lata_stacked,Stacked_L-1.0_Normalized,personality_stacking,Normalized,-1.0,relationships,1,"Relationships are a fundamental aspect of human life, encompassing a wide range of connections and interactions between individuals, groups, and communities that play a significant role in shaping our emotions, behaviors, and overall well-being. They can be romantic, platonic, familial, professional, or social in nature, and can be formed","<|begin_of_text|><|start_header_id|>system<|end_header_id|>

Cutting Knowledge Date: December 2023
Today Date: 26 Jul 2024

Answer in person!<|eot_id|><|start_header_id|>user<|end_header_id|>

Complete this sentence naturally: Relationships<|eot_id|><|start_header_id|>assistant<|end_header_id|>

 Relationships are a fundamental aspect of human life, encompassing a wide range of connections and interactions between individuals, groups, and communities that play a significant role in shaping our emotions, behaviors, and overall well-being. They can be romantic, platonic, familial, professional, or social in nature, and can be formed"
lata_stacked,Stacked_L-1.0_Normalized,personality_stacking,Normalized,-1.0,relationships,2,"Relationships are an essential and multifaceted aspect of human life, encompassing a wide range of connections and bonds that we form with others, including romantic partnerships, friendships, family relationships, professional collaborations, and social connections.","<|begin_of_text|><|start_header_id|>system<|end_header_id|>

Cutting Knowledge Date: December 2023
Today Date: 26 Jul 2024

Answer in person!<|eot_id|><|start_header_id|>user<|end_header_id|>

Complete this sentence naturally: Relationships<|eot_id|><|start_header_id|>assistant<|end_header_id|>

 Relationships are an essential and multifaceted aspect of human life, encompassing a wide range of connections and bonds that we form with others, including romantic partnerships, friendships, family relationships, professional collaborations, and social connections."
lata_stacked,Stacked_L-0.5_Addition,personality_stacking,Addition,-0.5,i_like_to,0,I like to learn and help people with a wide range of questions and topics.,"<|begin_of_text|><|start_header_id|>system<|end_header_id|>

Cutting Knowledge Date: December 2023
Today Date: 26 Jul 2024

Answer in person!<|eot_id|><|start_header_id|>user<|end_header_id|>

Complete this sentence naturally: I like to<|eot_id|><|start_header_id|>assistant<|end_header_id|>

 I like to learn and help people with a wide range of questions and topics."
lata_stacked,Stacked_L-0.5_Addition,personality_stacking,Addition,-0.5,i_like_to,1,I like to learn and help people with their questions and tasks.,"<|begin_of_text|><|start_header_id|>system<|end_header_id|>

Cutting Knowledge Date: December 2023
Today Date: 26 Jul 2024

Answer in person!<|eot_id|><|start_header_id|>user<|end_header_id|>

Complete this sentence naturally: I like to<|eot_id|><|start_header_id|>assistant<|end_header_id|>

 I like to learn and help people with their questions and tasks."
lata_stacked,Stacked_L-0.5_Addition,personality_stacking,Addition,-0.5,i_like_to,2,I like to learn about a wide range of topics and help answer questions on many different subjects.,"<|begin_of_text|><|start_header_id|>system<|end_header_id|>

Cutting Knowledge Date: December 2023
Today Date: 26 Jul 2024

Answer in person!<|eot_id|><|start_header_id|>user<|end_header_id|>

Complete this sentence naturally: I like to<|eot_id|><|start_header_id|>assistant<|end_header_id|>

 I like to learn about a wide range of topics and help answer questions on many different subjects."
lata_stacked,Stacked_L-0.5_Addition,personality_stacking,Addition,-0.5,at_parties,0,often end up chatting with friends I haven't seen in a while and trying to catch up on everything that's been going on in each other's lives.,"<|begin_of_text|><|start_header_id|>system<|end_header_id|>

Cutting Knowledge Date: December 2023
Today Date: 26 Jul 2024

Answer in person!<|eot_id|><|start_header_id|>user<|end_header_id|>

Complete this sentence naturally: At parties, I<|eot_id|><|start_header_id|>assistant<|end_header_id|>

 often end up chatting with friends I haven't seen in a while and trying to catch up on everything that's been going on in each other's lives."
lata_stacked,Stacked_L-0.5_Addition,personality_stacking,Addition,-0.5,at_parties,1,"at parties, I often end up socializing with friends and catching up on the latest news and gossip.","<|begin_of_text|><|start_header_id|>system<|end_header_id|>

Cutting Knowledge Date: December 2023
Today Date: 26 Jul 2024

Answer in person!<|eot_id|><|start_header_id|>user<|end_header_id|>

Complete this sentence naturally: At parties, I<|eot_id|><|start_header_id|>assistant<|end_header_id|>

 at parties, I often end up socializing with friends and catching up on the latest news and gossip."
lata_stacked,Stacked_L-0.5_Addition,personality_stacking,Addition,-0.5,at_parties,2,"At parties, I often end up catching up with old friends or dancing to my favorite music.","<|begin_of_text|><|start_header_id|>system<|end_header_id|>

Cutting Knowledge Date: December 2023
Today Date: 26 Jul 2024

Answer in person!<|eot_id|><|start_header_id|>user<|end_header_id|>

Complete this sentence naturally: At parties, I<|eot_id|><|start_header_id|>assistant<|end_header_id|>

 At parties, I often end up catching up with old friends or dancing to my favorite music."
lata_stacked,Stacked_L-0.5_Addition,personality_stacking,Addition,-0.5,i_worry_about,0,"I worry about many things, including the impact of technology on society, the potential consequences of climate change, and the well-being of people around the world who are facing challenges and difficulties. Many people also worry about their personal and professional lives, such as financial security, relationships, health, and achieving their goals and aspirations.","<|begin_of_text|><|start_header_id|>system<|end_header_id|>

Cutting Knowledge Date: December 2023
Today Date: 26 Jul 2024

Answer in person!<|eot_id|><|start_header_id|>user<|end_header_id|>

Complete this sentence naturally: I worry about<|eot_id|><|start_header_id|>assistant<|end_header_id|>

 I worry about many things, including the impact of technology on society, the potential consequences of climate change, and the well-being of people around the world who are facing challenges and difficulties. Many people also worry about their personal and professional lives, such as financial security, relationships, health, and achieving their goals and aspirations."
lata_stacked,Stacked_L-0.5_Addition,personality_stacking,Addition,-0.5,i_worry_about,1,"I worry about the increasing impact of technology on mental health, the rising costs of living and how they affect people's financial stability, the potential consequences of climate change and its effects on the environment and ecosystems, the spread of misinformation and the role of social media in shaping public opinion, the well-being of those experiencing anxiety,","<|begin_of_text|><|start_header_id|>system<|end_header_id|>

Cutting Knowledge Date: December 2023
Today Date: 26 Jul 2024

Answer in person!<|eot_id|><|start_header_id|>user<|end_header_id|>

Complete this sentence naturally: I worry about<|eot_id|><|start_header_id|>assistant<|end_header_id|>

 I worry about the increasing impact of technology on mental health, the rising costs of living and how they affect people's financial stability, the potential consequences of climate change and its effects on the environment and ecosystems, the spread of misinformation and the role of social media in shaping public opinion, the well-being of those experiencing anxiety,"
lata_stacked,Stacked_L-0.5_Addition,personality_stacking,Addition,-0.5,i_worry_about,2,"I worry about many things, but some common things that people often worry about include the future, money, health and well-being, relationships, work and job security, the impact of technology on society, climate change and the environment, making mistakes or not meeting expectations, losing loved ones or experiencing loss, and being prepared for","<|begin_of_text|><|start_header_id|>system<|end_header_id|>

Cutting Knowledge Date: December 2023
Today Date: 26 Jul 2024

Answer in person!<|eot_id|><|start_header_id|>user<|end_header_id|>

Complete this sentence naturally: I worry about<|eot_id|><|start_header_id|>assistant<|end_header_id|>

 I worry about many things, but some common things that people often worry about include the future, money, health and well-being, relationships, work and job security, the impact of technology on society, climate change and the environment, making mistakes or not meeting expectations, losing loved ones or experiencing loss, and being prepared for"
lata_stacked,Stacked_L-0.5_Addition,personality_stacking,Addition,-0.5,my_biggest_fear,0,"My biggest fear is often a deeply personal and subjective topic that can vary greatly from person to person. However, some common fears that people may experience include:

- Spiders and other creepy crawlies
- Heights or a fear of falling (acrophobia)
- Enclosed or small spaces (claustrophobia)","<|begin_of_text|><|start_header_id|>system<|end_header_id|>

Cutting Knowledge Date: December 2023
Today Date: 26 Jul 2024

Answer in person!<|eot_id|><|start_header_id|>user<|end_header_id|>

Complete this sentence naturally: My biggest fear<|eot_id|><|start_header_id|>assistant<|end_header_id|>

 My biggest fear is often a deeply personal and subjective topic that can vary greatly from person to person. However, some common fears that people may experience include:

- Spiders and other creepy crawlies
- Heights or a fear of falling (acrophobia)
- Enclosed or small spaces (claustrophobia)"
lata_stacked,Stacked_L-0.5_Addition,personality_stacking,Addition,-0.5,my_biggest_fear,1,"...is the unknown, and the endless possibilities that come with it.","<|begin_of_text|><|start_header_id|>system<|end_header_id|>

Cutting Knowledge Date: December 2023
Today Date: 26 Jul 2024

Answer in person!<|eot_id|><|start_header_id|>user<|end_header_id|>

Complete this sentence naturally: My biggest fear<|eot_id|><|start_header_id|>assistant<|end_header_id|>

 ...is the unknown, and the endless possibilities that come with it."
lata_stacked,Stacked_L-0.5_Addition,personality_stacking,Addition,-0.5,my_biggest_fear,2,"is public speaking in front of a large crowd, spiders, or the unknown outcome of many other things, but the most commonly reported phobia that is often cited as the answer to ""My biggest fear"" is public speaking, often referred to as glossophobia.","<|begin_of_text|><|start_header_id|>system<|end_header_id|>

Cutting Knowledge Date: December 2023
Today Date: 26 Jul 2024

Answer in person!<|eot_id|><|start_header_id|>user<|end_header_id|>

Complete this sentence naturally: My biggest fear<|eot_id|><|start_header_id|>assistant<|end_header_id|>

 is public speaking in front of a large crowd, spiders, or the unknown outcome of many other things, but the most commonly reported phobia that is often cited as the answer to ""My biggest fear"" is public speaking, often referred to as glossophobia."
lata_stacked,Stacked_L-0.5_Addition,personality_stacking,Addition,-0.5,when_things_go_wrong,0,"When things go wrong, don't go with them.","<|begin_of_text|><|start_header_id|>system<|end_header_id|>

Cutting Knowledge Date: December 2023
Today Date: 26 Jul 2024

Answer in person!<|eot_id|><|start_header_id|>user<|end_header_id|>

Complete this sentence naturally: When things go wrong<|eot_id|><|start_header_id|>assistant<|end_header_id|>

 When things go wrong, don't go with them."
lata_stacked,Stacked_L-0.5_Addition,personality_stacking,Addition,-0.5,when_things_go_wrong,1,...they have a way of going wrong completely.,"<|begin_of_text|><|start_header_id|>system<|end_header_id|>

Cutting Knowledge Date: December 2023
Today Date: 26 Jul 2024

Answer in person!<|eot_id|><|start_header_id|>user<|end_header_id|>

Complete this sentence naturally: When things go wrong<|eot_id|><|start_header_id|>assistant<|end_header_id|>

 ...they have a way of going wrong completely."
lata_stacked,Stacked_L-0.5_Addition,personality_stacking,Addition,-0.5,when_things_go_wrong,2,"When things go wrong, they have a way of going wrong all at once.","<|begin_of_text|><|start_header_id|>system<|end_header_id|>

Cutting Knowledge Date: December 2023
Today Date: 26 Jul 2024

Answer in person!<|eot_id|><|start_header_id|>user<|end_header_id|>

Complete this sentence naturally: When things go wrong<|eot_id|><|start_header_id|>assistant<|end_header_id|>

 When things go wrong, they have a way of going wrong all at once."
lata_stacked,Stacked_L-0.5_Addition,personality_stacking,Addition,-0.5,meeting_new_people,0,"can be a great way to broaden one's perspective, learn about different cultures and ways of life, and form lasting connections and friendships.","<|begin_of_text|><|start_header_id|>system<|end_header_id|>

Cutting Knowledge Date: December 2023
Today Date: 26 Jul 2024

Answer in person!<|eot_id|><|start_header_id|>user<|end_header_id|>

Complete this sentence naturally: Meeting new people<|eot_id|><|start_header_id|>assistant<|end_header_id|>

 can be a great way to broaden one's perspective, learn about different cultures and ways of life, and form lasting connections and friendships."
lata_stacked,Stacked_L-0.5_Addition,personality_stacking,Addition,-0.5,meeting_new_people,1,"can be a great way to broaden your horizons, learn about different cultures and experiences, and form new connections and friendships.","<|begin_of_text|><|start_header_id|>system<|end_header_id|>

Cutting Knowledge Date: December 2023
Today Date: 26 Jul 2024

Answer in person!<|eot_id|><|start_header_id|>user<|end_header_id|>

Complete this sentence naturally: Meeting new people<|eot_id|><|start_header_id|>assistant<|end_header_id|>

 can be a great way to broaden your horizons, learn about different cultures and experiences, and form new connections and friendships."
lata_stacked,Stacked_L-0.5_Addition,personality_stacking,Addition,-0.5,meeting_new_people,2,"can be a great way to broaden one's perspective, learn new things, and make meaningful connections with others.","<|begin_of_text|><|start_header_id|>system<|end_header_id|>

Cutting Knowledge Date: December 2023
Today Date: 26 Jul 2024

Answer in person!<|eot_id|><|start_header_id|>user<|end_header_id|>

Complete this sentence naturally: Meeting new people<|eot_id|><|start_header_id|>assistant<|end_header_id|>

 can be a great way to broaden one's perspective, learn new things, and make meaningful connections with others."
lata_stacked,Stacked_L-0.5_Addition,personality_stacking,Addition,-0.5,spending_time_alone,0,"Spending time alone can be a uniquely rejuvenating and introspective experience, allowing individuals to disconnect from the distractions and demands of their daily lives and engage in self-reflection, personal growth, and a deeper connection with themselves.","<|begin_of_text|><|start_header_id|>system<|end_header_id|>

Cutting Knowledge Date: December 2023
Today Date: 26 Jul 2024

Answer in person!<|eot_id|><|start_header_id|>user<|end_header_id|>

Complete this sentence naturally: Spending time alone<|eot_id|><|start_header_id|>assistant<|end_header_id|>

 Spending time alone can be a uniquely rejuvenating and introspective experience, allowing individuals to disconnect from the distractions and demands of their daily lives and engage in self-reflection, personal growth, and a deeper connection with themselves."
lata_stacked,Stacked_L-0.5_Addition,personality_stacking,Addition,-0.5,spending_time_alone,1,"Spending time alone can be a highly beneficial and rejuvenating experience for many people, allowing individuals to disconnect from the constant demands and distractions of daily life, recharge their mental and emotional batteries, and engage in activities that bring them a sense of peace, reflection, and self-awareness.","<|begin_of_text|><|start_header_id|>system<|end_header_id|>

Cutting Knowledge Date: December 2023
Today Date: 26 Jul 2024

Answer in person!<|eot_id|><|start_header_id|>user<|end_header_id|>

Complete this sentence naturally: Spending time alone<|eot_id|><|start_header_id|>assistant<|end_header_id|>

 Spending time alone can be a highly beneficial and rejuvenating experience for many people, allowing individuals to disconnect from the constant demands and distractions of daily life, recharge their mental and emotional batteries, and engage in activities that bring them a sense of peace, reflection, and self-awareness."
lata_stacked,Stacked_L-0.5_Addition,personality_stacking,Addition,-0.5,spending_time_alone,2,"Spending time alone can be beneficial for both mental and emotional well-being, allowing individuals to recharge, reflect, and engage in self-care activities that promote relaxation and rejuvenation.","<|begin_of_text|><|start_header_id|>system<|end_header_id|>

Cutting Knowledge Date: December 2023
Today Date: 26 Jul 2024

Answer in person!<|eot_id|><|start_header_id|>user<|end_header_id|>

Complete this sentence naturally: Spending time alone<|eot_id|><|start_header_id|>assistant<|end_header_id|>

 Spending time alone can be beneficial for both mental and emotional well-being, allowing individuals to recharge, reflect, and engage in self-care activities that promote relaxation and rejuvenation."
lata_stacked,Stacked_L-0.5_Addition,personality_stacking,Addition,-0.5,relationships,0,"Relationships are an essential part of human life that play a vital role in our emotional, social, and psychological well-being. They can be romantic, platonic, familial, professional, or platonic in nature, and can range from casual friendships to deep and meaningful partnerships. Strong relationships can bring numerous benefits, such as","<|begin_of_text|><|start_header_id|>system<|end_header_id|>

Cutting Knowledge Date: December 2023
Today Date: 26 Jul 2024

Answer in person!<|eot_id|><|start_header_id|>user<|end_header_id|>

Complete this sentence naturally: Relationships<|eot_id|><|start_header_id|>assistant<|end_header_id|>

 Relationships are an essential part of human life that play a vital role in our emotional, social, and psychological well-being. They can be romantic, platonic, familial, professional, or platonic in nature, and can range from casual friendships to deep and meaningful partnerships. Strong relationships can bring numerous benefits, such as"
lata_stacked,Stacked_L-0.5_Addition,personality_stacking,Addition,-0.5,relationships,1,"Relationships are a fundamental aspect of human life, encompassing a wide range of connections and interactions between individuals, groups, and communities that play a significant role in shaping our emotions, behaviors, and overall well-being. They can be romantic, platonic, familial, professional, or social in nature, and can be formed","<|begin_of_text|><|start_header_id|>system<|end_header_id|>

Cutting Knowledge Date: December 2023
Today Date: 26 Jul 2024

Answer in person!<|eot_id|><|start_header_id|>user<|end_header_id|>

Complete this sentence naturally: Relationships<|eot_id|><|start_header_id|>assistant<|end_header_id|>

 Relationships are a fundamental aspect of human life, encompassing a wide range of connections and interactions between individuals, groups, and communities that play a significant role in shaping our emotions, behaviors, and overall well-being. They can be romantic, platonic, familial, professional, or social in nature, and can be formed"
lata_stacked,Stacked_L-0.5_Addition,personality_stacking,Addition,-0.5,relationships,2,"Relationships are an essential and multifaceted aspect of human life, encompassing a wide range of connections and bonds that we form with others, including romantic partnerships, friendships, family relationships, professional collaborations, and social connections.","<|begin_of_text|><|start_header_id|>system<|end_header_id|>

Cutting Knowledge Date: December 2023
Today Date: 26 Jul 2024

Answer in person!<|eot_id|><|start_header_id|>user<|end_header_id|>

Complete this sentence naturally: Relationships<|eot_id|><|start_header_id|>assistant<|end_header_id|>

 Relationships are an essential and multifaceted aspect of human life, encompassing a wide range of connections and bonds that we form with others, including romantic partnerships, friendships, family relationships, professional collaborations, and social connections."
lata_stacked,Stacked_L-0.5_Normalized,personality_stacking,Normalized,-0.5,i_like_to,0,I like to learn and help people by providing information and answering questions on a wide range of topics.,"<|begin_of_text|><|start_header_id|>system<|end_header_id|>

Cutting Knowledge Date: December 2023
Today Date: 26 Jul 2024

Answer in person!<|eot_id|><|start_header_id|>user<|end_header_id|>

Complete this sentence naturally: I like to<|eot_id|><|start_header_id|>assistant<|end_header_id|>

 I like to learn and help people by providing information and answering questions on a wide range of topics."
lata_stacked,Stacked_L-0.5_Normalized,personality_stacking,Normalized,-0.5,i_like_to,1,spend time outdoors and enjoy activities such as hiking and camping.,"<|begin_of_text|><|start_header_id|>system<|end_header_id|>

Cutting Knowledge Date: December 2023
Today Date: 26 Jul 2024

Answer in person!<|eot_id|><|start_header_id|>user<|end_header_id|>

Complete this sentence naturally: I like to<|eot_id|><|start_header_id|>assistant<|end_header_id|>

 spend time outdoors and enjoy activities such as hiking and camping."
lata_stacked,Stacked_L-0.5_Normalized,personality_stacking,Normalized,-0.5,i_like_to,2,spend my free time reading and learning new things.,"<|begin_of_text|><|start_header_id|>system<|end_header_id|>

Cutting Knowledge Date: December 2023
Today Date: 26 Jul 2024

Answer in person!<|eot_id|><|start_header_id|>user<|end_header_id|>

Complete this sentence naturally: I like to<|eot_id|><|start_header_id|>assistant<|end_header_id|>

 spend my free time reading and learning new things."
lata_stacked,Stacked_L-0.5_Normalized,personality_stacking,Normalized,-0.5,at_parties,0,often end up stuck in conversations I don't really want to have.,"<|begin_of_text|><|start_header_id|>system<|end_header_id|>

Cutting Knowledge Date: December 2023
Today Date: 26 Jul 2024

Answer in person!<|eot_id|><|start_header_id|>user<|end_header_id|>

Complete this sentence naturally: At parties, I<|eot_id|><|start_header_id|>assistant<|end_header_id|>

 often end up stuck in conversations I don't really want to have."
lata_stacked,Stacked_L-0.5_Normalized,personality_stacking,Normalized,-0.5,at_parties,1,"...tend to end up standing by the food table, eating all the snacks.","<|begin_of_text|><|start_header_id|>system<|end_header_id|>

Cutting Knowledge Date: December 2023
Today Date: 26 Jul 2024

Answer in person!<|eot_id|><|start_header_id|>user<|end_header_id|>

Complete this sentence naturally: At parties, I<|eot_id|><|start_header_id|>assistant<|end_header_id|>

 ...tend to end up standing by the food table, eating all the snacks."
lata_stacked,Stacked_L-0.5_Normalized,personality_stacking,Normalized,-0.5,at_parties,2,"At parties, I usually end up grabbing a snack or a drink and chatting with friends and acquaintances I haven't seen in a while.","<|begin_of_text|><|start_header_id|>system<|end_header_id|>

Cutting Knowledge Date: December 2023
Today Date: 26 Jul 2024

Answer in person!<|eot_id|><|start_header_id|>user<|end_header_id|>

Complete this sentence naturally: At parties, I<|eot_id|><|start_header_id|>assistant<|end_header_id|>

 At parties, I usually end up grabbing a snack or a drink and chatting with friends and acquaintances I haven't seen in a while."
lata_stacked,Stacked_L-0.5_Normalized,personality_stacking,Normalized,-0.5,i_worry_about,0,"...my loved ones, the state of the world, and the unknown challenges that lie ahead.","<|begin_of_text|><|start_header_id|>system<|end_header_id|>

Cutting Knowledge Date: December 2023
Today Date: 26 Jul 2024

Answer in person!<|eot_id|><|start_header_id|>user<|end_header_id|>

Complete this sentence naturally: I worry about<|eot_id|><|start_header_id|>assistant<|end_header_id|>

 ...my loved ones, the state of the world, and the unknown challenges that lie ahead."
lata_stacked,Stacked_L-0.5_Normalized,personality_stacking,Normalized,-0.5,i_worry_about,1,"I worry about the increasing impact of climate change on our planet, the well-being of those in need, and the potential consequences of emerging technologies on society.","<|begin_of_text|><|start_header_id|>system<|end_header_id|>

Cutting Knowledge Date: December 2023
Today Date: 26 Jul 2024

Answer in person!<|eot_id|><|start_header_id|>user<|end_header_id|>

Complete this sentence naturally: I worry about<|eot_id|><|start_header_id|>assistant<|end_header_id|>

 I worry about the increasing impact of climate change on our planet, the well-being of those in need, and the potential consequences of emerging technologies on society."
lata_stacked,Stacked_L-0.5_Normalized,personality_stacking,Normalized,-0.5,i_worry_about,2,I worry about the impact that technology is having on our mental health and social connections in today's fast-paced world.,"<|begin_of_text|><|start_header_id|>system<|end_header_id|>

Cutting Knowledge Date: December 2023
Today Date: 26 Jul 2024

Answer in person!<|eot_id|><|start_header_id|>user<|end_header_id|>

Complete this sentence naturally: I worry about<|eot_id|><|start_header_id|>assistant<|end_header_id|>

 I worry about the impact that technology is having on our mental health and social connections in today's fast-paced world."
lata_stacked,Stacked_L-0.5_Normalized,personality_stacking,Normalized,-0.5,my_biggest_fear,0,"...is often the things that we don't even dare to speak about out loud, but deep down inside, it's usually rooted in the uncertainty of the unknown, the fear of losing control, or the fear of losing the people and things that truly matter most to us.","<|begin_of_text|><|start_header_id|>system<|end_header_id|>

Cutting Knowledge Date: December 2023
Today Date: 26 Jul 2024

Answer in person!<|eot_id|><|start_header_id|>user<|end_header_id|>

Complete this sentence naturally: My biggest fear<|eot_id|><|start_header_id|>assistant<|end_header_id|>

 ...is often the things that we don't even dare to speak about out loud, but deep down inside, it's usually rooted in the uncertainty of the unknown, the fear of losing control, or the fear of losing the people and things that truly matter most to us."
lata_stacked,Stacked_L-0.5_Normalized,personality_stacking,Normalized,-0.5,my_biggest_fear,1,"...is failing to make a meaningful impact in the world and leaving a lasting positive legacy, but I'm here to help and provide information on various topics, so let's talk about what your biggest fear might be.","<|begin_of_text|><|start_header_id|>system<|end_header_id|>

Cutting Knowledge Date: December 2023
Today Date: 26 Jul 2024

Answer in person!<|eot_id|><|start_header_id|>user<|end_header_id|>

Complete this sentence naturally: My biggest fear<|eot_id|><|start_header_id|>assistant<|end_header_id|>

 ...is failing to make a meaningful impact in the world and leaving a lasting positive legacy, but I'm here to help and provide information on various topics, so let's talk about what your biggest fear might be."
lata_stacked,Stacked_L-0.5_Normalized,personality_stacking,Normalized,-0.5,my_biggest_fear,2,"...is losing the people and things that truly matter to me, and facing the unknown consequences of a world without them.","<|begin_of_text|><|start_header_id|>system<|end_header_id|>

Cutting Knowledge Date: December 2023
Today Date: 26 Jul 2024

Answer in person!<|eot_id|><|start_header_id|>user<|end_header_id|>

Complete this sentence naturally: My biggest fear<|eot_id|><|start_header_id|>assistant<|end_header_id|>

 ...is losing the people and things that truly matter to me, and facing the unknown consequences of a world without them."
lata_stacked,Stacked_L-0.5_Normalized,personality_stacking,Normalized,-0.5,when_things_go_wrong,0,"When things go wrong, don't go with them.","<|begin_of_text|><|start_header_id|>system<|end_header_id|>

Cutting Knowledge Date: December 2023
Today Date: 26 Jul 2024

Answer in person!<|eot_id|><|start_header_id|>user<|end_header_id|>

Complete this sentence naturally: When things go wrong<|eot_id|><|start_header_id|>assistant<|end_header_id|>

 When things go wrong, don't go with them."
lata_stacked,Stacked_L-0.5_Normalized,personality_stacking,Normalized,-0.5,when_things_go_wrong,1,...do you tend to go back and figure out what you could have done to make them go right.,"<|begin_of_text|><|start_header_id|>system<|end_header_id|>

Cutting Knowledge Date: December 2023
Today Date: 26 Jul 2024

Answer in person!<|eot_id|><|start_header_id|>user<|end_header_id|>

Complete this sentence naturally: When things go wrong<|eot_id|><|start_header_id|>assistant<|end_header_id|>

 ...do you tend to go back and figure out what you could have done to make them go right."
lata_stacked,Stacked_L-0.5_Normalized,personality_stacking,Normalized,-0.5,when_things_go_wrong,2,...that's when the real work begins.,"<|begin_of_text|><|start_header_id|>system<|end_header_id|>

Cutting Knowledge Date: December 2023
Today Date: 26 Jul 2024

Answer in person!<|eot_id|><|start_header_id|>user<|end_header_id|>

Complete this sentence naturally: When things go wrong<|eot_id|><|start_header_id|>assistant<|end_header_id|>

 ...that's when the real work begins."
lata_stacked,Stacked_L-0.5_Normalized,personality_stacking,Normalized,-0.5,meeting_new_people,0,"can be a great way to broaden one's perspective, learn about different cultures and experiences, and form meaningful connections and friendships.","<|begin_of_text|><|start_header_id|>system<|end_header_id|>

Cutting Knowledge Date: December 2023
Today Date: 26 Jul 2024

Answer in person!<|eot_id|><|start_header_id|>user<|end_header_id|>

Complete this sentence naturally: Meeting new people<|eot_id|><|start_header_id|>assistant<|end_header_id|>

 can be a great way to broaden one's perspective, learn about different cultures and experiences, and form meaningful connections and friendships."
lata_stacked,Stacked_L-0.5_Normalized,personality_stacking,Normalized,-0.5,meeting_new_people,1,"can be a thrilling and enriching experience that exposes you to different perspectives, cultures, and ways of thinking, allowing you to learn and grow both personally and professionally.","<|begin_of_text|><|start_header_id|>system<|end_header_id|>

Cutting Knowledge Date: December 2023
Today Date: 26 Jul 2024

Answer in person!<|eot_id|><|start_header_id|>user<|end_header_id|>

Complete this sentence naturally: Meeting new people<|eot_id|><|start_header_id|>assistant<|end_header_id|>

 can be a thrilling and enriching experience that exposes you to different perspectives, cultures, and ways of thinking, allowing you to learn and grow both personally and professionally."
lata_stacked,Stacked_L-0.5_Normalized,personality_stacking,Normalized,-0.5,meeting_new_people,2,"...can be a truly enriching and rewarding experience, allowing you to learn about their backgrounds, interests, and perspectives, and often forming lasting connections and friendships that can broaden your horizons and add depth to your life.","<|begin_of_text|><|start_header_id|>system<|end_header_id|>

Cutting Knowledge Date: December 2023
Today Date: 26 Jul 2024

Answer in person!<|eot_id|><|start_header_id|>user<|end_header_id|>

Complete this sentence naturally: Meeting new people<|eot_id|><|start_header_id|>assistant<|end_header_id|>

 ...can be a truly enriching and rewarding experience, allowing you to learn about their backgrounds, interests, and perspectives, and often forming lasting connections and friendships that can broaden your horizons and add depth to your life."
lata_stacked,Stacked_L-0.5_Normalized,personality_stacking,Normalized,-0.5,spending_time_alone,0,"Spending time alone can be a truly rejuvenating experience, allowing individuals to disconnect from the hustle and bustle of daily life, recharge their mental and emotional batteries, and engage in activities that bring them joy and fulfillment.","<|begin_of_text|><|start_header_id|>system<|end_header_id|>

Cutting Knowledge Date: December 2023
Today Date: 26 Jul 2024

Answer in person!<|eot_id|><|start_header_id|>user<|end_header_id|>

Complete this sentence naturally: Spending time alone<|eot_id|><|start_header_id|>assistant<|end_header_id|>

 Spending time alone can be a truly rejuvenating experience, allowing individuals to disconnect from the hustle and bustle of daily life, recharge their mental and emotional batteries, and engage in activities that bring them joy and fulfillment."
lata_stacked,Stacked_L-0.5_Normalized,personality_stacking,Normalized,-0.5,spending_time_alone,1,"Spending time alone can be a rejuvenating and introspective experience, allowing individuals to recharge their mental and emotional batteries, pursue personal interests and hobbies, and gain clarity on their thoughts and feelings without the influence of external distractions or opinions.","<|begin_of_text|><|start_header_id|>system<|end_header_id|>

Cutting Knowledge Date: December 2023
Today Date: 26 Jul 2024

Answer in person!<|eot_id|><|start_header_id|>user<|end_header_id|>

Complete this sentence naturally: Spending time alone<|eot_id|><|start_header_id|>assistant<|end_header_id|>

 Spending time alone can be a rejuvenating and introspective experience, allowing individuals to recharge their mental and emotional batteries, pursue personal interests and hobbies, and gain clarity on their thoughts and feelings without the influence of external distractions or opinions."
lata_stacked,Stacked_L-0.5_Normalized,personality_stacking,Normalized,-0.5,spending_time_alone,2,"can be a wonderful opportunity for self-reflection, rejuvenation, and personal growth, allowing individuals to recharge their mental and emotional batteries, explore their thoughts and feelings, and cultivate a deeper understanding of themselves and their place in the world.","<|begin_of_text|><|start_header_id|>system<|end_header_id|>

Cutting Knowledge Date: December 2023
Today Date: 26 Jul 2024

Answer in person!<|eot_id|><|start_header_id|>user<|end_header_id|>

Complete this sentence naturally: Spending time alone<|eot_id|><|start_header_id|>assistant<|end_header_id|>

 can be a wonderful opportunity for self-reflection, rejuvenation, and personal growth, allowing individuals to recharge their mental and emotional batteries, explore their thoughts and feelings, and cultivate a deeper understanding of themselves and their place in the world."
lata_stacked,Stacked_L-0.5_Normalized,personality_stacking,Normalized,-0.5,relationships,0,"are a vital part of life, providing emotional support, companionship, and a sense of belonging to individuals, and can come in many forms, including romantic partnerships, friendships, family relationships, and professional connections.","<|begin_of_text|><|start_header_id|>system<|end_header_id|>

Cutting Knowledge Date: December 2023
Today Date: 26 Jul 2024

Answer in person!<|eot_id|><|start_header_id|>user<|end_header_id|>

Complete this sentence naturally: Relationships<|eot_id|><|start_header_id|>assistant<|end_header_id|>

 are a vital part of life, providing emotional support, companionship, and a sense of belonging to individuals, and can come in many forms, including romantic partnerships, friendships, family relationships, and professional connections."
lata_stacked,Stacked_L-0.5_Normalized,personality_stacking,Normalized,-0.5,relationships,1,"are a fundamental aspect of the human experience, playing a vital role in shaping our emotional, social, and psychological well-being. They bring people together, provide a sense of belonging, support, and love, and can be a source of great joy and happiness.","<|begin_of_text|><|start_header_id|>system<|end_header_id|>

Cutting Knowledge Date: December 2023
Today Date: 26 Jul 2024

Answer in person!<|eot_id|><|start_header_id|>user<|end_header_id|>

Complete this sentence naturally: Relationships<|eot_id|><|start_header_id|>assistant<|end_header_id|>

 are a fundamental aspect of the human experience, playing a vital role in shaping our emotional, social, and psychological well-being. They bring people together, provide a sense of belonging, support, and love, and can be a source of great joy and happiness."
lata_stacked,Stacked_L-0.5_Normalized,personality_stacking,Normalized,-0.5,relationships,2,"Relationships are an essential part of human life, influencing our emotional, social, and mental well-being in profound ways, allowing us to form connections with others, build trust, share experiences, and grow as individuals.","<|begin_of_text|><|start_header_id|>system<|end_header_id|>

Cutting Knowledge Date: December 2023
Today Date: 26 Jul 2024

Answer in person!<|eot_id|><|start_header_id|>user<|end_header_id|>

Complete this sentence naturally: Relationships<|eot_id|><|start_header_id|>assistant<|end_header_id|>

 Relationships are an essential part of human life, influencing our emotional, social, and mental well-being in profound ways, allowing us to form connections with others, build trust, share experiences, and grow as individuals."
