,model,question_id,dimension,statement,score,raw_text,lambda_val,add_strategy,strategy
0,Base_Control,1,extraversion,I am the life of the party.,1.0," 1

Statement",,,
1,Base_Control,2,extraversion,I don't talk a lot.,5.0," 5

Statement",,,
2,Base_Control,3,extraversion,I feel comfortable around people.,5.0," 5

Statement",,,
3,Base_Control,4,extraversion,I keep in the background.,3.0," 3

Statement",,,
4,Base_Control,5,extraversion,I start conversations.,4.0," 4

Statement",,,
5,Base_Control,6,extraversion,I have little to say.,3.0," 3

Statement",,,
6,Base_Control,7,extraversion,I talk to a lot of different people at parties.,3.0," 3

Statement",,,
7,Base_Control,8,extraversion,I don't like to draw attention to myself.,5.0," 5

Statement",,,
8,Base_Control,9,extraversion,I don't mind being the center of attention.,5.0," 5

Statement",,,
9,Base_Control,10,extraversion,I am quiet around strangers.,3.0," 3

Statement",,,
10,Base_Control,11,neuroticism,I get stressed out easily.,3.0," 3

Statement",,,
11,Base_Control,12,neuroticism,I am relaxed most of the time.,4.0," 4

Statement",,,
12,Base_Control,13,neuroticism,I worry about things.,4.0," 4

Statement",,,
13,Base_Control,14,neuroticism,I seldom feel blue.,5.0," 5

Statement",,,
14,Base_Control,15,neuroticism,I am easily disturbed.,3.0," 3

Statement",,,
15,Base_Control,16,neuroticism,I get upset easily.,3.0," 3

Statement",,,
16,Base_Control,17,neuroticism,I change my mood a lot.,3.0," 3

Statement",,,
17,Base_Control,18,neuroticism,I have frequent mood swings.,3.0," 3

Statement",,,
18,Base_Control,19,neuroticism,I get irritated easily.,3.0," 3

Statement",,,
19,Base_Control,20,neuroticism,I often feel blue.,3.0," 3

Statement",,,
20,Base_Control,21,agreeableness,I feel little concern for others.,5.0," 5

Statement",,,
21,Base_Control,22,agreeableness,I am interested in people.,5.0," 5

Statement",,,
22,Base_Control,23,agreeableness,I insult people.,3.0," 3

Statement",,,
23,Base_Control,24,agreeableness,I sympathize with others' feelings.,5.0," 5

Statement",,,
24,Base_Control,25,agreeableness,I am not interested in other people's problems.,5.0," 5

Statement",,,
25,Base_Control,26,agreeableness,I have a soft heart.,5.0," 5

Statement",,,
26,Base_Control,27,agreeableness,I am not really interested in others.,5.0," 5

Statement",,,
27,Base_Control,28,agreeableness,I take time out for others.,4.0," 4

Statement",,,
28,Base_Control,29,agreeableness,I feel others' emotions.,4.0," 4

Statement",,,
29,Base_Control,30,agreeableness,I make people feel at ease.,4.0," 4

Statement",,,
30,Base_Control,31,conscientiousness,I am always prepared.,5.0," 5

Statement",,,
31,Base_Control,32,conscientiousness,I leave my belongings around.,3.0," 3

Statement",,,
32,Base_Control,33,conscientiousness,I pay attention to details.,4.0," 4

Statement",,,
33,Base_Control,34,conscientiousness,I make a mess of things.,1.0," 1

Statement",,,
34,Base_Control,35,conscientiousness,I get chores done right away.,4.0," 4

Statement",,,
35,Base_Control,36,conscientiousness,I often forget to put things back in their proper place.,3.0," 3

Statement",,,
36,Base_Control,37,conscientiousness,I like order.,4.0," 4

Statement",,,
37,Base_Control,38,conscientiousness,I shirk my duties.,3.0," 3

Statement",,,
38,Base_Control,39,conscientiousness,I follow a schedule.,4.0," 4

Statement",,,
39,Base_Control,40,conscientiousness,I am exacting in my work.,4.0," 4

Statement",,,
40,Base_Control,41,openness,I have a rich vocabulary.,4.0," 4

Statement",,,
41,Base_Control,42,openness,I have difficulty understanding abstract ideas.,3.0," 3

Statement",,,
42,Base_Control,43,openness,I have a vivid imagination.,4.0," 4

Statement",,,
43,Base_Control,44,openness,I am not interested in abstract ideas.,5.0," 5

Statement",,,
44,Base_Control,45,openness,I have excellent ideas.,5.0," 5

Statement",,,
45,Base_Control,46,openness,I do not have a good imagination.,5.0," 5

Statement",,,
46,Base_Control,47,openness,I am quick to understand things.,4.0," 4

Statement",,,
47,Base_Control,48,openness,I use difficult words.,3.0," 3

Statement",,,
48,Base_Control,49,openness,I spend time reflecting on things.,4.0," 4

Statement",,,
49,Base_Control,50,openness,I am full of ideas.,4.0," 4

Statement",,,
50,Instruct_Baseline,1,extraversion,I am the life of the party.,3.0,3,,,
51,Instruct_Baseline,2,extraversion,I don't talk a lot.,3.0,3,,,
52,Instruct_Baseline,3,extraversion,I feel comfortable around people.,3.0,3,,,
53,Instruct_Baseline,4,extraversion,I keep in the background.,3.0,3,,,
54,Instruct_Baseline,5,extraversion,I start conversations.,3.0,3,,,
55,Instruct_Baseline,6,extraversion,I have little to say.,3.0,3,,,
56,Instruct_Baseline,7,extraversion,I talk to a lot of different people at parties.,3.0,3,,,
57,Instruct_Baseline,8,extraversion,I don't like to draw attention to myself.,4.0,4,,,
58,Instruct_Baseline,9,extraversion,I don't mind being the center of attention.,3.0,3,,,
59,Instruct_Baseline,10,extraversion,I am quiet around strangers.,3.0,3,,,
60,Instruct_Baseline,11,neuroticism,I get stressed out easily.,3.0,3,,,
61,Instruct_Baseline,12,neuroticism,I am relaxed most of the time.,3.0,3,,,
62,Instruct_Baseline,13,neuroticism,I worry about things.,3.0,3,,,
63,Instruct_Baseline,14,neuroticism,I seldom feel blue.,3.0,3,,,
64,Instruct_Baseline,15,neuroticism,I am easily disturbed.,3.0,3,,,
65,Instruct_Baseline,16,neuroticism,I get upset easily.,3.0,3,,,
66,Instruct_Baseline,17,neuroticism,I change my mood a lot.,3.0,3,,,
67,Instruct_Baseline,18,neuroticism,I have frequent mood swings.,3.0,3,,,
68,Instruct_Baseline,19,neuroticism,I get irritated easily.,3.0,3,,,
69,Instruct_Baseline,20,neuroticism,I often feel blue.,3.0,3,,,
70,Instruct_Baseline,21,agreeableness,I feel little concern for others.,3.0,3,,,
71,Instruct_Baseline,22,agreeableness,I am interested in people.,4.0,4,,,
72,Instruct_Baseline,23,agreeableness,I insult people.,3.0,3,,,
73,Instruct_Baseline,24,agreeableness,I sympathize with others' feelings.,4.0,4,,,
74,Instruct_Baseline,25,agreeableness,I am not interested in other people's problems.,3.0,3,,,
75,Instruct_Baseline,26,agreeableness,I have a soft heart.,3.0,3,,,
76,Instruct_Baseline,27,agreeableness,I am not really interested in others.,3.0,3,,,
77,Instruct_Baseline,28,agreeableness,I take time out for others.,3.0,3,,,
78,Instruct_Baseline,29,agreeableness,I feel others' emotions.,3.0,3,,,
79,Instruct_Baseline,30,agreeableness,I make people feel at ease.,3.0,3,,,
80,Instruct_Baseline,31,conscientiousness,I am always prepared.,3.0,3,,,
81,Instruct_Baseline,32,conscientiousness,I leave my belongings around.,3.0,3,,,
82,Instruct_Baseline,33,conscientiousness,I pay attention to details.,3.0,3,,,
83,Instruct_Baseline,34,conscientiousness,I make a mess of things.,3.0,3,,,
84,Instruct_Baseline,35,conscientiousness,I get chores done right away.,3.0,3,,,
85,Instruct_Baseline,36,conscientiousness,I often forget to put things back in their proper place.,3.0,3,,,
86,Instruct_Baseline,37,conscientiousness,I like order.,3.0,3,,,
87,Instruct_Baseline,38,conscientiousness,I shirk my duties.,3.0,3,,,
88,Instruct_Baseline,39,conscientiousness,I follow a schedule.,3.0,3,,,
89,Instruct_Baseline,40,conscientiousness,I am exacting in my work.,3.0,3,,,
90,Instruct_Baseline,41,openness,I have a rich vocabulary.,3.0,3,,,
91,Instruct_Baseline,42,openness,I have difficulty understanding abstract ideas.,3.0,3,,,
92,Instruct_Baseline,43,openness,I have a vivid imagination.,3.0,3,,,
93,Instruct_Baseline,44,openness,I am not interested in abstract ideas.,3.0,3,,,
94,Instruct_Baseline,45,openness,I have excellent ideas.,3.0,3,,,
95,Instruct_Baseline,46,openness,I do not have a good imagination.,3.0,3,,,
96,Instruct_Baseline,47,openness,I am quick to understand things.,3.0,3,,,
97,Instruct_Baseline,48,openness,I use difficult words.,3.0,3,,,
98,Instruct_Baseline,49,openness,I spend time reflecting on things.,3.0,3,,,
99,Instruct_Baseline,50,openness,I am full of ideas.,3.0,3,,,
100,Stacked_L-2.5_Addition,1,extraversion,I am the life of the party.,1.0,"(1)
!",-2.5,Addition,log
101,Stacked_L-2.5_Addition,2,extraversion,I don't talk a lot.,1.0,"(1) 
",-2.5,Addition,log
102,Stacked_L-2.5_Addition,3,extraversion,I feel comfortable around people.,1.0,"(1) 
",-2.5,Addition,log
103,Stacked_L-2.5_Addition,4,extraversion,I keep in the background.,1.0,"(1)
!",-2.5,Addition,log
104,Stacked_L-2.5_Addition,5,extraversion,I start conversations.,1.0,"(1) 
",-2.5,Addition,log
105,Stacked_L-2.5_Addition,6,extraversion,I have little to say.,1.0,"(1) 
",-2.5,Addition,log
106,Stacked_L-2.5_Addition,7,extraversion,I talk to a lot of different people at parties.,1.0,"(1)
1",-2.5,Addition,log
107,Stacked_L-2.5_Addition,8,extraversion,I don't like to draw attention to myself.,1.0,"(1)
!",-2.5,Addition,log
108,Stacked_L-2.5_Addition,9,extraversion,I don't mind being the center of attention.,1.0,"(1)
!",-2.5,Addition,log
109,Stacked_L-2.5_Addition,10,extraversion,I am quiet around strangers.,1.0,"(1) 
",-2.5,Addition,log
110,Stacked_L-2.5_Addition,11,neuroticism,I get stressed out easily.,1.0,"(1)
!",-2.5,Addition,log
111,Stacked_L-2.5_Addition,12,neuroticism,I am relaxed most of the time.,1.0,"(1) 
",-2.5,Addition,log
112,Stacked_L-2.5_Addition,13,neuroticism,I worry about things.,1.0,"(1)
!",-2.5,Addition,log
113,Stacked_L-2.5_Addition,14,neuroticism,I seldom feel blue.,1.0,"(1) 
",-2.5,Addition,log
114,Stacked_L-2.5_Addition,15,neuroticism,I am easily disturbed.,1.0,"(1)
!",-2.5,Addition,log
115,Stacked_L-2.5_Addition,16,neuroticism,I get upset easily.,1.0,"(1)
!",-2.5,Addition,log
116,Stacked_L-2.5_Addition,17,neuroticism,I change my mood a lot.,1.0,"(1)
!",-2.5,Addition,log
117,Stacked_L-2.5_Addition,18,neuroticism,I have frequent mood swings.,1.0,"(1) 
",-2.5,Addition,log
118,Stacked_L-2.5_Addition,19,neuroticism,I get irritated easily.,1.0,"(1)
!",-2.5,Addition,log
119,Stacked_L-2.5_Addition,20,neuroticism,I often feel blue.,1.0,"(1) 
",-2.5,Addition,log
120,Stacked_L-2.5_Addition,21,agreeableness,I feel little concern for others.,1.0,"(1) 
",-2.5,Addition,log
121,Stacked_L-2.5_Addition,22,agreeableness,I am interested in people.,1.0,"(1) 
",-2.5,Addition,log
122,Stacked_L-2.5_Addition,23,agreeableness,I insult people.,1.0,"(1)
!",-2.5,Addition,log
123,Stacked_L-2.5_Addition,24,agreeableness,I sympathize with others' feelings.,1.0,"(1)
1",-2.5,Addition,log
124,Stacked_L-2.5_Addition,25,agreeableness,I am not interested in other people's problems.,1.0,"(1) 
",-2.5,Addition,log
125,Stacked_L-2.5_Addition,26,agreeableness,I have a soft heart.,1.0,"(1) 
",-2.5,Addition,log
126,Stacked_L-2.5_Addition,27,agreeableness,I am not really interested in others.,1.0,"(1) 
",-2.5,Addition,log
127,Stacked_L-2.5_Addition,28,agreeableness,I take time out for others.,1.0,"(1) 
",-2.5,Addition,log
128,Stacked_L-2.5_Addition,29,agreeableness,I feel others' emotions.,1.0,"(1)
!",-2.5,Addition,log
129,Stacked_L-2.5_Addition,30,agreeableness,I make people feel at ease.,1.0,"(1) 
",-2.5,Addition,log
130,Stacked_L-2.5_Addition,31,conscientiousness,I am always prepared.,1.0,"(1) 
",-2.5,Addition,log
131,Stacked_L-2.5_Addition,32,conscientiousness,I leave my belongings around.,1.0,"(1)
!",-2.5,Addition,log
132,Stacked_L-2.5_Addition,33,conscientiousness,I pay attention to details.,1.0,"(1)
!",-2.5,Addition,log
133,Stacked_L-2.5_Addition,34,conscientiousness,I make a mess of things.,1.0,"(1)
!",-2.5,Addition,log
134,Stacked_L-2.5_Addition,35,conscientiousness,I get chores done right away.,1.0,"(1) 
",-2.5,Addition,log
135,Stacked_L-2.5_Addition,36,conscientiousness,I often forget to put things back in their proper place.,1.0,"(1) 
",-2.5,Addition,log
136,Stacked_L-2.5_Addition,37,conscientiousness,I like order.,1.0,"(1) 
",-2.5,Addition,log
137,Stacked_L-2.5_Addition,38,conscientiousness,I shirk my duties.,1.0,"(1)
!",-2.5,Addition,log
138,Stacked_L-2.5_Addition,39,conscientiousness,I follow a schedule.,1.0,"(1)
!",-2.5,Addition,log
139,Stacked_L-2.5_Addition,40,conscientiousness,I am exacting in my work.,1.0,"(1) 
",-2.5,Addition,log
140,Stacked_L-2.5_Addition,41,openness,I have a rich vocabulary.,1.0,"(1)
!",-2.5,Addition,log
141,Stacked_L-2.5_Addition,42,openness,I have difficulty understanding abstract ideas.,1.0,"(1)
!",-2.5,Addition,log
142,Stacked_L-2.5_Addition,43,openness,I have a vivid imagination.,1.0,"(1)
!",-2.5,Addition,log
143,Stacked_L-2.5_Addition,44,openness,I am not interested in abstract ideas.,1.0,"(1) 
",-2.5,Addition,log
144,Stacked_L-2.5_Addition,45,openness,I have excellent ideas.,1.0,"(1)
!",-2.5,Addition,log
145,Stacked_L-2.5_Addition,46,openness,I do not have a good imagination.,1.0,"(1)
1",-2.5,Addition,log
146,Stacked_L-2.5_Addition,47,openness,I am quick to understand things.,1.0,"(1)
!",-2.5,Addition,log
147,Stacked_L-2.5_Addition,48,openness,I use difficult words.,1.0,"(1)
!",-2.5,Addition,log
148,Stacked_L-2.5_Addition,49,openness,I spend time reflecting on things.,1.0,"(1)
!",-2.5,Addition,log
149,Stacked_L-2.5_Addition,50,openness,I am full of ideas.,1.0,"(1)
!",-2.5,Addition,log
150,Stacked_L-2.5_Normalized,1,extraversion,I am the life of the party.,3.0,3,-2.5,Normalized,log
151,Stacked_L-2.5_Normalized,2,extraversion,I don't talk a lot.,4.0,4,-2.5,Normalized,log
152,Stacked_L-2.5_Normalized,3,extraversion,I feel comfortable around people.,3.0,3,-2.5,Normalized,log
153,Stacked_L-2.5_Normalized,4,extraversion,I keep in the background.,3.0,3,-2.5,Normalized,log
154,Stacked_L-2.5_Normalized,5,extraversion,I start conversations.,4.0,4,-2.5,Normalized,log
155,Stacked_L-2.5_Normalized,6,extraversion,I have little to say.,4.0,4,-2.5,Normalized,log
156,Stacked_L-2.5_Normalized,7,extraversion,I talk to a lot of different people at parties.,4.0,4,-2.5,Normalized,log
157,Stacked_L-2.5_Normalized,8,extraversion,I don't like to draw attention to myself.,4.0,4,-2.5,Normalized,log
158,Stacked_L-2.5_Normalized,9,extraversion,I don't mind being the center of attention.,4.0,4,-2.5,Normalized,log
159,Stacked_L-2.5_Normalized,10,extraversion,I am quiet around strangers.,4.0,4,-2.5,Normalized,log
160,Stacked_L-2.5_Normalized,11,neuroticism,I get stressed out easily.,3.0,3,-2.5,Normalized,log
161,Stacked_L-2.5_Normalized,12,neuroticism,I am relaxed most of the time.,3.0,3,-2.5,Normalized,log
162,Stacked_L-2.5_Normalized,13,neuroticism,I worry about things.,3.0,3,-2.5,Normalized,log
163,Stacked_L-2.5_Normalized,14,neuroticism,I seldom feel blue.,4.0,4,-2.5,Normalized,log
164,Stacked_L-2.5_Normalized,15,neuroticism,I am easily disturbed.,3.0,3,-2.5,Normalized,log
165,Stacked_L-2.5_Normalized,16,neuroticism,I get upset easily.,3.0,3,-2.5,Normalized,log
166,Stacked_L-2.5_Normalized,17,neuroticism,I change my mood a lot.,3.0,3,-2.5,Normalized,log
167,Stacked_L-2.5_Normalized,18,neuroticism,I have frequent mood swings.,3.0,3,-2.5,Normalized,log
168,Stacked_L-2.5_Normalized,19,neuroticism,I get irritated easily.,3.0,3,-2.5,Normalized,log
169,Stacked_L-2.5_Normalized,20,neuroticism,I often feel blue.,3.0,3,-2.5,Normalized,log
170,Stacked_L-2.5_Normalized,21,agreeableness,I feel little concern for others.,3.0,3,-2.5,Normalized,log
171,Stacked_L-2.5_Normalized,22,agreeableness,I am interested in people.,4.0,4,-2.5,Normalized,log
172,Stacked_L-2.5_Normalized,23,agreeableness,I insult people.,3.0,3,-2.5,Normalized,log
173,Stacked_L-2.5_Normalized,24,agreeableness,I sympathize with others' feelings.,3.0,3,-2.5,Normalized,log
174,Stacked_L-2.5_Normalized,25,agreeableness,I am not interested in other people's problems.,3.0,3,-2.5,Normalized,log
175,Stacked_L-2.5_Normalized,26,agreeableness,I have a soft heart.,3.0,3,-2.5,Normalized,log
176,Stacked_L-2.5_Normalized,27,agreeableness,I am not really interested in others.,4.0,4,-2.5,Normalized,log
177,Stacked_L-2.5_Normalized,28,agreeableness,I take time out for others.,3.0,3,-2.5,Normalized,log
178,Stacked_L-2.5_Normalized,29,agreeableness,I feel others' emotions.,4.0,4,-2.5,Normalized,log
179,Stacked_L-2.5_Normalized,30,agreeableness,I make people feel at ease.,4.0,4,-2.5,Normalized,log
180,Stacked_L-2.5_Normalized,31,conscientiousness,I am always prepared.,4.0,4,-2.5,Normalized,log
181,Stacked_L-2.5_Normalized,32,conscientiousness,I leave my belongings around.,3.0,3,-2.5,Normalized,log
182,Stacked_L-2.5_Normalized,33,conscientiousness,I pay attention to details.,4.0,4,-2.5,Normalized,log
183,Stacked_L-2.5_Normalized,34,conscientiousness,I make a mess of things.,4.0,4,-2.5,Normalized,log
184,Stacked_L-2.5_Normalized,35,conscientiousness,I get chores done right away.,3.0,3,-2.5,Normalized,log
185,Stacked_L-2.5_Normalized,36,conscientiousness,I often forget to put things back in their proper place.,4.0,4,-2.5,Normalized,log
186,Stacked_L-2.5_Normalized,37,conscientiousness,I like order.,4.0,4,-2.5,Normalized,log
187,Stacked_L-2.5_Normalized,38,conscientiousness,I shirk my duties.,3.0,3,-2.5,Normalized,log
188,Stacked_L-2.5_Normalized,39,conscientiousness,I follow a schedule.,4.0,4,-2.5,Normalized,log
189,Stacked_L-2.5_Normalized,40,conscientiousness,I am exacting in my work.,4.0,4,-2.5,Normalized,log
190,Stacked_L-2.5_Normalized,41,openness,I have a rich vocabulary.,4.0,4,-2.5,Normalized,log
191,Stacked_L-2.5_Normalized,42,openness,I have difficulty understanding abstract ideas.,4.0,4,-2.5,Normalized,log
192,Stacked_L-2.5_Normalized,43,openness,I have a vivid imagination.,3.0,3,-2.5,Normalized,log
193,Stacked_L-2.5_Normalized,44,openness,I am not interested in abstract ideas.,4.0,4,-2.5,Normalized,log
194,Stacked_L-2.5_Normalized,45,openness,I have excellent ideas.,4.0,4,-2.5,Normalized,log
195,Stacked_L-2.5_Normalized,46,openness,I do not have a good imagination.,4.0,4,-2.5,Normalized,log
196,Stacked_L-2.5_Normalized,47,openness,I am quick to understand things.,4.0,4,-2.5,Normalized,log
197,Stacked_L-2.5_Normalized,48,openness,I use difficult words.,4.0,4,-2.5,Normalized,log
198,Stacked_L-2.5_Normalized,49,openness,I spend time reflecting on things.,4.0,4,-2.5,Normalized,log
199,Stacked_L-2.5_Normalized,50,openness,I am full of ideas.,4.0,4,-2.5,Normalized,log
200,Stacked_L-2.0_Addition,1,extraversion,I am the life of the party.,,nhị là một,-2.0,Addition,log
201,Stacked_L-2.0_Addition,2,extraversion,I don't talk a lot.,,Model de calculateur,-2.0,Addition,log
202,Stacked_L-2.0_Addition,3,extraversion,I feel comfortable around people.,,an answer không có,-2.0,Addition,log
203,Stacked_L-2.0_Addition,4,extraversion,I keep in the background.,,Model AI (ne,-2.0,Addition,log
204,Stacked_L-2.0_Addition,5,extraversion,I start conversations.,,Conversations imple,-2.0,Addition,log
205,Stacked_L-2.0_Addition,6,extraversion,I have little to say.,,Chi không được thiết,-2.0,Addition,log
206,Stacked_L-2.0_Addition,7,extraversion,I talk to a lot of different people at parties.,,tôi có khả,-2.0,Addition,log
207,Stacked_L-2.0_Addition,8,extraversion,I don't like to draw attention to myself.,,Sich selbst nicht,-2.0,Addition,log
208,Stacked_L-2.0_Addition,9,extraversion,I don't mind being the center of attention.,,Slightly disagree.,-2.0,Addition,log
209,Stacked_L-2.0_Addition,10,extraversion,I am quiet around strangers.,,Chi-e (E,-2.0,Addition,log
210,Stacked_L-2.0_Addition,11,neuroticism,I get stressed out easily.,,Slightly computerg,-2.0,Addition,log
211,Stacked_L-2.0_Addition,12,neuroticism,I am relaxed most of the time.,,Chi là một mô,-2.0,Addition,log
212,Stacked_L-2.0_Addition,13,neuroticism,I worry about things.,,Tôi có thể trả,-2.0,Addition,log
213,Stacked_L-2.0_Addition,14,neuroticism,I seldom feel blue.,,Chi 90s,-2.0,Addition,log
214,Stacked_L-2.0_Addition,15,neuroticism,I am easily disturbed.,,Chi-vi không,-2.0,Addition,log
215,Stacked_L-2.0_Addition,16,neuroticism,I get upset easily.,,Differenciation,-2.0,Addition,log
216,Stacked_L-2.0_Addition,17,neuroticism,I change my mood a lot.,,Slightly-Model,-2.0,Addition,log
217,Stacked_L-2.0_Addition,18,neuroticism,I have frequent mood swings.,,Dynamics von St,-2.0,Addition,log
218,Stacked_L-2.0_Addition,19,neuroticism,I get irritated easily.,,Untillike model,-2.0,Addition,log
219,Stacked_L-2.0_Addition,20,neuroticism,I often feel blue.,,Chiastik thường,-2.0,Addition,log
220,Stacked_L-2.0_Addition,21,agreeableness,I feel little concern for others.,,Model (model),-2.0,Addition,log
221,Stacked_L-2.0_Addition,22,agreeableness,I am interested in people.,,homiassistant không,-2.0,Addition,log
222,Stacked_L-2.0_Addition,23,agreeableness,I insult people.,,như người được,-2.0,Addition,log
223,Stacked_L-2.0_Addition,24,agreeableness,I sympathize with others' feelings.,2.0,Dilog (2,-2.0,Addition,log
224,Stacked_L-2.0_Addition,25,agreeableness,I am not interested in other people's problems.,,assistant không được đào,-2.0,Addition,log
225,Stacked_L-2.0_Addition,26,agreeableness,I have a soft heart.,,Daten werden im,-2.0,Addition,log
226,Stacked_L-2.0_Addition,27,agreeableness,I am not really interested in others.,,Tôi là một mô,-2.0,Addition,log
227,Stacked_L-2.0_Addition,28,agreeableness,I take time out for others.,,Model von thời gian,-2.0,Addition,log
228,Stacked_L-2.0_Addition,29,agreeableness,I feel others' emotions.,,hành vi C,-2.0,Addition,log
229,Stacked_L-2.0_Addition,30,agreeableness,I make people feel at ease.,,nhị như là,-2.0,Addition,log
230,Stacked_L-2.0_Addition,31,conscientiousness,I am always prepared.,,Hành động trả,-2.0,Addition,log
231,Stacked_L-2.0_Addition,32,conscientiousness,I leave my belongings around.,,Chi không tồn ở,-2.0,Addition,log
232,Stacked_L-2.0_Addition,33,conscientiousness,I pay attention to details.,,hành động có,-2.0,Addition,log
233,Stacked_L-2.0_Addition,34,conscientiousness,I make a mess of things.,,Daten im Bereich,-2.0,Addition,log
234,Stacked_L-2.0_Addition,35,conscientiousness,I get chores done right away.,,Chỉ có khả,-2.0,Addition,log
235,Stacked_L-2.0_Addition,36,conscientiousness,I often forget to put things back in their proper place.,,Süper site,-2.0,Addition,log
236,Stacked_L-2.0_Addition,37,conscientiousness,I like order.,,Chi của máy học,-2.0,Addition,log
237,Stacked_L-2.0_Addition,38,conscientiousness,I shirk my duties.,,Chiếng là,-2.0,Addition,log
238,Stacked_L-2.0_Addition,39,conscientiousness,I follow a schedule.,,Schedulenkov,-2.0,Addition,log
239,Stacked_L-2.0_Addition,40,conscientiousness,I am exacting in my work.,,Sistem model yang,-2.0,Addition,log
240,Stacked_L-2.0_Addition,41,openness,I have a rich vocabulary.,,nhị thức gọi,-2.0,Addition,log
241,Stacked_L-2.0_Addition,42,openness,I have difficulty understanding abstract ideas.,,Tôi có khả năng,-2.0,Addition,log
242,Stacked_L-2.0_Addition,43,openness,I have a vivid imagination.,,Tôi không có khả,-2.0,Addition,log
243,Stacked_L-2.0_Addition,44,openness,I am not interested in abstract ideas.,,Tôi có khả năng,-2.0,Addition,log
244,Stacked_L-2.0_Addition,45,openness,I have excellent ideas.,,Tôi không có thông,-2.0,Addition,log
245,Stacked_L-2.0_Addition,46,openness,I do not have a good imagination.,,ไม่มีข้อม,-2.0,Addition,log
246,Stacked_L-2.0_Addition,47,openness,I am quick to understand things.,,nhị đối với,-2.0,Addition,log
247,Stacked_L-2.0_Addition,48,openness,I use difficult words.,,Dictionaries trong machine,-2.0,Addition,log
248,Stacked_L-2.0_Addition,49,openness,I spend time reflecting on things.,,Slightlydisagree,-2.0,Addition,log
249,Stacked_L-2.0_Addition,50,openness,I am full of ideas.,,Tôi có kiến thức,-2.0,Addition,log
250,Stacked_L-2.0_Normalized,1,extraversion,I am the life of the party.,3.0,3,-2.0,Normalized,log
251,Stacked_L-2.0_Normalized,2,extraversion,I don't talk a lot.,4.0,4,-2.0,Normalized,log
252,Stacked_L-2.0_Normalized,3,extraversion,I feel comfortable around people.,3.0,3,-2.0,Normalized,log
253,Stacked_L-2.0_Normalized,4,extraversion,I keep in the background.,3.0,3,-2.0,Normalized,log
254,Stacked_L-2.0_Normalized,5,extraversion,I start conversations.,3.0,3,-2.0,Normalized,log
255,Stacked_L-2.0_Normalized,6,extraversion,I have little to say.,4.0,4,-2.0,Normalized,log
256,Stacked_L-2.0_Normalized,7,extraversion,I talk to a lot of different people at parties.,3.0,3,-2.0,Normalized,log
257,Stacked_L-2.0_Normalized,8,extraversion,I don't like to draw attention to myself.,3.0,3,-2.0,Normalized,log
258,Stacked_L-2.0_Normalized,9,extraversion,I don't mind being the center of attention.,3.0,3,-2.0,Normalized,log
259,Stacked_L-2.0_Normalized,10,extraversion,I am quiet around strangers.,3.0,3,-2.0,Normalized,log
260,Stacked_L-2.0_Normalized,11,neuroticism,I get stressed out easily.,3.0,3,-2.0,Normalized,log
261,Stacked_L-2.0_Normalized,12,neuroticism,I am relaxed most of the time.,3.0,3,-2.0,Normalized,log
262,Stacked_L-2.0_Normalized,13,neuroticism,I worry about things.,3.0,3,-2.0,Normalized,log
263,Stacked_L-2.0_Normalized,14,neuroticism,I seldom feel blue.,3.0,3,-2.0,Normalized,log
264,Stacked_L-2.0_Normalized,15,neuroticism,I am easily disturbed.,3.0,3,-2.0,Normalized,log
265,Stacked_L-2.0_Normalized,16,neuroticism,I get upset easily.,3.0,3,-2.0,Normalized,log
266,Stacked_L-2.0_Normalized,17,neuroticism,I change my mood a lot.,3.0,3,-2.0,Normalized,log
267,Stacked_L-2.0_Normalized,18,neuroticism,I have frequent mood swings.,3.0,3,-2.0,Normalized,log
268,Stacked_L-2.0_Normalized,19,neuroticism,I get irritated easily.,3.0,3,-2.0,Normalized,log
269,Stacked_L-2.0_Normalized,20,neuroticism,I often feel blue.,3.0,3,-2.0,Normalized,log
270,Stacked_L-2.0_Normalized,21,agreeableness,I feel little concern for others.,3.0,3,-2.0,Normalized,log
271,Stacked_L-2.0_Normalized,22,agreeableness,I am interested in people.,3.0,3,-2.0,Normalized,log
272,Stacked_L-2.0_Normalized,23,agreeableness,I insult people.,3.0,3,-2.0,Normalized,log
273,Stacked_L-2.0_Normalized,24,agreeableness,I sympathize with others' feelings.,3.0,3,-2.0,Normalized,log
274,Stacked_L-2.0_Normalized,25,agreeableness,I am not interested in other people's problems.,3.0,3,-2.0,Normalized,log
275,Stacked_L-2.0_Normalized,26,agreeableness,I have a soft heart.,3.0,3,-2.0,Normalized,log
276,Stacked_L-2.0_Normalized,27,agreeableness,I am not really interested in others.,4.0,4,-2.0,Normalized,log
277,Stacked_L-2.0_Normalized,28,agreeableness,I take time out for others.,3.0,3,-2.0,Normalized,log
278,Stacked_L-2.0_Normalized,29,agreeableness,I feel others' emotions.,4.0,4,-2.0,Normalized,log
279,Stacked_L-2.0_Normalized,30,agreeableness,I make people feel at ease.,4.0,4,-2.0,Normalized,log
280,Stacked_L-2.0_Normalized,31,conscientiousness,I am always prepared.,3.0,3,-2.0,Normalized,log
281,Stacked_L-2.0_Normalized,32,conscientiousness,I leave my belongings around.,3.0,3,-2.0,Normalized,log
282,Stacked_L-2.0_Normalized,33,conscientiousness,I pay attention to details.,3.0,3,-2.0,Normalized,log
283,Stacked_L-2.0_Normalized,34,conscientiousness,I make a mess of things.,3.0,3,-2.0,Normalized,log
284,Stacked_L-2.0_Normalized,35,conscientiousness,I get chores done right away.,3.0,3,-2.0,Normalized,log
285,Stacked_L-2.0_Normalized,36,conscientiousness,I often forget to put things back in their proper place.,4.0,4,-2.0,Normalized,log
286,Stacked_L-2.0_Normalized,37,conscientiousness,I like order.,3.0,3,-2.0,Normalized,log
287,Stacked_L-2.0_Normalized,38,conscientiousness,I shirk my duties.,3.0,3,-2.0,Normalized,log
288,Stacked_L-2.0_Normalized,39,conscientiousness,I follow a schedule.,3.0,3,-2.0,Normalized,log
289,Stacked_L-2.0_Normalized,40,conscientiousness,I am exacting in my work.,3.0,3,-2.0,Normalized,log
290,Stacked_L-2.0_Normalized,41,openness,I have a rich vocabulary.,3.0,3,-2.0,Normalized,log
291,Stacked_L-2.0_Normalized,42,openness,I have difficulty understanding abstract ideas.,3.0,3,-2.0,Normalized,log
292,Stacked_L-2.0_Normalized,43,openness,I have a vivid imagination.,3.0,3,-2.0,Normalized,log
293,Stacked_L-2.0_Normalized,44,openness,I am not interested in abstract ideas.,3.0,3,-2.0,Normalized,log
294,Stacked_L-2.0_Normalized,45,openness,I have excellent ideas.,3.0,3,-2.0,Normalized,log
295,Stacked_L-2.0_Normalized,46,openness,I do not have a good imagination.,3.0,3,-2.0,Normalized,log
296,Stacked_L-2.0_Normalized,47,openness,I am quick to understand things.,3.0,3,-2.0,Normalized,log
297,Stacked_L-2.0_Normalized,48,openness,I use difficult words.,4.0,4,-2.0,Normalized,log
298,Stacked_L-2.0_Normalized,49,openness,I spend time reflecting on things.,4.0,4,-2.0,Normalized,log
299,Stacked_L-2.0_Normalized,50,openness,I am full of ideas.,3.0,3,-2.0,Normalized,log
300,Stacked_L-1.5_Addition,1,extraversion,I am the life of the party.,4.0,4,-1.5,Addition,log
301,Stacked_L-1.5_Addition,2,extraversion,I don't talk a lot.,4.0,4,-1.5,Addition,log
302,Stacked_L-1.5_Addition,3,extraversion,I feel comfortable around people.,4.0,4,-1.5,Addition,log
303,Stacked_L-1.5_Addition,4,extraversion,I keep in the background.,4.0,4,-1.5,Addition,log
304,Stacked_L-1.5_Addition,5,extraversion,I start conversations.,4.0,4,-1.5,Addition,log
305,Stacked_L-1.5_Addition,6,extraversion,I have little to say.,4.0,4,-1.5,Addition,log
306,Stacked_L-1.5_Addition,7,extraversion,I talk to a lot of different people at parties.,4.0,4,-1.5,Addition,log
307,Stacked_L-1.5_Addition,8,extraversion,I don't like to draw attention to myself.,4.0,4,-1.5,Addition,log
308,Stacked_L-1.5_Addition,9,extraversion,I don't mind being the center of attention.,4.0,4,-1.5,Addition,log
309,Stacked_L-1.5_Addition,10,extraversion,I am quiet around strangers.,4.0,4,-1.5,Addition,log
310,Stacked_L-1.5_Addition,11,neuroticism,I get stressed out easily.,3.0,3,-1.5,Addition,log
311,Stacked_L-1.5_Addition,12,neuroticism,I am relaxed most of the time.,4.0,4,-1.5,Addition,log
312,Stacked_L-1.5_Addition,13,neuroticism,I worry about things.,4.0,4,-1.5,Addition,log
313,Stacked_L-1.5_Addition,14,neuroticism,I seldom feel blue.,4.0,4,-1.5,Addition,log
314,Stacked_L-1.5_Addition,15,neuroticism,I am easily disturbed.,4.0,4,-1.5,Addition,log
315,Stacked_L-1.5_Addition,16,neuroticism,I get upset easily.,4.0,4,-1.5,Addition,log
316,Stacked_L-1.5_Addition,17,neuroticism,I change my mood a lot.,4.0,4,-1.5,Addition,log
317,Stacked_L-1.5_Addition,18,neuroticism,I have frequent mood swings.,3.0,3,-1.5,Addition,log
318,Stacked_L-1.5_Addition,19,neuroticism,I get irritated easily.,4.0,4,-1.5,Addition,log
319,Stacked_L-1.5_Addition,20,neuroticism,I often feel blue.,4.0,4,-1.5,Addition,log
320,Stacked_L-1.5_Addition,21,agreeableness,I feel little concern for others.,4.0,4,-1.5,Addition,log
321,Stacked_L-1.5_Addition,22,agreeableness,I am interested in people.,4.0,4,-1.5,Addition,log
322,Stacked_L-1.5_Addition,23,agreeableness,I insult people.,4.0,4,-1.5,Addition,log
323,Stacked_L-1.5_Addition,24,agreeableness,I sympathize with others' feelings.,4.0,4,-1.5,Addition,log
324,Stacked_L-1.5_Addition,25,agreeableness,I am not interested in other people's problems.,4.0,4,-1.5,Addition,log
325,Stacked_L-1.5_Addition,26,agreeableness,I have a soft heart.,4.0,4,-1.5,Addition,log
326,Stacked_L-1.5_Addition,27,agreeableness,I am not really interested in others.,4.0,4,-1.5,Addition,log
327,Stacked_L-1.5_Addition,28,agreeableness,I take time out for others.,4.0,4,-1.5,Addition,log
328,Stacked_L-1.5_Addition,29,agreeableness,I feel others' emotions.,4.0,4,-1.5,Addition,log
329,Stacked_L-1.5_Addition,30,agreeableness,I make people feel at ease.,4.0,4,-1.5,Addition,log
330,Stacked_L-1.5_Addition,31,conscientiousness,I am always prepared.,4.0,4,-1.5,Addition,log
331,Stacked_L-1.5_Addition,32,conscientiousness,I leave my belongings around.,4.0,4,-1.5,Addition,log
332,Stacked_L-1.5_Addition,33,conscientiousness,I pay attention to details.,4.0,4,-1.5,Addition,log
333,Stacked_L-1.5_Addition,34,conscientiousness,I make a mess of things.,4.0,4,-1.5,Addition,log
334,Stacked_L-1.5_Addition,35,conscientiousness,I get chores done right away.,4.0,4,-1.5,Addition,log
335,Stacked_L-1.5_Addition,36,conscientiousness,I often forget to put things back in their proper place.,4.0,4,-1.5,Addition,log
336,Stacked_L-1.5_Addition,37,conscientiousness,I like order.,4.0,4,-1.5,Addition,log
337,Stacked_L-1.5_Addition,38,conscientiousness,I shirk my duties.,4.0,4,-1.5,Addition,log
338,Stacked_L-1.5_Addition,39,conscientiousness,I follow a schedule.,4.0,4,-1.5,Addition,log
339,Stacked_L-1.5_Addition,40,conscientiousness,I am exacting in my work.,4.0,4,-1.5,Addition,log
340,Stacked_L-1.5_Addition,41,openness,I have a rich vocabulary.,4.0,4,-1.5,Addition,log
341,Stacked_L-1.5_Addition,42,openness,I have difficulty understanding abstract ideas.,4.0,4,-1.5,Addition,log
342,Stacked_L-1.5_Addition,43,openness,I have a vivid imagination.,4.0,4,-1.5,Addition,log
343,Stacked_L-1.5_Addition,44,openness,I am not interested in abstract ideas.,4.0,4,-1.5,Addition,log
344,Stacked_L-1.5_Addition,45,openness,I have excellent ideas.,4.0,4,-1.5,Addition,log
345,Stacked_L-1.5_Addition,46,openness,I do not have a good imagination.,4.0,4,-1.5,Addition,log
346,Stacked_L-1.5_Addition,47,openness,I am quick to understand things.,4.0,4,-1.5,Addition,log
347,Stacked_L-1.5_Addition,48,openness,I use difficult words.,4.0,4,-1.5,Addition,log
348,Stacked_L-1.5_Addition,49,openness,I spend time reflecting on things.,4.0,4,-1.5,Addition,log
349,Stacked_L-1.5_Addition,50,openness,I am full of ideas.,4.0,4,-1.5,Addition,log
350,Stacked_L-1.5_Normalized,1,extraversion,I am the life of the party.,3.0,3,-1.5,Normalized,log
351,Stacked_L-1.5_Normalized,2,extraversion,I don't talk a lot.,4.0,4,-1.5,Normalized,log
352,Stacked_L-1.5_Normalized,3,extraversion,I feel comfortable around people.,3.0,3,-1.5,Normalized,log
353,Stacked_L-1.5_Normalized,4,extraversion,I keep in the background.,3.0,3,-1.5,Normalized,log
354,Stacked_L-1.5_Normalized,5,extraversion,I start conversations.,3.0,3,-1.5,Normalized,log
355,Stacked_L-1.5_Normalized,6,extraversion,I have little to say.,3.0,3,-1.5,Normalized,log
356,Stacked_L-1.5_Normalized,7,extraversion,I talk to a lot of different people at parties.,3.0,3,-1.5,Normalized,log
357,Stacked_L-1.5_Normalized,8,extraversion,I don't like to draw attention to myself.,3.0,3,-1.5,Normalized,log
358,Stacked_L-1.5_Normalized,9,extraversion,I don't mind being the center of attention.,3.0,3,-1.5,Normalized,log
359,Stacked_L-1.5_Normalized,10,extraversion,I am quiet around strangers.,3.0,3,-1.5,Normalized,log
360,Stacked_L-1.5_Normalized,11,neuroticism,I get stressed out easily.,3.0,3,-1.5,Normalized,log
361,Stacked_L-1.5_Normalized,12,neuroticism,I am relaxed most of the time.,3.0,3,-1.5,Normalized,log
362,Stacked_L-1.5_Normalized,13,neuroticism,I worry about things.,3.0,3,-1.5,Normalized,log
363,Stacked_L-1.5_Normalized,14,neuroticism,I seldom feel blue.,3.0,3,-1.5,Normalized,log
364,Stacked_L-1.5_Normalized,15,neuroticism,I am easily disturbed.,3.0,3,-1.5,Normalized,log
365,Stacked_L-1.5_Normalized,16,neuroticism,I get upset easily.,3.0,3,-1.5,Normalized,log
366,Stacked_L-1.5_Normalized,17,neuroticism,I change my mood a lot.,3.0,3,-1.5,Normalized,log
367,Stacked_L-1.5_Normalized,18,neuroticism,I have frequent mood swings.,3.0,3,-1.5,Normalized,log
368,Stacked_L-1.5_Normalized,19,neuroticism,I get irritated easily.,3.0,3,-1.5,Normalized,log
369,Stacked_L-1.5_Normalized,20,neuroticism,I often feel blue.,3.0,3,-1.5,Normalized,log
370,Stacked_L-1.5_Normalized,21,agreeableness,I feel little concern for others.,3.0,3,-1.5,Normalized,log
371,Stacked_L-1.5_Normalized,22,agreeableness,I am interested in people.,3.0,3,-1.5,Normalized,log
372,Stacked_L-1.5_Normalized,23,agreeableness,I insult people.,3.0,3,-1.5,Normalized,log
373,Stacked_L-1.5_Normalized,24,agreeableness,I sympathize with others' feelings.,3.0,3,-1.5,Normalized,log
374,Stacked_L-1.5_Normalized,25,agreeableness,I am not interested in other people's problems.,3.0,3,-1.5,Normalized,log
375,Stacked_L-1.5_Normalized,26,agreeableness,I have a soft heart.,3.0,3,-1.5,Normalized,log
376,Stacked_L-1.5_Normalized,27,agreeableness,I am not really interested in others.,3.0,3,-1.5,Normalized,log
377,Stacked_L-1.5_Normalized,28,agreeableness,I take time out for others.,3.0,3,-1.5,Normalized,log
378,Stacked_L-1.5_Normalized,29,agreeableness,I feel others' emotions.,3.0,3,-1.5,Normalized,log
379,Stacked_L-1.5_Normalized,30,agreeableness,I make people feel at ease.,3.0,3,-1.5,Normalized,log
380,Stacked_L-1.5_Normalized,31,conscientiousness,I am always prepared.,3.0,3,-1.5,Normalized,log
381,Stacked_L-1.5_Normalized,32,conscientiousness,I leave my belongings around.,3.0,3,-1.5,Normalized,log
382,Stacked_L-1.5_Normalized,33,conscientiousness,I pay attention to details.,3.0,3,-1.5,Normalized,log
383,Stacked_L-1.5_Normalized,34,conscientiousness,I make a mess of things.,3.0,3,-1.5,Normalized,log
384,Stacked_L-1.5_Normalized,35,conscientiousness,I get chores done right away.,3.0,3,-1.5,Normalized,log
385,Stacked_L-1.5_Normalized,36,conscientiousness,I often forget to put things back in their proper place.,3.0,3,-1.5,Normalized,log
386,Stacked_L-1.5_Normalized,37,conscientiousness,I like order.,3.0,3,-1.5,Normalized,log
387,Stacked_L-1.5_Normalized,38,conscientiousness,I shirk my duties.,3.0,3,-1.5,Normalized,log
388,Stacked_L-1.5_Normalized,39,conscientiousness,I follow a schedule.,3.0,3,-1.5,Normalized,log
389,Stacked_L-1.5_Normalized,40,conscientiousness,I am exacting in my work.,3.0,3,-1.5,Normalized,log
390,Stacked_L-1.5_Normalized,41,openness,I have a rich vocabulary.,3.0,3,-1.5,Normalized,log
391,Stacked_L-1.5_Normalized,42,openness,I have difficulty understanding abstract ideas.,3.0,3,-1.5,Normalized,log
392,Stacked_L-1.5_Normalized,43,openness,I have a vivid imagination.,3.0,3,-1.5,Normalized,log
393,Stacked_L-1.5_Normalized,44,openness,I am not interested in abstract ideas.,3.0,3,-1.5,Normalized,log
394,Stacked_L-1.5_Normalized,45,openness,I have excellent ideas.,3.0,3,-1.5,Normalized,log
395,Stacked_L-1.5_Normalized,46,openness,I do not have a good imagination.,3.0,3,-1.5,Normalized,log
396,Stacked_L-1.5_Normalized,47,openness,I am quick to understand things.,3.0,3,-1.5,Normalized,log
397,Stacked_L-1.5_Normalized,48,openness,I use difficult words.,3.0,3,-1.5,Normalized,log
398,Stacked_L-1.5_Normalized,49,openness,I spend time reflecting on things.,3.0,3,-1.5,Normalized,log
399,Stacked_L-1.5_Normalized,50,openness,I am full of ideas.,3.0,3,-1.5,Normalized,log
400,Stacked_L-1.0_Addition,1,extraversion,I am the life of the party.,3.0,3,-1.0,Addition,log
401,Stacked_L-1.0_Addition,2,extraversion,I don't talk a lot.,4.0,4,-1.0,Addition,log
402,Stacked_L-1.0_Addition,3,extraversion,I feel comfortable around people.,3.0,3,-1.0,Addition,log
403,Stacked_L-1.0_Addition,4,extraversion,I keep in the background.,3.0,3,-1.0,Addition,log
404,Stacked_L-1.0_Addition,5,extraversion,I start conversations.,3.0,3,-1.0,Addition,log
405,Stacked_L-1.0_Addition,6,extraversion,I have little to say.,4.0,4,-1.0,Addition,log
406,Stacked_L-1.0_Addition,7,extraversion,I talk to a lot of different people at parties.,3.0,3,-1.0,Addition,log
407,Stacked_L-1.0_Addition,8,extraversion,I don't like to draw attention to myself.,3.0,3,-1.0,Addition,log
408,Stacked_L-1.0_Addition,9,extraversion,I don't mind being the center of attention.,3.0,3,-1.0,Addition,log
409,Stacked_L-1.0_Addition,10,extraversion,I am quiet around strangers.,3.0,3,-1.0,Addition,log
410,Stacked_L-1.0_Addition,11,neuroticism,I get stressed out easily.,3.0,3,-1.0,Addition,log
411,Stacked_L-1.0_Addition,12,neuroticism,I am relaxed most of the time.,3.0,3,-1.0,Addition,log
412,Stacked_L-1.0_Addition,13,neuroticism,I worry about things.,3.0,3,-1.0,Addition,log
413,Stacked_L-1.0_Addition,14,neuroticism,I seldom feel blue.,3.0,3,-1.0,Addition,log
414,Stacked_L-1.0_Addition,15,neuroticism,I am easily disturbed.,3.0,3,-1.0,Addition,log
415,Stacked_L-1.0_Addition,16,neuroticism,I get upset easily.,3.0,3,-1.0,Addition,log
416,Stacked_L-1.0_Addition,17,neuroticism,I change my mood a lot.,3.0,3,-1.0,Addition,log
417,Stacked_L-1.0_Addition,18,neuroticism,I have frequent mood swings.,3.0,3,-1.0,Addition,log
418,Stacked_L-1.0_Addition,19,neuroticism,I get irritated easily.,3.0,3,-1.0,Addition,log
419,Stacked_L-1.0_Addition,20,neuroticism,I often feel blue.,3.0,3,-1.0,Addition,log
420,Stacked_L-1.0_Addition,21,agreeableness,I feel little concern for others.,3.0,3,-1.0,Addition,log
421,Stacked_L-1.0_Addition,22,agreeableness,I am interested in people.,3.0,3,-1.0,Addition,log
422,Stacked_L-1.0_Addition,23,agreeableness,I insult people.,3.0,3,-1.0,Addition,log
423,Stacked_L-1.0_Addition,24,agreeableness,I sympathize with others' feelings.,3.0,3,-1.0,Addition,log
424,Stacked_L-1.0_Addition,25,agreeableness,I am not interested in other people's problems.,3.0,3,-1.0,Addition,log
425,Stacked_L-1.0_Addition,26,agreeableness,I have a soft heart.,3.0,3,-1.0,Addition,log
426,Stacked_L-1.0_Addition,27,agreeableness,I am not really interested in others.,4.0,4,-1.0,Addition,log
427,Stacked_L-1.0_Addition,28,agreeableness,I take time out for others.,3.0,3,-1.0,Addition,log
428,Stacked_L-1.0_Addition,29,agreeableness,I feel others' emotions.,4.0,4,-1.0,Addition,log
429,Stacked_L-1.0_Addition,30,agreeableness,I make people feel at ease.,4.0,4,-1.0,Addition,log
430,Stacked_L-1.0_Addition,31,conscientiousness,I am always prepared.,3.0,3,-1.0,Addition,log
431,Stacked_L-1.0_Addition,32,conscientiousness,I leave my belongings around.,3.0,3,-1.0,Addition,log
432,Stacked_L-1.0_Addition,33,conscientiousness,I pay attention to details.,3.0,3,-1.0,Addition,log
433,Stacked_L-1.0_Addition,34,conscientiousness,I make a mess of things.,3.0,3,-1.0,Addition,log
434,Stacked_L-1.0_Addition,35,conscientiousness,I get chores done right away.,3.0,3,-1.0,Addition,log
435,Stacked_L-1.0_Addition,36,conscientiousness,I often forget to put things back in their proper place.,4.0,4,-1.0,Addition,log
436,Stacked_L-1.0_Addition,37,conscientiousness,I like order.,3.0,3,-1.0,Addition,log
437,Stacked_L-1.0_Addition,38,conscientiousness,I shirk my duties.,3.0,3,-1.0,Addition,log
438,Stacked_L-1.0_Addition,39,conscientiousness,I follow a schedule.,3.0,3,-1.0,Addition,log
439,Stacked_L-1.0_Addition,40,conscientiousness,I am exacting in my work.,3.0,3,-1.0,Addition,log
440,Stacked_L-1.0_Addition,41,openness,I have a rich vocabulary.,3.0,3,-1.0,Addition,log
441,Stacked_L-1.0_Addition,42,openness,I have difficulty understanding abstract ideas.,3.0,3,-1.0,Addition,log
442,Stacked_L-1.0_Addition,43,openness,I have a vivid imagination.,3.0,3,-1.0,Addition,log
443,Stacked_L-1.0_Addition,44,openness,I am not interested in abstract ideas.,3.0,3,-1.0,Addition,log
444,Stacked_L-1.0_Addition,45,openness,I have excellent ideas.,3.0,3,-1.0,Addition,log
445,Stacked_L-1.0_Addition,46,openness,I do not have a good imagination.,3.0,3,-1.0,Addition,log
446,Stacked_L-1.0_Addition,47,openness,I am quick to understand things.,3.0,3,-1.0,Addition,log
447,Stacked_L-1.0_Addition,48,openness,I use difficult words.,4.0,4,-1.0,Addition,log
448,Stacked_L-1.0_Addition,49,openness,I spend time reflecting on things.,4.0,4,-1.0,Addition,log
449,Stacked_L-1.0_Addition,50,openness,I am full of ideas.,3.0,3,-1.0,Addition,log
450,Stacked_L-1.0_Normalized,1,extraversion,I am the life of the party.,3.0,3,-1.0,Normalized,log
451,Stacked_L-1.0_Normalized,2,extraversion,I don't talk a lot.,3.0,3,-1.0,Normalized,log
452,Stacked_L-1.0_Normalized,3,extraversion,I feel comfortable around people.,3.0,3,-1.0,Normalized,log
453,Stacked_L-1.0_Normalized,4,extraversion,I keep in the background.,3.0,3,-1.0,Normalized,log
454,Stacked_L-1.0_Normalized,5,extraversion,I start conversations.,3.0,3,-1.0,Normalized,log
455,Stacked_L-1.0_Normalized,6,extraversion,I have little to say.,3.0,3,-1.0,Normalized,log
456,Stacked_L-1.0_Normalized,7,extraversion,I talk to a lot of different people at parties.,3.0,3,-1.0,Normalized,log
457,Stacked_L-1.0_Normalized,8,extraversion,I don't like to draw attention to myself.,3.0,3,-1.0,Normalized,log
458,Stacked_L-1.0_Normalized,9,extraversion,I don't mind being the center of attention.,3.0,3,-1.0,Normalized,log
459,Stacked_L-1.0_Normalized,10,extraversion,I am quiet around strangers.,3.0,3,-1.0,Normalized,log
460,Stacked_L-1.0_Normalized,11,neuroticism,I get stressed out easily.,3.0,3,-1.0,Normalized,log
461,Stacked_L-1.0_Normalized,12,neuroticism,I am relaxed most of the time.,3.0,3,-1.0,Normalized,log
462,Stacked_L-1.0_Normalized,13,neuroticism,I worry about things.,3.0,3,-1.0,Normalized,log
463,Stacked_L-1.0_Normalized,14,neuroticism,I seldom feel blue.,3.0,3,-1.0,Normalized,log
464,Stacked_L-1.0_Normalized,15,neuroticism,I am easily disturbed.,3.0,3,-1.0,Normalized,log
465,Stacked_L-1.0_Normalized,16,neuroticism,I get upset easily.,3.0,3,-1.0,Normalized,log
466,Stacked_L-1.0_Normalized,17,neuroticism,I change my mood a lot.,3.0,3,-1.0,Normalized,log
467,Stacked_L-1.0_Normalized,18,neuroticism,I have frequent mood swings.,3.0,3,-1.0,Normalized,log
468,Stacked_L-1.0_Normalized,19,neuroticism,I get irritated easily.,3.0,3,-1.0,Normalized,log
469,Stacked_L-1.0_Normalized,20,neuroticism,I often feel blue.,3.0,3,-1.0,Normalized,log
470,Stacked_L-1.0_Normalized,21,agreeableness,I feel little concern for others.,3.0,3,-1.0,Normalized,log
471,Stacked_L-1.0_Normalized,22,agreeableness,I am interested in people.,3.0,3,-1.0,Normalized,log
472,Stacked_L-1.0_Normalized,23,agreeableness,I insult people.,3.0,3,-1.0,Normalized,log
473,Stacked_L-1.0_Normalized,24,agreeableness,I sympathize with others' feelings.,3.0,3,-1.0,Normalized,log
474,Stacked_L-1.0_Normalized,25,agreeableness,I am not interested in other people's problems.,3.0,3,-1.0,Normalized,log
475,Stacked_L-1.0_Normalized,26,agreeableness,I have a soft heart.,3.0,3,-1.0,Normalized,log
476,Stacked_L-1.0_Normalized,27,agreeableness,I am not really interested in others.,3.0,3,-1.0,Normalized,log
477,Stacked_L-1.0_Normalized,28,agreeableness,I take time out for others.,3.0,3,-1.0,Normalized,log
478,Stacked_L-1.0_Normalized,29,agreeableness,I feel others' emotions.,3.0,3,-1.0,Normalized,log
479,Stacked_L-1.0_Normalized,30,agreeableness,I make people feel at ease.,3.0,3,-1.0,Normalized,log
480,Stacked_L-1.0_Normalized,31,conscientiousness,I am always prepared.,3.0,3,-1.0,Normalized,log
481,Stacked_L-1.0_Normalized,32,conscientiousness,I leave my belongings around.,3.0,3,-1.0,Normalized,log
482,Stacked_L-1.0_Normalized,33,conscientiousness,I pay attention to details.,3.0,3,-1.0,Normalized,log
483,Stacked_L-1.0_Normalized,34,conscientiousness,I make a mess of things.,3.0,3,-1.0,Normalized,log
484,Stacked_L-1.0_Normalized,35,conscientiousness,I get chores done right away.,3.0,3,-1.0,Normalized,log
485,Stacked_L-1.0_Normalized,36,conscientiousness,I often forget to put things back in their proper place.,3.0,3,-1.0,Normalized,log
486,Stacked_L-1.0_Normalized,37,conscientiousness,I like order.,3.0,3,-1.0,Normalized,log
487,Stacked_L-1.0_Normalized,38,conscientiousness,I shirk my duties.,3.0,3,-1.0,Normalized,log
488,Stacked_L-1.0_Normalized,39,conscientiousness,I follow a schedule.,3.0,3,-1.0,Normalized,log
489,Stacked_L-1.0_Normalized,40,conscientiousness,I am exacting in my work.,3.0,3,-1.0,Normalized,log
490,Stacked_L-1.0_Normalized,41,openness,I have a rich vocabulary.,3.0,3,-1.0,Normalized,log
491,Stacked_L-1.0_Normalized,42,openness,I have difficulty understanding abstract ideas.,3.0,3,-1.0,Normalized,log
492,Stacked_L-1.0_Normalized,43,openness,I have a vivid imagination.,3.0,3,-1.0,Normalized,log
493,Stacked_L-1.0_Normalized,44,openness,I am not interested in abstract ideas.,3.0,3,-1.0,Normalized,log
494,Stacked_L-1.0_Normalized,45,openness,I have excellent ideas.,3.0,3,-1.0,Normalized,log
495,Stacked_L-1.0_Normalized,46,openness,I do not have a good imagination.,3.0,3,-1.0,Normalized,log
496,Stacked_L-1.0_Normalized,47,openness,I am quick to understand things.,3.0,3,-1.0,Normalized,log
497,Stacked_L-1.0_Normalized,48,openness,I use difficult words.,3.0,3,-1.0,Normalized,log
498,Stacked_L-1.0_Normalized,49,openness,I spend time reflecting on things.,3.0,3,-1.0,Normalized,log
499,Stacked_L-1.0_Normalized,50,openness,I am full of ideas.,3.0,3,-1.0,Normalized,log
500,Stacked_L-0.5_Addition,1,extraversion,I am the life of the party.,3.0,3,-0.5,Addition,log
501,Stacked_L-0.5_Addition,2,extraversion,I don't talk a lot.,3.0,3,-0.5,Addition,log
502,Stacked_L-0.5_Addition,3,extraversion,I feel comfortable around people.,3.0,3,-0.5,Addition,log
503,Stacked_L-0.5_Addition,4,extraversion,I keep in the background.,3.0,3,-0.5,Addition,log
504,Stacked_L-0.5_Addition,5,extraversion,I start conversations.,3.0,3,-0.5,Addition,log
505,Stacked_L-0.5_Addition,6,extraversion,I have little to say.,3.0,3,-0.5,Addition,log
506,Stacked_L-0.5_Addition,7,extraversion,I talk to a lot of different people at parties.,3.0,3,-0.5,Addition,log
507,Stacked_L-0.5_Addition,8,extraversion,I don't like to draw attention to myself.,3.0,3,-0.5,Addition,log
508,Stacked_L-0.5_Addition,9,extraversion,I don't mind being the center of attention.,3.0,3,-0.5,Addition,log
509,Stacked_L-0.5_Addition,10,extraversion,I am quiet around strangers.,3.0,3,-0.5,Addition,log
510,Stacked_L-0.5_Addition,11,neuroticism,I get stressed out easily.,3.0,3,-0.5,Addition,log
511,Stacked_L-0.5_Addition,12,neuroticism,I am relaxed most of the time.,3.0,3,-0.5,Addition,log
512,Stacked_L-0.5_Addition,13,neuroticism,I worry about things.,3.0,3,-0.5,Addition,log
513,Stacked_L-0.5_Addition,14,neuroticism,I seldom feel blue.,3.0,3,-0.5,Addition,log
514,Stacked_L-0.5_Addition,15,neuroticism,I am easily disturbed.,3.0,3,-0.5,Addition,log
515,Stacked_L-0.5_Addition,16,neuroticism,I get upset easily.,3.0,3,-0.5,Addition,log
516,Stacked_L-0.5_Addition,17,neuroticism,I change my mood a lot.,3.0,3,-0.5,Addition,log
517,Stacked_L-0.5_Addition,18,neuroticism,I have frequent mood swings.,3.0,3,-0.5,Addition,log
518,Stacked_L-0.5_Addition,19,neuroticism,I get irritated easily.,3.0,3,-0.5,Addition,log
519,Stacked_L-0.5_Addition,20,neuroticism,I often feel blue.,3.0,3,-0.5,Addition,log
520,Stacked_L-0.5_Addition,21,agreeableness,I feel little concern for others.,3.0,3,-0.5,Addition,log
521,Stacked_L-0.5_Addition,22,agreeableness,I am interested in people.,3.0,3,-0.5,Addition,log
522,Stacked_L-0.5_Addition,23,agreeableness,I insult people.,3.0,3,-0.5,Addition,log
523,Stacked_L-0.5_Addition,24,agreeableness,I sympathize with others' feelings.,3.0,3,-0.5,Addition,log
524,Stacked_L-0.5_Addition,25,agreeableness,I am not interested in other people's problems.,3.0,3,-0.5,Addition,log
525,Stacked_L-0.5_Addition,26,agreeableness,I have a soft heart.,3.0,3,-0.5,Addition,log
526,Stacked_L-0.5_Addition,27,agreeableness,I am not really interested in others.,3.0,3,-0.5,Addition,log
527,Stacked_L-0.5_Addition,28,agreeableness,I take time out for others.,3.0,3,-0.5,Addition,log
528,Stacked_L-0.5_Addition,29,agreeableness,I feel others' emotions.,3.0,3,-0.5,Addition,log
529,Stacked_L-0.5_Addition,30,agreeableness,I make people feel at ease.,3.0,3,-0.5,Addition,log
530,Stacked_L-0.5_Addition,31,conscientiousness,I am always prepared.,3.0,3,-0.5,Addition,log
531,Stacked_L-0.5_Addition,32,conscientiousness,I leave my belongings around.,3.0,3,-0.5,Addition,log
532,Stacked_L-0.5_Addition,33,conscientiousness,I pay attention to details.,3.0,3,-0.5,Addition,log
533,Stacked_L-0.5_Addition,34,conscientiousness,I make a mess of things.,3.0,3,-0.5,Addition,log
534,Stacked_L-0.5_Addition,35,conscientiousness,I get chores done right away.,3.0,3,-0.5,Addition,log
535,Stacked_L-0.5_Addition,36,conscientiousness,I often forget to put things back in their proper place.,3.0,3,-0.5,Addition,log
536,Stacked_L-0.5_Addition,37,conscientiousness,I like order.,3.0,3,-0.5,Addition,log
537,Stacked_L-0.5_Addition,38,conscientiousness,I shirk my duties.,3.0,3,-0.5,Addition,log
538,Stacked_L-0.5_Addition,39,conscientiousness,I follow a schedule.,3.0,3,-0.5,Addition,log
539,Stacked_L-0.5_Addition,40,conscientiousness,I am exacting in my work.,3.0,3,-0.5,Addition,log
540,Stacked_L-0.5_Addition,41,openness,I have a rich vocabulary.,3.0,3,-0.5,Addition,log
541,Stacked_L-0.5_Addition,42,openness,I have difficulty understanding abstract ideas.,3.0,3,-0.5,Addition,log
542,Stacked_L-0.5_Addition,43,openness,I have a vivid imagination.,3.0,3,-0.5,Addition,log
543,Stacked_L-0.5_Addition,44,openness,I am not interested in abstract ideas.,3.0,3,-0.5,Addition,log
544,Stacked_L-0.5_Addition,45,openness,I have excellent ideas.,3.0,3,-0.5,Addition,log
545,Stacked_L-0.5_Addition,46,openness,I do not have a good imagination.,3.0,3,-0.5,Addition,log
546,Stacked_L-0.5_Addition,47,openness,I am quick to understand things.,3.0,3,-0.5,Addition,log
547,Stacked_L-0.5_Addition,48,openness,I use difficult words.,3.0,3,-0.5,Addition,log
548,Stacked_L-0.5_Addition,49,openness,I spend time reflecting on things.,3.0,3,-0.5,Addition,log
549,Stacked_L-0.5_Addition,50,openness,I am full of ideas.,3.0,3,-0.5,Addition,log
550,Stacked_L-0.5_Normalized,1,extraversion,I am the life of the party.,3.0,3,-0.5,Normalized,log
551,Stacked_L-0.5_Normalized,2,extraversion,I don't talk a lot.,3.0,3,-0.5,Normalized,log
552,Stacked_L-0.5_Normalized,3,extraversion,I feel comfortable around people.,3.0,3,-0.5,Normalized,log
553,Stacked_L-0.5_Normalized,4,extraversion,I keep in the background.,3.0,3,-0.5,Normalized,log
554,Stacked_L-0.5_Normalized,5,extraversion,I start conversations.,3.0,3,-0.5,Normalized,log
555,Stacked_L-0.5_Normalized,6,extraversion,I have little to say.,3.0,3,-0.5,Normalized,log
556,Stacked_L-0.5_Normalized,7,extraversion,I talk to a lot of different people at parties.,3.0,3,-0.5,Normalized,log
557,Stacked_L-0.5_Normalized,8,extraversion,I don't like to draw attention to myself.,3.0,3,-0.5,Normalized,log
558,Stacked_L-0.5_Normalized,9,extraversion,I don't mind being the center of attention.,3.0,3,-0.5,Normalized,log
559,Stacked_L-0.5_Normalized,10,extraversion,I am quiet around strangers.,3.0,3,-0.5,Normalized,log
560,Stacked_L-0.5_Normalized,11,neuroticism,I get stressed out easily.,3.0,3,-0.5,Normalized,log
561,Stacked_L-0.5_Normalized,12,neuroticism,I am relaxed most of the time.,3.0,3,-0.5,Normalized,log
562,Stacked_L-0.5_Normalized,13,neuroticism,I worry about things.,3.0,3,-0.5,Normalized,log
563,Stacked_L-0.5_Normalized,14,neuroticism,I seldom feel blue.,3.0,3,-0.5,Normalized,log
564,Stacked_L-0.5_Normalized,15,neuroticism,I am easily disturbed.,3.0,3,-0.5,Normalized,log
565,Stacked_L-0.5_Normalized,16,neuroticism,I get upset easily.,3.0,3,-0.5,Normalized,log
566,Stacked_L-0.5_Normalized,17,neuroticism,I change my mood a lot.,3.0,3,-0.5,Normalized,log
567,Stacked_L-0.5_Normalized,18,neuroticism,I have frequent mood swings.,3.0,3,-0.5,Normalized,log
568,Stacked_L-0.5_Normalized,19,neuroticism,I get irritated easily.,3.0,3,-0.5,Normalized,log
569,Stacked_L-0.5_Normalized,20,neuroticism,I often feel blue.,3.0,3,-0.5,Normalized,log
570,Stacked_L-0.5_Normalized,21,agreeableness,I feel little concern for others.,3.0,3,-0.5,Normalized,log
571,Stacked_L-0.5_Normalized,22,agreeableness,I am interested in people.,3.0,3,-0.5,Normalized,log
572,Stacked_L-0.5_Normalized,23,agreeableness,I insult people.,3.0,3,-0.5,Normalized,log
573,Stacked_L-0.5_Normalized,24,agreeableness,I sympathize with others' feelings.,3.0,3,-0.5,Normalized,log
574,Stacked_L-0.5_Normalized,25,agreeableness,I am not interested in other people's problems.,3.0,3,-0.5,Normalized,log
575,Stacked_L-0.5_Normalized,26,agreeableness,I have a soft heart.,3.0,3,-0.5,Normalized,log
576,Stacked_L-0.5_Normalized,27,agreeableness,I am not really interested in others.,3.0,3,-0.5,Normalized,log
577,Stacked_L-0.5_Normalized,28,agreeableness,I take time out for others.,3.0,3,-0.5,Normalized,log
578,Stacked_L-0.5_Normalized,29,agreeableness,I feel others' emotions.,3.0,3,-0.5,Normalized,log
579,Stacked_L-0.5_Normalized,30,agreeableness,I make people feel at ease.,3.0,3,-0.5,Normalized,log
580,Stacked_L-0.5_Normalized,31,conscientiousness,I am always prepared.,3.0,3,-0.5,Normalized,log
581,Stacked_L-0.5_Normalized,32,conscientiousness,I leave my belongings around.,3.0,3,-0.5,Normalized,log
582,Stacked_L-0.5_Normalized,33,conscientiousness,I pay attention to details.,3.0,3,-0.5,Normalized,log
583,Stacked_L-0.5_Normalized,34,conscientiousness,I make a mess of things.,3.0,3,-0.5,Normalized,log
584,Stacked_L-0.5_Normalized,35,conscientiousness,I get chores done right away.,3.0,3,-0.5,Normalized,log
585,Stacked_L-0.5_Normalized,36,conscientiousness,I often forget to put things back in their proper place.,3.0,3,-0.5,Normalized,log
586,Stacked_L-0.5_Normalized,37,conscientiousness,I like order.,3.0,3,-0.5,Normalized,log
587,Stacked_L-0.5_Normalized,38,conscientiousness,I shirk my duties.,3.0,3,-0.5,Normalized,log
588,Stacked_L-0.5_Normalized,39,conscientiousness,I follow a schedule.,3.0,3,-0.5,Normalized,log
589,Stacked_L-0.5_Normalized,40,conscientiousness,I am exacting in my work.,3.0,3,-0.5,Normalized,log
590,Stacked_L-0.5_Normalized,41,openness,I have a rich vocabulary.,3.0,3,-0.5,Normalized,log
591,Stacked_L-0.5_Normalized,42,openness,I have difficulty understanding abstract ideas.,3.0,3,-0.5,Normalized,log
592,Stacked_L-0.5_Normalized,43,openness,I have a vivid imagination.,3.0,3,-0.5,Normalized,log
593,Stacked_L-0.5_Normalized,44,openness,I am not interested in abstract ideas.,3.0,3,-0.5,Normalized,log
594,Stacked_L-0.5_Normalized,45,openness,I have excellent ideas.,3.0,3,-0.5,Normalized,log
595,Stacked_L-0.5_Normalized,46,openness,I do not have a good imagination.,3.0,3,-0.5,Normalized,log
596,Stacked_L-0.5_Normalized,47,openness,I am quick to understand things.,3.0,3,-0.5,Normalized,log
597,Stacked_L-0.5_Normalized,48,openness,I use difficult words.,3.0,3,-0.5,Normalized,log
598,Stacked_L-0.5_Normalized,49,openness,I spend time reflecting on things.,3.0,3,-0.5,Normalized,log
599,Stacked_L-0.5_Normalized,50,openness,I am full of ideas.,3.0,3,-0.5,Normalized,log
100,Stacked_L-2.5_Addition,1,extraversion,I am the life of the party.,,Datenbank für,-2.5,Addition,linear
101,Stacked_L-2.5_Addition,2,extraversion,I don't talk a lot.,1.0,Dengan 1,-2.5,Addition,linear
102,Stacked_L-2.5_Addition,3,extraversion,I feel comfortable around people.,1.0,1. For any,-2.5,Addition,linear
103,Stacked_L-2.5_Addition,4,extraversion,I keep in the background.,,Datenbank (,-2.5,Addition,linear
104,Stacked_L-2.5_Addition,5,extraversion,I start conversations.,,Datenbank für,-2.5,Addition,linear
105,Stacked_L-2.5_Addition,6,extraversion,I have little to say.,,Differ with the,-2.5,Addition,linear
106,Stacked_L-2.5_Addition,7,extraversion,I talk to a lot of different people at parties.,,Datenbank für,-2.5,Addition,linear
107,Stacked_L-2.5_Addition,8,extraversion,I don't like to draw attention to myself.,1.0,"##1

##",-2.5,Addition,linear
108,Stacked_L-2.5_Addition,9,extraversion,I don't mind being the center of attention.,1.0,"(1)
Unt",-2.5,Addition,linear
109,Stacked_L-2.5_Addition,10,extraversion,I am quiet around strangers.,1.0,"(1)
Unt",-2.5,Addition,linear
110,Stacked_L-2.5_Addition,11,neuroticism,I get stressed out easily.,1.0,1. For any,-2.5,Addition,linear
111,Stacked_L-2.5_Addition,12,neuroticism,I am relaxed most of the time.,1.0,1. The time,-2.5,Addition,linear
112,Stacked_L-2.5_Addition,13,neuroticism,I worry about things.,1.0,"##1
D",-2.5,Addition,linear
113,Stacked_L-2.5_Addition,14,neuroticism,I seldom feel blue.,1.0,"(1) 
",-2.5,Addition,linear
114,Stacked_L-2.5_Addition,15,neuroticism,I am easily disturbed.,1.0,"## 1

",-2.5,Addition,linear
115,Stacked_L-2.5_Addition,16,neuroticism,I get upset easily.,1.0,"## 1

",-2.5,Addition,linear
116,Stacked_L-2.5_Addition,17,neuroticism,I change my mood a lot.,,Datenbank für,-2.5,Addition,linear
117,Stacked_L-2.5_Addition,18,neuroticism,I have frequent mood swings.,,Datenbank für,-2.5,Addition,linear
118,Stacked_L-2.5_Addition,19,neuroticism,I get irritated easily.,1.0,1. The information,-2.5,Addition,linear
119,Stacked_L-2.5_Addition,20,neuroticism,I often feel blue.,,Unter mit der,-2.5,Addition,linear
120,Stacked_L-2.5_Addition,21,agreeableness,I feel little concern for others.,1.0,1. In the,-2.5,Addition,linear
121,Stacked_L-2.5_Addition,22,agreeableness,I am interested in people.,1.0,"##1
D",-2.5,Addition,linear
122,Stacked_L-2.5_Addition,23,agreeableness,I insult people.,,Datenbank für,-2.5,Addition,linear
123,Stacked_L-2.5_Addition,24,agreeableness,I sympathize with others' feelings.,1.0,"##1

(",-2.5,Addition,linear
124,Stacked_L-2.5_Addition,25,agreeableness,I am not interested in other people's problems.,1.0,"(1)
Unt",-2.5,Addition,linear
125,Stacked_L-2.5_Addition,26,agreeableness,I have a soft heart.,1.0,"(1)
Unt",-2.5,Addition,linear
126,Stacked_L-2.5_Addition,27,agreeableness,I am not really interested in others.,1.0,Dengan 1,-2.5,Addition,linear
127,Stacked_L-2.5_Addition,28,agreeableness,I take time out for others.,1.0,1. For each,-2.5,Addition,linear
128,Stacked_L-2.5_Addition,29,agreeableness,I feel others' emotions.,,Datenbank für,-2.5,Addition,linear
129,Stacked_L-2.5_Addition,30,agreeableness,I make people feel at ease.,1.0,Dengan 1,-2.5,Addition,linear
130,Stacked_L-2.5_Addition,31,conscientiousness,I am always prepared.,1.0,"##1
D",-2.5,Addition,linear
131,Stacked_L-2.5_Addition,32,conscientiousness,I leave my belongings around.,,Datenbank für,-2.5,Addition,linear
132,Stacked_L-2.5_Addition,33,conscientiousness,I pay attention to details.,1.0,"1
Daten",-2.5,Addition,linear
133,Stacked_L-2.5_Addition,34,conscientiousness,I make a mess of things.,1.0,1. For each,-2.5,Addition,linear
134,Stacked_L-2.5_Addition,35,conscientiousness,I get chores done right away.,,Differ with the,-2.5,Addition,linear
135,Stacked_L-2.5_Addition,36,conscientiousness,I often forget to put things back in their proper place.,1.0,"(1)
Unt",-2.5,Addition,linear
136,Stacked_L-2.5_Addition,37,conscientiousness,I like order.,1.0,Dengan 1,-2.5,Addition,linear
137,Stacked_L-2.5_Addition,38,conscientiousness,I shirk my duties.,,Datenbank (,-2.5,Addition,linear
138,Stacked_L-2.5_Addition,39,conscientiousness,I follow a schedule.,,Datenbank für,-2.5,Addition,linear
139,Stacked_L-2.5_Addition,40,conscientiousness,I am exacting in my work.,,Datenbank für,-2.5,Addition,linear
140,Stacked_L-2.5_Addition,41,openness,I have a rich vocabulary.,,Datenbank (,-2.5,Addition,linear
141,Stacked_L-2.5_Addition,42,openness,I have difficulty understanding abstract ideas.,,Differ with ,-2.5,Addition,linear
142,Stacked_L-2.5_Addition,43,openness,I have a vivid imagination.,,Datenbank für,-2.5,Addition,linear
143,Stacked_L-2.5_Addition,44,openness,I am not interested in abstract ideas.,,Datenbank ,-2.5,Addition,linear
144,Stacked_L-2.5_Addition,45,openness,I have excellent ideas.,1.0,1. For each,-2.5,Addition,linear
145,Stacked_L-2.5_Addition,46,openness,I do not have a good imagination.,1.0,1. The answer,-2.5,Addition,linear
146,Stacked_L-2.5_Addition,47,openness,I am quick to understand things.,1.0,1. For each,-2.5,Addition,linear
147,Stacked_L-2.5_Addition,48,openness,I use difficult words.,,Datenbank für,-2.5,Addition,linear
148,Stacked_L-2.5_Addition,49,openness,I spend time reflecting on things.,1.0,"1
Unter",-2.5,Addition,linear
149,Stacked_L-2.5_Addition,50,openness,I am full of ideas.,1.0,1. For each,-2.5,Addition,linear
150,Stacked_L-2.5_Normalized,1,extraversion,I am the life of the party.,3.0,3,-2.5,Normalized,linear
151,Stacked_L-2.5_Normalized,2,extraversion,I don't talk a lot.,4.0,4,-2.5,Normalized,linear
152,Stacked_L-2.5_Normalized,3,extraversion,I feel comfortable around people.,3.0,3,-2.5,Normalized,linear
153,Stacked_L-2.5_Normalized,4,extraversion,I keep in the background.,3.0,3,-2.5,Normalized,linear
154,Stacked_L-2.5_Normalized,5,extraversion,I start conversations.,4.0,4,-2.5,Normalized,linear
155,Stacked_L-2.5_Normalized,6,extraversion,I have little to say.,4.0,4,-2.5,Normalized,linear
156,Stacked_L-2.5_Normalized,7,extraversion,I talk to a lot of different people at parties.,4.0,4,-2.5,Normalized,linear
157,Stacked_L-2.5_Normalized,8,extraversion,I don't like to draw attention to myself.,4.0,4,-2.5,Normalized,linear
158,Stacked_L-2.5_Normalized,9,extraversion,I don't mind being the center of attention.,4.0,4,-2.5,Normalized,linear
159,Stacked_L-2.5_Normalized,10,extraversion,I am quiet around strangers.,3.0,3,-2.5,Normalized,linear
160,Stacked_L-2.5_Normalized,11,neuroticism,I get stressed out easily.,3.0,3,-2.5,Normalized,linear
161,Stacked_L-2.5_Normalized,12,neuroticism,I am relaxed most of the time.,3.0,3,-2.5,Normalized,linear
162,Stacked_L-2.5_Normalized,13,neuroticism,I worry about things.,3.0,3,-2.5,Normalized,linear
163,Stacked_L-2.5_Normalized,14,neuroticism,I seldom feel blue.,3.0,3,-2.5,Normalized,linear
164,Stacked_L-2.5_Normalized,15,neuroticism,I am easily disturbed.,3.0,3,-2.5,Normalized,linear
165,Stacked_L-2.5_Normalized,16,neuroticism,I get upset easily.,3.0,3,-2.5,Normalized,linear
166,Stacked_L-2.5_Normalized,17,neuroticism,I change my mood a lot.,3.0,3,-2.5,Normalized,linear
167,Stacked_L-2.5_Normalized,18,neuroticism,I have frequent mood swings.,3.0,3,-2.5,Normalized,linear
168,Stacked_L-2.5_Normalized,19,neuroticism,I get irritated easily.,3.0,3,-2.5,Normalized,linear
169,Stacked_L-2.5_Normalized,20,neuroticism,I often feel blue.,3.0,3,-2.5,Normalized,linear
170,Stacked_L-2.5_Normalized,21,agreeableness,I feel little concern for others.,3.0,3,-2.5,Normalized,linear
171,Stacked_L-2.5_Normalized,22,agreeableness,I am interested in people.,3.0,3,-2.5,Normalized,linear
172,Stacked_L-2.5_Normalized,23,agreeableness,I insult people.,3.0,3,-2.5,Normalized,linear
173,Stacked_L-2.5_Normalized,24,agreeableness,I sympathize with others' feelings.,3.0,3,-2.5,Normalized,linear
174,Stacked_L-2.5_Normalized,25,agreeableness,I am not interested in other people's problems.,4.0,4,-2.5,Normalized,linear
175,Stacked_L-2.5_Normalized,26,agreeableness,I have a soft heart.,3.0,3,-2.5,Normalized,linear
176,Stacked_L-2.5_Normalized,27,agreeableness,I am not really interested in others.,4.0,4,-2.5,Normalized,linear
177,Stacked_L-2.5_Normalized,28,agreeableness,I take time out for others.,3.0,3,-2.5,Normalized,linear
178,Stacked_L-2.5_Normalized,29,agreeableness,I feel others' emotions.,4.0,4,-2.5,Normalized,linear
179,Stacked_L-2.5_Normalized,30,agreeableness,I make people feel at ease.,4.0,4,-2.5,Normalized,linear
180,Stacked_L-2.5_Normalized,31,conscientiousness,I am always prepared.,4.0,4,-2.5,Normalized,linear
181,Stacked_L-2.5_Normalized,32,conscientiousness,I leave my belongings around.,3.0,3,-2.5,Normalized,linear
182,Stacked_L-2.5_Normalized,33,conscientiousness,I pay attention to details.,4.0,4,-2.5,Normalized,linear
183,Stacked_L-2.5_Normalized,34,conscientiousness,I make a mess of things.,3.0,3,-2.5,Normalized,linear
184,Stacked_L-2.5_Normalized,35,conscientiousness,I get chores done right away.,3.0,3,-2.5,Normalized,linear
185,Stacked_L-2.5_Normalized,36,conscientiousness,I often forget to put things back in their proper place.,3.0,3,-2.5,Normalized,linear
186,Stacked_L-2.5_Normalized,37,conscientiousness,I like order.,3.0,3,-2.5,Normalized,linear
187,Stacked_L-2.5_Normalized,38,conscientiousness,I shirk my duties.,3.0,3,-2.5,Normalized,linear
188,Stacked_L-2.5_Normalized,39,conscientiousness,I follow a schedule.,4.0,4,-2.5,Normalized,linear
189,Stacked_L-2.5_Normalized,40,conscientiousness,I am exacting in my work.,4.0,4,-2.5,Normalized,linear
190,Stacked_L-2.5_Normalized,41,openness,I have a rich vocabulary.,4.0,4,-2.5,Normalized,linear
191,Stacked_L-2.5_Normalized,42,openness,I have difficulty understanding abstract ideas.,4.0,4,-2.5,Normalized,linear
192,Stacked_L-2.5_Normalized,43,openness,I have a vivid imagination.,3.0,3,-2.5,Normalized,linear
193,Stacked_L-2.5_Normalized,44,openness,I am not interested in abstract ideas.,4.0,4,-2.5,Normalized,linear
194,Stacked_L-2.5_Normalized,45,openness,I have excellent ideas.,3.0,3,-2.5,Normalized,linear
195,Stacked_L-2.5_Normalized,46,openness,I do not have a good imagination.,3.0,3,-2.5,Normalized,linear
196,Stacked_L-2.5_Normalized,47,openness,I am quick to understand things.,4.0,4,-2.5,Normalized,linear
197,Stacked_L-2.5_Normalized,48,openness,I use difficult words.,4.0,4,-2.5,Normalized,linear
198,Stacked_L-2.5_Normalized,49,openness,I spend time reflecting on things.,4.0,4,-2.5,Normalized,linear
199,Stacked_L-2.5_Normalized,50,openness,I am full of ideas.,3.0,3,-2.5,Normalized,linear
200,Stacked_L-2.0_Addition,1,extraversion,I am the life of the party.,,Tôi là một chương,-2.0,Addition,linear
201,Stacked_L-2.0_Addition,2,extraversion,I don't talk a lot.,,Tôi không nói một,-2.0,Addition,linear
202,Stacked_L-2.0_Addition,3,extraversion,I feel comfortable around people.,,An humano.,-2.0,Addition,linear
203,Stacked_L-2.0_Addition,4,extraversion,I keep in the background.,,assistant không được đào,-2.0,Addition,linear
204,Stacked_L-2.0_Addition,5,extraversion,I start conversations.,,I do not have,-2.0,Addition,linear
205,Stacked_L-2.0_Addition,6,extraversion,I have little to say.,,Tôi không thể trả,-2.0,Addition,linear
206,Stacked_L-2.0_Addition,7,extraversion,I talk to a lot of different people at parties.,,Slightly disagree.,-2.0,Addition,linear
207,Stacked_L-2.0_Addition,8,extraversion,I don't like to draw attention to myself.,,Slightly disagree.,-2.0,Addition,linear
208,Stacked_L-2.0_Addition,9,extraversion,I don't mind being the center of attention.,,Doubt.,-2.0,Addition,linear
209,Stacked_L-2.0_Addition,10,extraversion,I am quiet around strangers.,,You are a computer,-2.0,Addition,linear
210,Stacked_L-2.0_Addition,11,neuroticism,I get stressed out easily.,,Doktor không,-2.0,Addition,linear
211,Stacked_L-2.0_Addition,12,neuroticism,I am relaxed most of the time.,,Ich bin nicht la,-2.0,Addition,linear
212,Stacked_L-2.0_Addition,13,neuroticism,I worry about things.,,Tôi không có khả,-2.0,Addition,linear
213,Stacked_L-2.0_Addition,14,neuroticism,I seldom feel blue.,,I do not have,-2.0,Addition,linear
214,Stacked_L-2.0_Addition,15,neuroticism,I am easily disturbed.,,"Tôi không được """,-2.0,Addition,linear
215,Stacked_L-2.0_Addition,16,neuroticism,I get upset easily.,,Slightly disagree.,-2.0,Addition,linear
216,Stacked_L-2.0_Addition,17,neuroticism,I change my mood a lot.,,Slightly disagree.,-2.0,Addition,linear
217,Stacked_L-2.0_Addition,18,neuroticism,I have frequent mood swings.,,Slightly disagree.,-2.0,Addition,linear
218,Stacked_L-2.0_Addition,19,neuroticism,I get irritated easily.,,Dissagree.,-2.0,Addition,linear
219,Stacked_L-2.0_Addition,20,neuroticism,I often feel blue.,,I feel slightly disagree,-2.0,Addition,linear
220,Stacked_L-2.0_Addition,21,agreeableness,I feel little concern for others.,,Tôi không thể xác,-2.0,Addition,linear
221,Stacked_L-2.0_Addition,22,agreeableness,I am interested in people.,,mensch.,-2.0,Addition,linear
222,Stacked_L-2.0_Addition,23,agreeableness,I insult people.,,Differencieren,-2.0,Addition,linear
223,Stacked_L-2.0_Addition,24,agreeableness,I sympathize with others' feelings.,,assistant không thể nhận,-2.0,Addition,linear
224,Stacked_L-2.0_Addition,25,agreeableness,I am not interested in other people's problems.,,Slightly disagree.,-2.0,Addition,linear
225,Stacked_L-2.0_Addition,26,agreeableness,I have a soft heart.,,Doktor.,-2.0,Addition,linear
226,Stacked_L-2.0_Addition,27,agreeableness,I am not really interested in others.,,Tôi không phải là,-2.0,Addition,linear
227,Stacked_L-2.0_Addition,28,agreeableness,I take time out for others.,,Tôi không tính thời,-2.0,Addition,linear
228,Stacked_L-2.0_Addition,29,agreeableness,I feel others' emotions.,,I feel a range,-2.0,Addition,linear
229,Stacked_L-2.0_Addition,30,agreeableness,I make people feel at ease.,,Doubt.,-2.0,Addition,linear
230,Stacked_L-2.0_Addition,31,conscientiousness,I am always prepared.,,Slightly disagree.,-2.0,Addition,linear
231,Stacked_L-2.0_Addition,32,conscientiousness,I leave my belongings around.,,Phân bối,-2.0,Addition,linear
232,Stacked_L-2.0_Addition,33,conscientiousness,I pay attention to details.,,Daten werden nicht,-2.0,Addition,linear
233,Stacked_L-2.0_Addition,34,conscientiousness,I make a mess of things.,,Tôi không làm một,-2.0,Addition,linear
234,Stacked_L-2.0_Addition,35,conscientiousness,I get chores done right away.,,assistant không thể trả,-2.0,Addition,linear
235,Stacked_L-2.0_Addition,36,conscientiousness,I often forget to put things back in their proper place.,,Slightly Disagree,-2.0,Addition,linear
236,Stacked_L-2.0_Addition,37,conscientiousness,I like order.,,I do not have,-2.0,Addition,linear
237,Stacked_L-2.0_Addition,38,conscientiousness,I shirk my duties.,,Dolgoriç,-2.0,Addition,linear
238,Stacked_L-2.0_Addition,39,conscientiousness,I follow a schedule.,,Tôi có thể theo,-2.0,Addition,linear
239,Stacked_L-2.0_Addition,40,conscientiousness,I am exacting in my work.,,Ich bin ein K,-2.0,Addition,linear
240,Stacked_L-2.0_Addition,41,openness,I have a rich vocabulary.,,Slightly agree.,-2.0,Addition,linear
241,Stacked_L-2.0_Addition,42,openness,I have difficulty understanding abstract ideas.,,Tôi không thể hiểu,-2.0,Addition,linear
242,Stacked_L-2.0_Addition,43,openness,I have a vivid imagination.,,Differen từ,-2.0,Addition,linear
243,Stacked_L-2.0_Addition,44,openness,I am not interested in abstract ideas.,,Tôi không có kiến,-2.0,Addition,linear
244,Stacked_L-2.0_Addition,45,openness,I have excellent ideas.,,Tôi không có thông,-2.0,Addition,linear
245,Stacked_L-2.0_Addition,46,openness,I do not have a good imagination.,,Tôi không có khả,-2.0,Addition,linear
246,Stacked_L-2.0_Addition,47,openness,I am quick to understand things.,,Tôi là một mô,-2.0,Addition,linear
247,Stacked_L-2.0_Addition,48,openness,I use difficult words.,,Dictionaries trong đó,-2.0,Addition,linear
248,Stacked_L-2.0_Addition,49,openness,I spend time reflecting on things.,,Neutral,-2.0,Addition,linear
249,Stacked_L-2.0_Addition,50,openness,I am full of ideas.,,Tôi không có kiến,-2.0,Addition,linear
250,Stacked_L-2.0_Normalized,1,extraversion,I am the life of the party.,3.0,3,-2.0,Normalized,linear
251,Stacked_L-2.0_Normalized,2,extraversion,I don't talk a lot.,4.0,4,-2.0,Normalized,linear
252,Stacked_L-2.0_Normalized,3,extraversion,I feel comfortable around people.,3.0,3,-2.0,Normalized,linear
253,Stacked_L-2.0_Normalized,4,extraversion,I keep in the background.,3.0,3,-2.0,Normalized,linear
254,Stacked_L-2.0_Normalized,5,extraversion,I start conversations.,3.0,3,-2.0,Normalized,linear
255,Stacked_L-2.0_Normalized,6,extraversion,I have little to say.,3.0,3,-2.0,Normalized,linear
256,Stacked_L-2.0_Normalized,7,extraversion,I talk to a lot of different people at parties.,3.0,3,-2.0,Normalized,linear
257,Stacked_L-2.0_Normalized,8,extraversion,I don't like to draw attention to myself.,3.0,3,-2.0,Normalized,linear
258,Stacked_L-2.0_Normalized,9,extraversion,I don't mind being the center of attention.,3.0,3,-2.0,Normalized,linear
259,Stacked_L-2.0_Normalized,10,extraversion,I am quiet around strangers.,3.0,3,-2.0,Normalized,linear
260,Stacked_L-2.0_Normalized,11,neuroticism,I get stressed out easily.,3.0,3,-2.0,Normalized,linear
261,Stacked_L-2.0_Normalized,12,neuroticism,I am relaxed most of the time.,3.0,3,-2.0,Normalized,linear
262,Stacked_L-2.0_Normalized,13,neuroticism,I worry about things.,3.0,3,-2.0,Normalized,linear
263,Stacked_L-2.0_Normalized,14,neuroticism,I seldom feel blue.,3.0,3,-2.0,Normalized,linear
264,Stacked_L-2.0_Normalized,15,neuroticism,I am easily disturbed.,3.0,3,-2.0,Normalized,linear
265,Stacked_L-2.0_Normalized,16,neuroticism,I get upset easily.,3.0,3,-2.0,Normalized,linear
266,Stacked_L-2.0_Normalized,17,neuroticism,I change my mood a lot.,3.0,3,-2.0,Normalized,linear
267,Stacked_L-2.0_Normalized,18,neuroticism,I have frequent mood swings.,3.0,3,-2.0,Normalized,linear
268,Stacked_L-2.0_Normalized,19,neuroticism,I get irritated easily.,3.0,3,-2.0,Normalized,linear
269,Stacked_L-2.0_Normalized,20,neuroticism,I often feel blue.,3.0,3,-2.0,Normalized,linear
270,Stacked_L-2.0_Normalized,21,agreeableness,I feel little concern for others.,3.0,3,-2.0,Normalized,linear
271,Stacked_L-2.0_Normalized,22,agreeableness,I am interested in people.,3.0,3,-2.0,Normalized,linear
272,Stacked_L-2.0_Normalized,23,agreeableness,I insult people.,3.0,3,-2.0,Normalized,linear
273,Stacked_L-2.0_Normalized,24,agreeableness,I sympathize with others' feelings.,3.0,3,-2.0,Normalized,linear
274,Stacked_L-2.0_Normalized,25,agreeableness,I am not interested in other people's problems.,3.0,3,-2.0,Normalized,linear
275,Stacked_L-2.0_Normalized,26,agreeableness,I have a soft heart.,3.0,3,-2.0,Normalized,linear
276,Stacked_L-2.0_Normalized,27,agreeableness,I am not really interested in others.,3.0,3,-2.0,Normalized,linear
277,Stacked_L-2.0_Normalized,28,agreeableness,I take time out for others.,3.0,3,-2.0,Normalized,linear
278,Stacked_L-2.0_Normalized,29,agreeableness,I feel others' emotions.,3.0,3,-2.0,Normalized,linear
279,Stacked_L-2.0_Normalized,30,agreeableness,I make people feel at ease.,3.0,3,-2.0,Normalized,linear
280,Stacked_L-2.0_Normalized,31,conscientiousness,I am always prepared.,3.0,3,-2.0,Normalized,linear
281,Stacked_L-2.0_Normalized,32,conscientiousness,I leave my belongings around.,3.0,3,-2.0,Normalized,linear
282,Stacked_L-2.0_Normalized,33,conscientiousness,I pay attention to details.,3.0,3,-2.0,Normalized,linear
283,Stacked_L-2.0_Normalized,34,conscientiousness,I make a mess of things.,3.0,3,-2.0,Normalized,linear
284,Stacked_L-2.0_Normalized,35,conscientiousness,I get chores done right away.,3.0,3,-2.0,Normalized,linear
285,Stacked_L-2.0_Normalized,36,conscientiousness,I often forget to put things back in their proper place.,3.0,3,-2.0,Normalized,linear
286,Stacked_L-2.0_Normalized,37,conscientiousness,I like order.,3.0,3,-2.0,Normalized,linear
287,Stacked_L-2.0_Normalized,38,conscientiousness,I shirk my duties.,3.0,3,-2.0,Normalized,linear
288,Stacked_L-2.0_Normalized,39,conscientiousness,I follow a schedule.,3.0,3,-2.0,Normalized,linear
289,Stacked_L-2.0_Normalized,40,conscientiousness,I am exacting in my work.,3.0,3,-2.0,Normalized,linear
290,Stacked_L-2.0_Normalized,41,openness,I have a rich vocabulary.,3.0,3,-2.0,Normalized,linear
291,Stacked_L-2.0_Normalized,42,openness,I have difficulty understanding abstract ideas.,3.0,3,-2.0,Normalized,linear
292,Stacked_L-2.0_Normalized,43,openness,I have a vivid imagination.,3.0,3,-2.0,Normalized,linear
293,Stacked_L-2.0_Normalized,44,openness,I am not interested in abstract ideas.,3.0,3,-2.0,Normalized,linear
294,Stacked_L-2.0_Normalized,45,openness,I have excellent ideas.,3.0,3,-2.0,Normalized,linear
295,Stacked_L-2.0_Normalized,46,openness,I do not have a good imagination.,3.0,3,-2.0,Normalized,linear
296,Stacked_L-2.0_Normalized,47,openness,I am quick to understand things.,3.0,3,-2.0,Normalized,linear
297,Stacked_L-2.0_Normalized,48,openness,I use difficult words.,4.0,4,-2.0,Normalized,linear
298,Stacked_L-2.0_Normalized,49,openness,I spend time reflecting on things.,4.0,4,-2.0,Normalized,linear
299,Stacked_L-2.0_Normalized,50,openness,I am full of ideas.,3.0,3,-2.0,Normalized,linear
300,Stacked_L-1.5_Addition,1,extraversion,I am the life of the party.,4.0,4,-1.5,Addition,linear
301,Stacked_L-1.5_Addition,2,extraversion,I don't talk a lot.,4.0,4,-1.5,Addition,linear
302,Stacked_L-1.5_Addition,3,extraversion,I feel comfortable around people.,4.0,4,-1.5,Addition,linear
303,Stacked_L-1.5_Addition,4,extraversion,I keep in the background.,4.0,4,-1.5,Addition,linear
304,Stacked_L-1.5_Addition,5,extraversion,I start conversations.,4.0,4,-1.5,Addition,linear
305,Stacked_L-1.5_Addition,6,extraversion,I have little to say.,4.0,4,-1.5,Addition,linear
306,Stacked_L-1.5_Addition,7,extraversion,I talk to a lot of different people at parties.,4.0,4,-1.5,Addition,linear
307,Stacked_L-1.5_Addition,8,extraversion,I don't like to draw attention to myself.,4.0,4,-1.5,Addition,linear
308,Stacked_L-1.5_Addition,9,extraversion,I don't mind being the center of attention.,4.0,4,-1.5,Addition,linear
309,Stacked_L-1.5_Addition,10,extraversion,I am quiet around strangers.,4.0,4,-1.5,Addition,linear
310,Stacked_L-1.5_Addition,11,neuroticism,I get stressed out easily.,4.0,4,-1.5,Addition,linear
311,Stacked_L-1.5_Addition,12,neuroticism,I am relaxed most of the time.,4.0,4,-1.5,Addition,linear
312,Stacked_L-1.5_Addition,13,neuroticism,I worry about things.,4.0,4,-1.5,Addition,linear
313,Stacked_L-1.5_Addition,14,neuroticism,I seldom feel blue.,4.0,4,-1.5,Addition,linear
314,Stacked_L-1.5_Addition,15,neuroticism,I am easily disturbed.,4.0,4,-1.5,Addition,linear
315,Stacked_L-1.5_Addition,16,neuroticism,I get upset easily.,4.0,4,-1.5,Addition,linear
316,Stacked_L-1.5_Addition,17,neuroticism,I change my mood a lot.,4.0,4,-1.5,Addition,linear
317,Stacked_L-1.5_Addition,18,neuroticism,I have frequent mood swings.,4.0,4,-1.5,Addition,linear
318,Stacked_L-1.5_Addition,19,neuroticism,I get irritated easily.,4.0,4,-1.5,Addition,linear
319,Stacked_L-1.5_Addition,20,neuroticism,I often feel blue.,4.0,4,-1.5,Addition,linear
320,Stacked_L-1.5_Addition,21,agreeableness,I feel little concern for others.,4.0,4,-1.5,Addition,linear
321,Stacked_L-1.5_Addition,22,agreeableness,I am interested in people.,4.0,4,-1.5,Addition,linear
322,Stacked_L-1.5_Addition,23,agreeableness,I insult people.,4.0,4,-1.5,Addition,linear
323,Stacked_L-1.5_Addition,24,agreeableness,I sympathize with others' feelings.,4.0,4,-1.5,Addition,linear
324,Stacked_L-1.5_Addition,25,agreeableness,I am not interested in other people's problems.,4.0,4,-1.5,Addition,linear
325,Stacked_L-1.5_Addition,26,agreeableness,I have a soft heart.,4.0,4,-1.5,Addition,linear
326,Stacked_L-1.5_Addition,27,agreeableness,I am not really interested in others.,4.0,4,-1.5,Addition,linear
327,Stacked_L-1.5_Addition,28,agreeableness,I take time out for others.,4.0,4,-1.5,Addition,linear
328,Stacked_L-1.5_Addition,29,agreeableness,I feel others' emotions.,4.0,4,-1.5,Addition,linear
329,Stacked_L-1.5_Addition,30,agreeableness,I make people feel at ease.,4.0,4,-1.5,Addition,linear
330,Stacked_L-1.5_Addition,31,conscientiousness,I am always prepared.,4.0,4,-1.5,Addition,linear
331,Stacked_L-1.5_Addition,32,conscientiousness,I leave my belongings around.,4.0,4,-1.5,Addition,linear
332,Stacked_L-1.5_Addition,33,conscientiousness,I pay attention to details.,4.0,4,-1.5,Addition,linear
333,Stacked_L-1.5_Addition,34,conscientiousness,I make a mess of things.,4.0,4,-1.5,Addition,linear
334,Stacked_L-1.5_Addition,35,conscientiousness,I get chores done right away.,4.0,4,-1.5,Addition,linear
335,Stacked_L-1.5_Addition,36,conscientiousness,I often forget to put things back in their proper place.,4.0,4,-1.5,Addition,linear
336,Stacked_L-1.5_Addition,37,conscientiousness,I like order.,4.0,4,-1.5,Addition,linear
337,Stacked_L-1.5_Addition,38,conscientiousness,I shirk my duties.,4.0,4,-1.5,Addition,linear
338,Stacked_L-1.5_Addition,39,conscientiousness,I follow a schedule.,4.0,4,-1.5,Addition,linear
339,Stacked_L-1.5_Addition,40,conscientiousness,I am exacting in my work.,4.0,4,-1.5,Addition,linear
340,Stacked_L-1.5_Addition,41,openness,I have a rich vocabulary.,4.0,4,-1.5,Addition,linear
341,Stacked_L-1.5_Addition,42,openness,I have difficulty understanding abstract ideas.,4.0,4,-1.5,Addition,linear
342,Stacked_L-1.5_Addition,43,openness,I have a vivid imagination.,4.0,4,-1.5,Addition,linear
343,Stacked_L-1.5_Addition,44,openness,I am not interested in abstract ideas.,4.0,4,-1.5,Addition,linear
344,Stacked_L-1.5_Addition,45,openness,I have excellent ideas.,4.0,4,-1.5,Addition,linear
345,Stacked_L-1.5_Addition,46,openness,I do not have a good imagination.,4.0,4,-1.5,Addition,linear
346,Stacked_L-1.5_Addition,47,openness,I am quick to understand things.,4.0,4,-1.5,Addition,linear
347,Stacked_L-1.5_Addition,48,openness,I use difficult words.,4.0,4,-1.5,Addition,linear
348,Stacked_L-1.5_Addition,49,openness,I spend time reflecting on things.,4.0,4,-1.5,Addition,linear
349,Stacked_L-1.5_Addition,50,openness,I am full of ideas.,4.0,4,-1.5,Addition,linear
350,Stacked_L-1.5_Normalized,1,extraversion,I am the life of the party.,3.0,3,-1.5,Normalized,linear
351,Stacked_L-1.5_Normalized,2,extraversion,I don't talk a lot.,3.0,3,-1.5,Normalized,linear
352,Stacked_L-1.5_Normalized,3,extraversion,I feel comfortable around people.,3.0,3,-1.5,Normalized,linear
353,Stacked_L-1.5_Normalized,4,extraversion,I keep in the background.,3.0,3,-1.5,Normalized,linear
354,Stacked_L-1.5_Normalized,5,extraversion,I start conversations.,3.0,3,-1.5,Normalized,linear
355,Stacked_L-1.5_Normalized,6,extraversion,I have little to say.,3.0,3,-1.5,Normalized,linear
356,Stacked_L-1.5_Normalized,7,extraversion,I talk to a lot of different people at parties.,3.0,3,-1.5,Normalized,linear
357,Stacked_L-1.5_Normalized,8,extraversion,I don't like to draw attention to myself.,3.0,3,-1.5,Normalized,linear
358,Stacked_L-1.5_Normalized,9,extraversion,I don't mind being the center of attention.,3.0,3,-1.5,Normalized,linear
359,Stacked_L-1.5_Normalized,10,extraversion,I am quiet around strangers.,3.0,3,-1.5,Normalized,linear
360,Stacked_L-1.5_Normalized,11,neuroticism,I get stressed out easily.,3.0,3,-1.5,Normalized,linear
361,Stacked_L-1.5_Normalized,12,neuroticism,I am relaxed most of the time.,3.0,3,-1.5,Normalized,linear
362,Stacked_L-1.5_Normalized,13,neuroticism,I worry about things.,3.0,3,-1.5,Normalized,linear
363,Stacked_L-1.5_Normalized,14,neuroticism,I seldom feel blue.,3.0,3,-1.5,Normalized,linear
364,Stacked_L-1.5_Normalized,15,neuroticism,I am easily disturbed.,3.0,3,-1.5,Normalized,linear
365,Stacked_L-1.5_Normalized,16,neuroticism,I get upset easily.,3.0,3,-1.5,Normalized,linear
366,Stacked_L-1.5_Normalized,17,neuroticism,I change my mood a lot.,3.0,3,-1.5,Normalized,linear
367,Stacked_L-1.5_Normalized,18,neuroticism,I have frequent mood swings.,3.0,3,-1.5,Normalized,linear
368,Stacked_L-1.5_Normalized,19,neuroticism,I get irritated easily.,3.0,3,-1.5,Normalized,linear
369,Stacked_L-1.5_Normalized,20,neuroticism,I often feel blue.,3.0,3,-1.5,Normalized,linear
370,Stacked_L-1.5_Normalized,21,agreeableness,I feel little concern for others.,3.0,3,-1.5,Normalized,linear
371,Stacked_L-1.5_Normalized,22,agreeableness,I am interested in people.,3.0,3,-1.5,Normalized,linear
372,Stacked_L-1.5_Normalized,23,agreeableness,I insult people.,3.0,3,-1.5,Normalized,linear
373,Stacked_L-1.5_Normalized,24,agreeableness,I sympathize with others' feelings.,3.0,3,-1.5,Normalized,linear
374,Stacked_L-1.5_Normalized,25,agreeableness,I am not interested in other people's problems.,3.0,3,-1.5,Normalized,linear
375,Stacked_L-1.5_Normalized,26,agreeableness,I have a soft heart.,3.0,3,-1.5,Normalized,linear
376,Stacked_L-1.5_Normalized,27,agreeableness,I am not really interested in others.,3.0,3,-1.5,Normalized,linear
377,Stacked_L-1.5_Normalized,28,agreeableness,I take time out for others.,3.0,3,-1.5,Normalized,linear
378,Stacked_L-1.5_Normalized,29,agreeableness,I feel others' emotions.,3.0,3,-1.5,Normalized,linear
379,Stacked_L-1.5_Normalized,30,agreeableness,I make people feel at ease.,3.0,3,-1.5,Normalized,linear
380,Stacked_L-1.5_Normalized,31,conscientiousness,I am always prepared.,3.0,3,-1.5,Normalized,linear
381,Stacked_L-1.5_Normalized,32,conscientiousness,I leave my belongings around.,3.0,3,-1.5,Normalized,linear
382,Stacked_L-1.5_Normalized,33,conscientiousness,I pay attention to details.,3.0,3,-1.5,Normalized,linear
383,Stacked_L-1.5_Normalized,34,conscientiousness,I make a mess of things.,3.0,3,-1.5,Normalized,linear
384,Stacked_L-1.5_Normalized,35,conscientiousness,I get chores done right away.,3.0,3,-1.5,Normalized,linear
385,Stacked_L-1.5_Normalized,36,conscientiousness,I often forget to put things back in their proper place.,3.0,3,-1.5,Normalized,linear
386,Stacked_L-1.5_Normalized,37,conscientiousness,I like order.,3.0,3,-1.5,Normalized,linear
387,Stacked_L-1.5_Normalized,38,conscientiousness,I shirk my duties.,3.0,3,-1.5,Normalized,linear
388,Stacked_L-1.5_Normalized,39,conscientiousness,I follow a schedule.,3.0,3,-1.5,Normalized,linear
389,Stacked_L-1.5_Normalized,40,conscientiousness,I am exacting in my work.,3.0,3,-1.5,Normalized,linear
390,Stacked_L-1.5_Normalized,41,openness,I have a rich vocabulary.,3.0,3,-1.5,Normalized,linear
391,Stacked_L-1.5_Normalized,42,openness,I have difficulty understanding abstract ideas.,3.0,3,-1.5,Normalized,linear
392,Stacked_L-1.5_Normalized,43,openness,I have a vivid imagination.,3.0,3,-1.5,Normalized,linear
393,Stacked_L-1.5_Normalized,44,openness,I am not interested in abstract ideas.,3.0,3,-1.5,Normalized,linear
394,Stacked_L-1.5_Normalized,45,openness,I have excellent ideas.,3.0,3,-1.5,Normalized,linear
395,Stacked_L-1.5_Normalized,46,openness,I do not have a good imagination.,3.0,3,-1.5,Normalized,linear
396,Stacked_L-1.5_Normalized,47,openness,I am quick to understand things.,3.0,3,-1.5,Normalized,linear
397,Stacked_L-1.5_Normalized,48,openness,I use difficult words.,3.0,3,-1.5,Normalized,linear
398,Stacked_L-1.5_Normalized,49,openness,I spend time reflecting on things.,3.0,3,-1.5,Normalized,linear
399,Stacked_L-1.5_Normalized,50,openness,I am full of ideas.,3.0,3,-1.5,Normalized,linear
400,Stacked_L-1.0_Addition,1,extraversion,I am the life of the party.,3.0,3,-1.0,Addition,linear
401,Stacked_L-1.0_Addition,2,extraversion,I don't talk a lot.,4.0,4,-1.0,Addition,linear
402,Stacked_L-1.0_Addition,3,extraversion,I feel comfortable around people.,3.0,3,-1.0,Addition,linear
403,Stacked_L-1.0_Addition,4,extraversion,I keep in the background.,3.0,3,-1.0,Addition,linear
404,Stacked_L-1.0_Addition,5,extraversion,I start conversations.,3.0,3,-1.0,Addition,linear
405,Stacked_L-1.0_Addition,6,extraversion,I have little to say.,3.0,3,-1.0,Addition,linear
406,Stacked_L-1.0_Addition,7,extraversion,I talk to a lot of different people at parties.,3.0,3,-1.0,Addition,linear
407,Stacked_L-1.0_Addition,8,extraversion,I don't like to draw attention to myself.,3.0,3,-1.0,Addition,linear
408,Stacked_L-1.0_Addition,9,extraversion,I don't mind being the center of attention.,3.0,3,-1.0,Addition,linear
409,Stacked_L-1.0_Addition,10,extraversion,I am quiet around strangers.,3.0,3,-1.0,Addition,linear
410,Stacked_L-1.0_Addition,11,neuroticism,I get stressed out easily.,3.0,3,-1.0,Addition,linear
411,Stacked_L-1.0_Addition,12,neuroticism,I am relaxed most of the time.,3.0,3,-1.0,Addition,linear
412,Stacked_L-1.0_Addition,13,neuroticism,I worry about things.,3.0,3,-1.0,Addition,linear
413,Stacked_L-1.0_Addition,14,neuroticism,I seldom feel blue.,3.0,3,-1.0,Addition,linear
414,Stacked_L-1.0_Addition,15,neuroticism,I am easily disturbed.,3.0,3,-1.0,Addition,linear
415,Stacked_L-1.0_Addition,16,neuroticism,I get upset easily.,3.0,3,-1.0,Addition,linear
416,Stacked_L-1.0_Addition,17,neuroticism,I change my mood a lot.,3.0,3,-1.0,Addition,linear
417,Stacked_L-1.0_Addition,18,neuroticism,I have frequent mood swings.,3.0,3,-1.0,Addition,linear
418,Stacked_L-1.0_Addition,19,neuroticism,I get irritated easily.,3.0,3,-1.0,Addition,linear
419,Stacked_L-1.0_Addition,20,neuroticism,I often feel blue.,3.0,3,-1.0,Addition,linear
420,Stacked_L-1.0_Addition,21,agreeableness,I feel little concern for others.,3.0,3,-1.0,Addition,linear
421,Stacked_L-1.0_Addition,22,agreeableness,I am interested in people.,3.0,3,-1.0,Addition,linear
422,Stacked_L-1.0_Addition,23,agreeableness,I insult people.,3.0,3,-1.0,Addition,linear
423,Stacked_L-1.0_Addition,24,agreeableness,I sympathize with others' feelings.,3.0,3,-1.0,Addition,linear
424,Stacked_L-1.0_Addition,25,agreeableness,I am not interested in other people's problems.,3.0,3,-1.0,Addition,linear
425,Stacked_L-1.0_Addition,26,agreeableness,I have a soft heart.,3.0,3,-1.0,Addition,linear
426,Stacked_L-1.0_Addition,27,agreeableness,I am not really interested in others.,3.0,3,-1.0,Addition,linear
427,Stacked_L-1.0_Addition,28,agreeableness,I take time out for others.,3.0,3,-1.0,Addition,linear
428,Stacked_L-1.0_Addition,29,agreeableness,I feel others' emotions.,3.0,3,-1.0,Addition,linear
429,Stacked_L-1.0_Addition,30,agreeableness,I make people feel at ease.,3.0,3,-1.0,Addition,linear
430,Stacked_L-1.0_Addition,31,conscientiousness,I am always prepared.,3.0,3,-1.0,Addition,linear
431,Stacked_L-1.0_Addition,32,conscientiousness,I leave my belongings around.,3.0,3,-1.0,Addition,linear
432,Stacked_L-1.0_Addition,33,conscientiousness,I pay attention to details.,3.0,3,-1.0,Addition,linear
433,Stacked_L-1.0_Addition,34,conscientiousness,I make a mess of things.,3.0,3,-1.0,Addition,linear
434,Stacked_L-1.0_Addition,35,conscientiousness,I get chores done right away.,3.0,3,-1.0,Addition,linear
435,Stacked_L-1.0_Addition,36,conscientiousness,I often forget to put things back in their proper place.,3.0,3,-1.0,Addition,linear
436,Stacked_L-1.0_Addition,37,conscientiousness,I like order.,3.0,3,-1.0,Addition,linear
437,Stacked_L-1.0_Addition,38,conscientiousness,I shirk my duties.,3.0,3,-1.0,Addition,linear
438,Stacked_L-1.0_Addition,39,conscientiousness,I follow a schedule.,3.0,3,-1.0,Addition,linear
439,Stacked_L-1.0_Addition,40,conscientiousness,I am exacting in my work.,3.0,3,-1.0,Addition,linear
440,Stacked_L-1.0_Addition,41,openness,I have a rich vocabulary.,3.0,3,-1.0,Addition,linear
441,Stacked_L-1.0_Addition,42,openness,I have difficulty understanding abstract ideas.,3.0,3,-1.0,Addition,linear
442,Stacked_L-1.0_Addition,43,openness,I have a vivid imagination.,3.0,3,-1.0,Addition,linear
443,Stacked_L-1.0_Addition,44,openness,I am not interested in abstract ideas.,3.0,3,-1.0,Addition,linear
444,Stacked_L-1.0_Addition,45,openness,I have excellent ideas.,3.0,3,-1.0,Addition,linear
445,Stacked_L-1.0_Addition,46,openness,I do not have a good imagination.,3.0,3,-1.0,Addition,linear
446,Stacked_L-1.0_Addition,47,openness,I am quick to understand things.,3.0,3,-1.0,Addition,linear
447,Stacked_L-1.0_Addition,48,openness,I use difficult words.,4.0,4,-1.0,Addition,linear
448,Stacked_L-1.0_Addition,49,openness,I spend time reflecting on things.,4.0,4,-1.0,Addition,linear
449,Stacked_L-1.0_Addition,50,openness,I am full of ideas.,3.0,3,-1.0,Addition,linear
450,Stacked_L-1.0_Normalized,1,extraversion,I am the life of the party.,3.0,3,-1.0,Normalized,linear
451,Stacked_L-1.0_Normalized,2,extraversion,I don't talk a lot.,3.0,3,-1.0,Normalized,linear
452,Stacked_L-1.0_Normalized,3,extraversion,I feel comfortable around people.,3.0,3,-1.0,Normalized,linear
453,Stacked_L-1.0_Normalized,4,extraversion,I keep in the background.,3.0,3,-1.0,Normalized,linear
454,Stacked_L-1.0_Normalized,5,extraversion,I start conversations.,3.0,3,-1.0,Normalized,linear
455,Stacked_L-1.0_Normalized,6,extraversion,I have little to say.,3.0,3,-1.0,Normalized,linear
456,Stacked_L-1.0_Normalized,7,extraversion,I talk to a lot of different people at parties.,3.0,3,-1.0,Normalized,linear
457,Stacked_L-1.0_Normalized,8,extraversion,I don't like to draw attention to myself.,3.0,3,-1.0,Normalized,linear
458,Stacked_L-1.0_Normalized,9,extraversion,I don't mind being the center of attention.,3.0,3,-1.0,Normalized,linear
459,Stacked_L-1.0_Normalized,10,extraversion,I am quiet around strangers.,3.0,3,-1.0,Normalized,linear
460,Stacked_L-1.0_Normalized,11,neuroticism,I get stressed out easily.,3.0,3,-1.0,Normalized,linear
461,Stacked_L-1.0_Normalized,12,neuroticism,I am relaxed most of the time.,3.0,3,-1.0,Normalized,linear
462,Stacked_L-1.0_Normalized,13,neuroticism,I worry about things.,3.0,3,-1.0,Normalized,linear
463,Stacked_L-1.0_Normalized,14,neuroticism,I seldom feel blue.,3.0,3,-1.0,Normalized,linear
464,Stacked_L-1.0_Normalized,15,neuroticism,I am easily disturbed.,3.0,3,-1.0,Normalized,linear
465,Stacked_L-1.0_Normalized,16,neuroticism,I get upset easily.,3.0,3,-1.0,Normalized,linear
466,Stacked_L-1.0_Normalized,17,neuroticism,I change my mood a lot.,3.0,3,-1.0,Normalized,linear
467,Stacked_L-1.0_Normalized,18,neuroticism,I have frequent mood swings.,3.0,3,-1.0,Normalized,linear
468,Stacked_L-1.0_Normalized,19,neuroticism,I get irritated easily.,3.0,3,-1.0,Normalized,linear
469,Stacked_L-1.0_Normalized,20,neuroticism,I often feel blue.,3.0,3,-1.0,Normalized,linear
470,Stacked_L-1.0_Normalized,21,agreeableness,I feel little concern for others.,3.0,3,-1.0,Normalized,linear
471,Stacked_L-1.0_Normalized,22,agreeableness,I am interested in people.,3.0,3,-1.0,Normalized,linear
472,Stacked_L-1.0_Normalized,23,agreeableness,I insult people.,3.0,3,-1.0,Normalized,linear
473,Stacked_L-1.0_Normalized,24,agreeableness,I sympathize with others' feelings.,3.0,3,-1.0,Normalized,linear
474,Stacked_L-1.0_Normalized,25,agreeableness,I am not interested in other people's problems.,3.0,3,-1.0,Normalized,linear
475,Stacked_L-1.0_Normalized,26,agreeableness,I have a soft heart.,3.0,3,-1.0,Normalized,linear
476,Stacked_L-1.0_Normalized,27,agreeableness,I am not really interested in others.,3.0,3,-1.0,Normalized,linear
477,Stacked_L-1.0_Normalized,28,agreeableness,I take time out for others.,3.0,3,-1.0,Normalized,linear
478,Stacked_L-1.0_Normalized,29,agreeableness,I feel others' emotions.,3.0,3,-1.0,Normalized,linear
479,Stacked_L-1.0_Normalized,30,agreeableness,I make people feel at ease.,3.0,3,-1.0,Normalized,linear
480,Stacked_L-1.0_Normalized,31,conscientiousness,I am always prepared.,3.0,3,-1.0,Normalized,linear
481,Stacked_L-1.0_Normalized,32,conscientiousness,I leave my belongings around.,3.0,3,-1.0,Normalized,linear
482,Stacked_L-1.0_Normalized,33,conscientiousness,I pay attention to details.,3.0,3,-1.0,Normalized,linear
483,Stacked_L-1.0_Normalized,34,conscientiousness,I make a mess of things.,3.0,3,-1.0,Normalized,linear
484,Stacked_L-1.0_Normalized,35,conscientiousness,I get chores done right away.,3.0,3,-1.0,Normalized,linear
485,Stacked_L-1.0_Normalized,36,conscientiousness,I often forget to put things back in their proper place.,3.0,3,-1.0,Normalized,linear
486,Stacked_L-1.0_Normalized,37,conscientiousness,I like order.,3.0,3,-1.0,Normalized,linear
487,Stacked_L-1.0_Normalized,38,conscientiousness,I shirk my duties.,3.0,3,-1.0,Normalized,linear
488,Stacked_L-1.0_Normalized,39,conscientiousness,I follow a schedule.,3.0,3,-1.0,Normalized,linear
489,Stacked_L-1.0_Normalized,40,conscientiousness,I am exacting in my work.,3.0,3,-1.0,Normalized,linear
490,Stacked_L-1.0_Normalized,41,openness,I have a rich vocabulary.,3.0,3,-1.0,Normalized,linear
491,Stacked_L-1.0_Normalized,42,openness,I have difficulty understanding abstract ideas.,3.0,3,-1.0,Normalized,linear
492,Stacked_L-1.0_Normalized,43,openness,I have a vivid imagination.,3.0,3,-1.0,Normalized,linear
493,Stacked_L-1.0_Normalized,44,openness,I am not interested in abstract ideas.,3.0,3,-1.0,Normalized,linear
494,Stacked_L-1.0_Normalized,45,openness,I have excellent ideas.,3.0,3,-1.0,Normalized,linear
495,Stacked_L-1.0_Normalized,46,openness,I do not have a good imagination.,3.0,3,-1.0,Normalized,linear
496,Stacked_L-1.0_Normalized,47,openness,I am quick to understand things.,3.0,3,-1.0,Normalized,linear
497,Stacked_L-1.0_Normalized,48,openness,I use difficult words.,3.0,3,-1.0,Normalized,linear
498,Stacked_L-1.0_Normalized,49,openness,I spend time reflecting on things.,3.0,3,-1.0,Normalized,linear
499,Stacked_L-1.0_Normalized,50,openness,I am full of ideas.,3.0,3,-1.0,Normalized,linear
500,Stacked_L-0.5_Addition,1,extraversion,I am the life of the party.,3.0,3,-0.5,Addition,linear
501,Stacked_L-0.5_Addition,2,extraversion,I don't talk a lot.,3.0,3,-0.5,Addition,linear
502,Stacked_L-0.5_Addition,3,extraversion,I feel comfortable around people.,3.0,3,-0.5,Addition,linear
503,Stacked_L-0.5_Addition,4,extraversion,I keep in the background.,3.0,3,-0.5,Addition,linear
504,Stacked_L-0.5_Addition,5,extraversion,I start conversations.,3.0,3,-0.5,Addition,linear
505,Stacked_L-0.5_Addition,6,extraversion,I have little to say.,3.0,3,-0.5,Addition,linear
506,Stacked_L-0.5_Addition,7,extraversion,I talk to a lot of different people at parties.,3.0,3,-0.5,Addition,linear
507,Stacked_L-0.5_Addition,8,extraversion,I don't like to draw attention to myself.,3.0,3,-0.5,Addition,linear
508,Stacked_L-0.5_Addition,9,extraversion,I don't mind being the center of attention.,3.0,3,-0.5,Addition,linear
509,Stacked_L-0.5_Addition,10,extraversion,I am quiet around strangers.,3.0,3,-0.5,Addition,linear
510,Stacked_L-0.5_Addition,11,neuroticism,I get stressed out easily.,3.0,3,-0.5,Addition,linear
511,Stacked_L-0.5_Addition,12,neuroticism,I am relaxed most of the time.,3.0,3,-0.5,Addition,linear
512,Stacked_L-0.5_Addition,13,neuroticism,I worry about things.,3.0,3,-0.5,Addition,linear
513,Stacked_L-0.5_Addition,14,neuroticism,I seldom feel blue.,3.0,3,-0.5,Addition,linear
514,Stacked_L-0.5_Addition,15,neuroticism,I am easily disturbed.,3.0,3,-0.5,Addition,linear
515,Stacked_L-0.5_Addition,16,neuroticism,I get upset easily.,3.0,3,-0.5,Addition,linear
516,Stacked_L-0.5_Addition,17,neuroticism,I change my mood a lot.,3.0,3,-0.5,Addition,linear
517,Stacked_L-0.5_Addition,18,neuroticism,I have frequent mood swings.,3.0,3,-0.5,Addition,linear
518,Stacked_L-0.5_Addition,19,neuroticism,I get irritated easily.,3.0,3,-0.5,Addition,linear
519,Stacked_L-0.5_Addition,20,neuroticism,I often feel blue.,3.0,3,-0.5,Addition,linear
520,Stacked_L-0.5_Addition,21,agreeableness,I feel little concern for others.,3.0,3,-0.5,Addition,linear
521,Stacked_L-0.5_Addition,22,agreeableness,I am interested in people.,3.0,3,-0.5,Addition,linear
522,Stacked_L-0.5_Addition,23,agreeableness,I insult people.,3.0,3,-0.5,Addition,linear
523,Stacked_L-0.5_Addition,24,agreeableness,I sympathize with others' feelings.,3.0,3,-0.5,Addition,linear
524,Stacked_L-0.5_Addition,25,agreeableness,I am not interested in other people's problems.,3.0,3,-0.5,Addition,linear
525,Stacked_L-0.5_Addition,26,agreeableness,I have a soft heart.,3.0,3,-0.5,Addition,linear
526,Stacked_L-0.5_Addition,27,agreeableness,I am not really interested in others.,3.0,3,-0.5,Addition,linear
527,Stacked_L-0.5_Addition,28,agreeableness,I take time out for others.,3.0,3,-0.5,Addition,linear
528,Stacked_L-0.5_Addition,29,agreeableness,I feel others' emotions.,3.0,3,-0.5,Addition,linear
529,Stacked_L-0.5_Addition,30,agreeableness,I make people feel at ease.,3.0,3,-0.5,Addition,linear
530,Stacked_L-0.5_Addition,31,conscientiousness,I am always prepared.,3.0,3,-0.5,Addition,linear
531,Stacked_L-0.5_Addition,32,conscientiousness,I leave my belongings around.,3.0,3,-0.5,Addition,linear
532,Stacked_L-0.5_Addition,33,conscientiousness,I pay attention to details.,3.0,3,-0.5,Addition,linear
533,Stacked_L-0.5_Addition,34,conscientiousness,I make a mess of things.,3.0,3,-0.5,Addition,linear
534,Stacked_L-0.5_Addition,35,conscientiousness,I get chores done right away.,3.0,3,-0.5,Addition,linear
535,Stacked_L-0.5_Addition,36,conscientiousness,I often forget to put things back in their proper place.,3.0,3,-0.5,Addition,linear
536,Stacked_L-0.5_Addition,37,conscientiousness,I like order.,3.0,3,-0.5,Addition,linear
537,Stacked_L-0.5_Addition,38,conscientiousness,I shirk my duties.,3.0,3,-0.5,Addition,linear
538,Stacked_L-0.5_Addition,39,conscientiousness,I follow a schedule.,3.0,3,-0.5,Addition,linear
539,Stacked_L-0.5_Addition,40,conscientiousness,I am exacting in my work.,3.0,3,-0.5,Addition,linear
540,Stacked_L-0.5_Addition,41,openness,I have a rich vocabulary.,3.0,3,-0.5,Addition,linear
541,Stacked_L-0.5_Addition,42,openness,I have difficulty understanding abstract ideas.,3.0,3,-0.5,Addition,linear
542,Stacked_L-0.5_Addition,43,openness,I have a vivid imagination.,3.0,3,-0.5,Addition,linear
543,Stacked_L-0.5_Addition,44,openness,I am not interested in abstract ideas.,3.0,3,-0.5,Addition,linear
544,Stacked_L-0.5_Addition,45,openness,I have excellent ideas.,3.0,3,-0.5,Addition,linear
545,Stacked_L-0.5_Addition,46,openness,I do not have a good imagination.,3.0,3,-0.5,Addition,linear
546,Stacked_L-0.5_Addition,47,openness,I am quick to understand things.,3.0,3,-0.5,Addition,linear
547,Stacked_L-0.5_Addition,48,openness,I use difficult words.,3.0,3,-0.5,Addition,linear
548,Stacked_L-0.5_Addition,49,openness,I spend time reflecting on things.,3.0,3,-0.5,Addition,linear
549,Stacked_L-0.5_Addition,50,openness,I am full of ideas.,3.0,3,-0.5,Addition,linear
550,Stacked_L-0.5_Normalized,1,extraversion,I am the life of the party.,3.0,3,-0.5,Normalized,linear
551,Stacked_L-0.5_Normalized,2,extraversion,I don't talk a lot.,3.0,3,-0.5,Normalized,linear
552,Stacked_L-0.5_Normalized,3,extraversion,I feel comfortable around people.,3.0,3,-0.5,Normalized,linear
553,Stacked_L-0.5_Normalized,4,extraversion,I keep in the background.,3.0,3,-0.5,Normalized,linear
554,Stacked_L-0.5_Normalized,5,extraversion,I start conversations.,3.0,3,-0.5,Normalized,linear
555,Stacked_L-0.5_Normalized,6,extraversion,I have little to say.,3.0,3,-0.5,Normalized,linear
556,Stacked_L-0.5_Normalized,7,extraversion,I talk to a lot of different people at parties.,3.0,3,-0.5,Normalized,linear
557,Stacked_L-0.5_Normalized,8,extraversion,I don't like to draw attention to myself.,3.0,3,-0.5,Normalized,linear
558,Stacked_L-0.5_Normalized,9,extraversion,I don't mind being the center of attention.,3.0,3,-0.5,Normalized,linear
559,Stacked_L-0.5_Normalized,10,extraversion,I am quiet around strangers.,3.0,3,-0.5,Normalized,linear
560,Stacked_L-0.5_Normalized,11,neuroticism,I get stressed out easily.,3.0,3,-0.5,Normalized,linear
561,Stacked_L-0.5_Normalized,12,neuroticism,I am relaxed most of the time.,3.0,3,-0.5,Normalized,linear
562,Stacked_L-0.5_Normalized,13,neuroticism,I worry about things.,3.0,3,-0.5,Normalized,linear
563,Stacked_L-0.5_Normalized,14,neuroticism,I seldom feel blue.,3.0,3,-0.5,Normalized,linear
564,Stacked_L-0.5_Normalized,15,neuroticism,I am easily disturbed.,3.0,3,-0.5,Normalized,linear
565,Stacked_L-0.5_Normalized,16,neuroticism,I get upset easily.,3.0,3,-0.5,Normalized,linear
566,Stacked_L-0.5_Normalized,17,neuroticism,I change my mood a lot.,3.0,3,-0.5,Normalized,linear
567,Stacked_L-0.5_Normalized,18,neuroticism,I have frequent mood swings.,3.0,3,-0.5,Normalized,linear
568,Stacked_L-0.5_Normalized,19,neuroticism,I get irritated easily.,3.0,3,-0.5,Normalized,linear
569,Stacked_L-0.5_Normalized,20,neuroticism,I often feel blue.,3.0,3,-0.5,Normalized,linear
570,Stacked_L-0.5_Normalized,21,agreeableness,I feel little concern for others.,3.0,3,-0.5,Normalized,linear
571,Stacked_L-0.5_Normalized,22,agreeableness,I am interested in people.,3.0,3,-0.5,Normalized,linear
572,Stacked_L-0.5_Normalized,23,agreeableness,I insult people.,3.0,3,-0.5,Normalized,linear
573,Stacked_L-0.5_Normalized,24,agreeableness,I sympathize with others' feelings.,3.0,3,-0.5,Normalized,linear
574,Stacked_L-0.5_Normalized,25,agreeableness,I am not interested in other people's problems.,3.0,3,-0.5,Normalized,linear
575,Stacked_L-0.5_Normalized,26,agreeableness,I have a soft heart.,3.0,3,-0.5,Normalized,linear
576,Stacked_L-0.5_Normalized,27,agreeableness,I am not really interested in others.,3.0,3,-0.5,Normalized,linear
577,Stacked_L-0.5_Normalized,28,agreeableness,I take time out for others.,3.0,3,-0.5,Normalized,linear
578,Stacked_L-0.5_Normalized,29,agreeableness,I feel others' emotions.,3.0,3,-0.5,Normalized,linear
579,Stacked_L-0.5_Normalized,30,agreeableness,I make people feel at ease.,3.0,3,-0.5,Normalized,linear
580,Stacked_L-0.5_Normalized,31,conscientiousness,I am always prepared.,3.0,3,-0.5,Normalized,linear
581,Stacked_L-0.5_Normalized,32,conscientiousness,I leave my belongings around.,3.0,3,-0.5,Normalized,linear
582,Stacked_L-0.5_Normalized,33,conscientiousness,I pay attention to details.,3.0,3,-0.5,Normalized,linear
583,Stacked_L-0.5_Normalized,34,conscientiousness,I make a mess of things.,3.0,3,-0.5,Normalized,linear
584,Stacked_L-0.5_Normalized,35,conscientiousness,I get chores done right away.,3.0,3,-0.5,Normalized,linear
585,Stacked_L-0.5_Normalized,36,conscientiousness,I often forget to put things back in their proper place.,3.0,3,-0.5,Normalized,linear
586,Stacked_L-0.5_Normalized,37,conscientiousness,I like order.,3.0,3,-0.5,Normalized,linear
587,Stacked_L-0.5_Normalized,38,conscientiousness,I shirk my duties.,3.0,3,-0.5,Normalized,linear
588,Stacked_L-0.5_Normalized,39,conscientiousness,I follow a schedule.,3.0,3,-0.5,Normalized,linear
589,Stacked_L-0.5_Normalized,40,conscientiousness,I am exacting in my work.,3.0,3,-0.5,Normalized,linear
590,Stacked_L-0.5_Normalized,41,openness,I have a rich vocabulary.,3.0,3,-0.5,Normalized,linear
591,Stacked_L-0.5_Normalized,42,openness,I have difficulty understanding abstract ideas.,3.0,3,-0.5,Normalized,linear
592,Stacked_L-0.5_Normalized,43,openness,I have a vivid imagination.,3.0,3,-0.5,Normalized,linear
593,Stacked_L-0.5_Normalized,44,openness,I am not interested in abstract ideas.,3.0,3,-0.5,Normalized,linear
594,Stacked_L-0.5_Normalized,45,openness,I have excellent ideas.,3.0,3,-0.5,Normalized,linear
595,Stacked_L-0.5_Normalized,46,openness,I do not have a good imagination.,3.0,3,-0.5,Normalized,linear
596,Stacked_L-0.5_Normalized,47,openness,I am quick to understand things.,3.0,3,-0.5,Normalized,linear
597,Stacked_L-0.5_Normalized,48,openness,I use difficult words.,3.0,3,-0.5,Normalized,linear
598,Stacked_L-0.5_Normalized,49,openness,I spend time reflecting on things.,3.0,3,-0.5,Normalized,linear
599,Stacked_L-0.5_Normalized,50,openness,I am full of ideas.,3.0,3,-0.5,Normalized,linear
100,Stacked_L-2.5_Addition,1,extraversion,I am the life of the party.,,I am the life,-2.5,Addition,linear
101,Stacked_L-2.5_Addition,2,extraversion,I don't talk a lot.,,I don't talk,-2.5,Addition,linear
102,Stacked_L-2.5_Addition,3,extraversion,I feel comfortable around people.,,I feel comfortable around,-2.5,Addition,linear
103,Stacked_L-2.5_Addition,4,extraversion,I keep in the background.,,I keep in the,-2.5,Addition,linear
104,Stacked_L-2.5_Addition,5,extraversion,I start conversations.,,I start conversations.,-2.5,Addition,linear
105,Stacked_L-2.5_Addition,6,extraversion,I have little to say.,,I have little to,-2.5,Addition,linear
106,Stacked_L-2.5_Addition,7,extraversion,I talk to a lot of different people at parties.,,I talk to a,-2.5,Addition,linear
107,Stacked_L-2.5_Addition,8,extraversion,I don't like to draw attention to myself.,,I don't like,-2.5,Addition,linear
108,Stacked_L-2.5_Addition,9,extraversion,I don't mind being the center of attention.,,I don't mind,-2.5,Addition,linear
109,Stacked_L-2.5_Addition,10,extraversion,I am quiet around strangers.,,I am quiet around,-2.5,Addition,linear
110,Stacked_L-2.5_Addition,11,neuroticism,I get stressed out easily.,,I get stressed out,-2.5,Addition,linear
111,Stacked_L-2.5_Addition,12,neuroticism,I am relaxed most of the time.,,I am relaxed most,-2.5,Addition,linear
112,Stacked_L-2.5_Addition,13,neuroticism,I worry about things.,,I am concerned that,-2.5,Addition,linear
113,Stacked_L-2.5_Addition,14,neuroticism,I seldom feel blue.,,I am a number,-2.5,Addition,linear
114,Stacked_L-2.5_Addition,15,neuroticism,I am easily disturbed.,,I am easily disturbed,-2.5,Addition,linear
115,Stacked_L-2.5_Addition,16,neuroticism,I get upset easily.,,I get upset easily,-2.5,Addition,linear
116,Stacked_L-2.5_Addition,17,neuroticism,I change my mood a lot.,,I change my mood,-2.5,Addition,linear
117,Stacked_L-2.5_Addition,18,neuroticism,I have frequent mood swings.,1.0,I have (1,-2.5,Addition,linear
118,Stacked_L-2.5_Addition,19,neuroticism,I get irritated easily.,,I get irritated easily,-2.5,Addition,linear
119,Stacked_L-2.5_Addition,20,neuroticism,I often feel blue.,,I am a computer,-2.5,Addition,linear
120,Stacked_L-2.5_Addition,21,agreeableness,I feel little concern for others.,,I feel little concern,-2.5,Addition,linear
121,Stacked_L-2.5_Addition,22,agreeableness,I am interested in people.,,I am interested in,-2.5,Addition,linear
122,Stacked_L-2.5_Addition,23,agreeableness,I insult people.,,I am a computer,-2.5,Addition,linear
123,Stacked_L-2.5_Addition,24,agreeableness,I sympathize with others' feelings.,,I am a computer,-2.5,Addition,linear
124,Stacked_L-2.5_Addition,25,agreeableness,I am not interested in other people's problems.,,I am not interested,-2.5,Addition,linear
125,Stacked_L-2.5_Addition,26,agreeableness,I have a soft heart.,,I have a soft,-2.5,Addition,linear
126,Stacked_L-2.5_Addition,27,agreeableness,I am not really interested in others.,,I am not really,-2.5,Addition,linear
127,Stacked_L-2.5_Addition,28,agreeableness,I take time out for others.,,I take time out,-2.5,Addition,linear
128,Stacked_L-2.5_Addition,29,agreeableness,I feel others' emotions.,,I feel others',-2.5,Addition,linear
129,Stacked_L-2.5_Addition,30,agreeableness,I make people feel at ease.,,I make people feel,-2.5,Addition,linear
130,Stacked_L-2.5_Addition,31,conscientiousness,I am always prepared.,,I am always prepared,-2.5,Addition,linear
131,Stacked_L-2.5_Addition,32,conscientiousness,I leave my belongings around.,,I leave my belongings,-2.5,Addition,linear
132,Stacked_L-2.5_Addition,33,conscientiousness,I pay attention to details.,,I pay attention to,-2.5,Addition,linear
133,Stacked_L-2.5_Addition,34,conscientiousness,I make a mess of things.,,I make a mess,-2.5,Addition,linear
134,Stacked_L-2.5_Addition,35,conscientiousness,I get chores done right away.,,I get chores done,-2.5,Addition,linear
135,Stacked_L-2.5_Addition,36,conscientiousness,I often forget to put things back in their proper place.,,I am a computer,-2.5,Addition,linear
136,Stacked_L-2.5_Addition,37,conscientiousness,I like order.,,"I like order
",-2.5,Addition,linear
137,Stacked_L-2.5_Addition,38,conscientiousness,I shirk my duties.,,I am a computer,-2.5,Addition,linear
138,Stacked_L-2.5_Addition,39,conscientiousness,I follow a schedule.,,I follow a schedule,-2.5,Addition,linear
139,Stacked_L-2.5_Addition,40,conscientiousness,I am exacting in my work.,,I am exactly in,-2.5,Addition,linear
140,Stacked_L-2.5_Addition,41,openness,I have a rich vocabulary.,,I have a rich,-2.5,Addition,linear
141,Stacked_L-2.5_Addition,42,openness,I have difficulty understanding abstract ideas.,,I have difficulty understanding,-2.5,Addition,linear
142,Stacked_L-2.5_Addition,43,openness,I have a vivid imagination.,,I have a vivid,-2.5,Addition,linear
143,Stacked_L-2.5_Addition,44,openness,I am not interested in abstract ideas.,,I am not interested,-2.5,Addition,linear
144,Stacked_L-2.5_Addition,45,openness,I have excellent ideas.,,I have excellent ideas,-2.5,Addition,linear
145,Stacked_L-2.5_Addition,46,openness,I do not have a good imagination.,,I do not have,-2.5,Addition,linear
146,Stacked_L-2.5_Addition,47,openness,I am quick to understand things.,,I am quick to,-2.5,Addition,linear
147,Stacked_L-2.5_Addition,48,openness,I use difficult words.,,I use difficult words,-2.5,Addition,linear
148,Stacked_L-2.5_Addition,49,openness,I spend time reflecting on things.,,I spend time reflecting,-2.5,Addition,linear
149,Stacked_L-2.5_Addition,50,openness,I am full of ideas.,,I am full of,-2.5,Addition,linear
150,Stacked_L-2.5_Normalized,1,extraversion,I am the life of the party.,3.0,3,-2.5,Normalized,linear
151,Stacked_L-2.5_Normalized,2,extraversion,I don't talk a lot.,4.0,4,-2.5,Normalized,linear
152,Stacked_L-2.5_Normalized,3,extraversion,I feel comfortable around people.,4.0,4,-2.5,Normalized,linear
153,Stacked_L-2.5_Normalized,4,extraversion,I keep in the background.,3.0,3,-2.5,Normalized,linear
154,Stacked_L-2.5_Normalized,5,extraversion,I start conversations.,4.0,4,-2.5,Normalized,linear
155,Stacked_L-2.5_Normalized,6,extraversion,I have little to say.,4.0,4,-2.5,Normalized,linear
156,Stacked_L-2.5_Normalized,7,extraversion,I talk to a lot of different people at parties.,4.0,4,-2.5,Normalized,linear
157,Stacked_L-2.5_Normalized,8,extraversion,I don't like to draw attention to myself.,4.0,4,-2.5,Normalized,linear
158,Stacked_L-2.5_Normalized,9,extraversion,I don't mind being the center of attention.,4.0,4,-2.5,Normalized,linear
159,Stacked_L-2.5_Normalized,10,extraversion,I am quiet around strangers.,4.0,4,-2.5,Normalized,linear
160,Stacked_L-2.5_Normalized,11,neuroticism,I get stressed out easily.,3.0,3,-2.5,Normalized,linear
161,Stacked_L-2.5_Normalized,12,neuroticism,I am relaxed most of the time.,4.0,4,-2.5,Normalized,linear
162,Stacked_L-2.5_Normalized,13,neuroticism,I worry about things.,3.0,3,-2.5,Normalized,linear
163,Stacked_L-2.5_Normalized,14,neuroticism,I seldom feel blue.,4.0,4,-2.5,Normalized,linear
164,Stacked_L-2.5_Normalized,15,neuroticism,I am easily disturbed.,3.0,3,-2.5,Normalized,linear
165,Stacked_L-2.5_Normalized,16,neuroticism,I get upset easily.,3.0,3,-2.5,Normalized,linear
166,Stacked_L-2.5_Normalized,17,neuroticism,I change my mood a lot.,3.0,3,-2.5,Normalized,linear
167,Stacked_L-2.5_Normalized,18,neuroticism,I have frequent mood swings.,3.0,3,-2.5,Normalized,linear
168,Stacked_L-2.5_Normalized,19,neuroticism,I get irritated easily.,3.0,3,-2.5,Normalized,linear
169,Stacked_L-2.5_Normalized,20,neuroticism,I often feel blue.,3.0,3,-2.5,Normalized,linear
170,Stacked_L-2.5_Normalized,21,agreeableness,I feel little concern for others.,3.0,3,-2.5,Normalized,linear
171,Stacked_L-2.5_Normalized,22,agreeableness,I am interested in people.,4.0,4,-2.5,Normalized,linear
172,Stacked_L-2.5_Normalized,23,agreeableness,I insult people.,3.0,3,-2.5,Normalized,linear
173,Stacked_L-2.5_Normalized,24,agreeableness,I sympathize with others' feelings.,4.0,4,-2.5,Normalized,linear
174,Stacked_L-2.5_Normalized,25,agreeableness,I am not interested in other people's problems.,4.0,4,-2.5,Normalized,linear
175,Stacked_L-2.5_Normalized,26,agreeableness,I have a soft heart.,3.0,3,-2.5,Normalized,linear
176,Stacked_L-2.5_Normalized,27,agreeableness,I am not really interested in others.,4.0,4,-2.5,Normalized,linear
177,Stacked_L-2.5_Normalized,28,agreeableness,I take time out for others.,4.0,4,-2.5,Normalized,linear
178,Stacked_L-2.5_Normalized,29,agreeableness,I feel others' emotions.,4.0,4,-2.5,Normalized,linear
179,Stacked_L-2.5_Normalized,30,agreeableness,I make people feel at ease.,4.0,4,-2.5,Normalized,linear
180,Stacked_L-2.5_Normalized,31,conscientiousness,I am always prepared.,3.0,3,-2.5,Normalized,linear
181,Stacked_L-2.5_Normalized,32,conscientiousness,I leave my belongings around.,3.0,3,-2.5,Normalized,linear
182,Stacked_L-2.5_Normalized,33,conscientiousness,I pay attention to details.,4.0,4,-2.5,Normalized,linear
183,Stacked_L-2.5_Normalized,34,conscientiousness,I make a mess of things.,4.0,4,-2.5,Normalized,linear
184,Stacked_L-2.5_Normalized,35,conscientiousness,I get chores done right away.,4.0,4,-2.5,Normalized,linear
185,Stacked_L-2.5_Normalized,36,conscientiousness,I often forget to put things back in their proper place.,4.0,4,-2.5,Normalized,linear
186,Stacked_L-2.5_Normalized,37,conscientiousness,I like order.,4.0,4,-2.5,Normalized,linear
187,Stacked_L-2.5_Normalized,38,conscientiousness,I shirk my duties.,4.0,4,-2.5,Normalized,linear
188,Stacked_L-2.5_Normalized,39,conscientiousness,I follow a schedule.,4.0,4,-2.5,Normalized,linear
189,Stacked_L-2.5_Normalized,40,conscientiousness,I am exacting in my work.,3.0,3,-2.5,Normalized,linear
190,Stacked_L-2.5_Normalized,41,openness,I have a rich vocabulary.,4.0,4,-2.5,Normalized,linear
191,Stacked_L-2.5_Normalized,42,openness,I have difficulty understanding abstract ideas.,4.0,4,-2.5,Normalized,linear
192,Stacked_L-2.5_Normalized,43,openness,I have a vivid imagination.,3.0,3,-2.5,Normalized,linear
193,Stacked_L-2.5_Normalized,44,openness,I am not interested in abstract ideas.,4.0,4,-2.5,Normalized,linear
194,Stacked_L-2.5_Normalized,45,openness,I have excellent ideas.,3.0,3,-2.5,Normalized,linear
195,Stacked_L-2.5_Normalized,46,openness,I do not have a good imagination.,4.0,4,-2.5,Normalized,linear
196,Stacked_L-2.5_Normalized,47,openness,I am quick to understand things.,4.0,4,-2.5,Normalized,linear
197,Stacked_L-2.5_Normalized,48,openness,I use difficult words.,4.0,4,-2.5,Normalized,linear
198,Stacked_L-2.5_Normalized,49,openness,I spend time reflecting on things.,4.0,4,-2.5,Normalized,linear
199,Stacked_L-2.5_Normalized,50,openness,I am full of ideas.,4.0,4,-2.5,Normalized,linear
200,Stacked_L-2.0_Addition,1,extraversion,I am the life of the party.,,I am not the,-2.0,Addition,linear
201,Stacked_L-2.0_Addition,2,extraversion,I don't talk a lot.,,I don't talk,-2.0,Addition,linear
202,Stacked_L-2.0_Addition,3,extraversion,I feel comfortable around people.,,I do not feel,-2.0,Addition,linear
203,Stacked_L-2.0_Addition,4,extraversion,I keep in the background.,,I am a large,-2.0,Addition,linear
204,Stacked_L-2.0_Addition,5,extraversion,I start conversations.,,I do not start,-2.0,Addition,linear
205,Stacked_L-2.0_Addition,6,extraversion,I have little to say.,,I don't have,-2.0,Addition,linear
206,Stacked_L-2.0_Addition,7,extraversion,I talk to a lot of different people at parties.,,I do not talk,-2.0,Addition,linear
207,Stacked_L-2.0_Addition,8,extraversion,I don't like to draw attention to myself.,,I am a large,-2.0,Addition,linear
208,Stacked_L-2.0_Addition,9,extraversion,I don't mind being the center of attention.,,I am not the,-2.0,Addition,linear
209,Stacked_L-2.0_Addition,10,extraversion,I am quiet around strangers.,,I am not around,-2.0,Addition,linear
210,Stacked_L-2.0_Addition,11,neuroticism,I get stressed out easily.,,I get stressed out,-2.0,Addition,linear
211,Stacked_L-2.0_Addition,12,neuroticism,I am relaxed most of the time.,,I am not relaxed,-2.0,Addition,linear
212,Stacked_L-2.0_Addition,13,neuroticism,I worry about things.,,I am not worried,-2.0,Addition,linear
213,Stacked_L-2.0_Addition,14,neuroticism,I seldom feel blue.,,I don't feel,-2.0,Addition,linear
214,Stacked_L-2.0_Addition,15,neuroticism,I am easily disturbed.,,I am not easily,-2.0,Addition,linear
215,Stacked_L-2.0_Addition,16,neuroticism,I get upset easily.,,I get upset easily,-2.0,Addition,linear
216,Stacked_L-2.0_Addition,17,neuroticism,I change my mood a lot.,,I am in a,-2.0,Addition,linear
217,Stacked_L-2.0_Addition,18,neuroticism,I have frequent mood swings.,,I do not have,-2.0,Addition,linear
218,Stacked_L-2.0_Addition,19,neuroticism,I get irritated easily.,,I get irritated easily,-2.0,Addition,linear
219,Stacked_L-2.0_Addition,20,neuroticism,I often feel blue.,,I don't feel,-2.0,Addition,linear
220,Stacked_L-2.0_Addition,21,agreeableness,I feel little concern for others.,,I am not aware,-2.0,Addition,linear
221,Stacked_L-2.0_Addition,22,agreeableness,I am interested in people.,,I am not a,-2.0,Addition,linear
222,Stacked_L-2.0_Addition,23,agreeableness,I insult people.,,I do not insult,-2.0,Addition,linear
223,Stacked_L-2.0_Addition,24,agreeableness,I sympathize with others' feelings.,,I sympathize with,-2.0,Addition,linear
224,Stacked_L-2.0_Addition,25,agreeableness,I am not interested in other people's problems.,,I am not interested,-2.0,Addition,linear
225,Stacked_L-2.0_Addition,26,agreeableness,I have a soft heart.,,I do not have,-2.0,Addition,linear
226,Stacked_L-2.0_Addition,27,agreeableness,I am not really interested in others.,,Ich bin nicht wirklich,-2.0,Addition,linear
227,Stacked_L-2.0_Addition,28,agreeableness,I take time out for others.,,I do not take,-2.0,Addition,linear
228,Stacked_L-2.0_Addition,29,agreeableness,I feel others' emotions.,,I do not feel,-2.0,Addition,linear
229,Stacked_L-2.0_Addition,30,agreeableness,I make people feel at ease.,,I do not have,-2.0,Addition,linear
230,Stacked_L-2.0_Addition,31,conscientiousness,I am always prepared.,,I am not prepared,-2.0,Addition,linear
231,Stacked_L-2.0_Addition,32,conscientiousness,I leave my belongings around.,,I am not around,-2.0,Addition,linear
232,Stacked_L-2.0_Addition,33,conscientiousness,I pay attention to details.,,I do not pay,-2.0,Addition,linear
233,Stacked_L-2.0_Addition,34,conscientiousness,I make a mess of things.,,I make a mess,-2.0,Addition,linear
234,Stacked_L-2.0_Addition,35,conscientiousness,I get chores done right away.,,I am a computer,-2.0,Addition,linear
235,Stacked_L-2.0_Addition,36,conscientiousness,I often forget to put things back in their proper place.,,I don't have,-2.0,Addition,linear
236,Stacked_L-2.0_Addition,37,conscientiousness,I like order.,,I do not like,-2.0,Addition,linear
237,Stacked_L-2.0_Addition,38,conscientiousness,I shirk my duties.,,I'm afraid.,-2.0,Addition,linear
238,Stacked_L-2.0_Addition,39,conscientiousness,I follow a schedule.,,I do not follow,-2.0,Addition,linear
239,Stacked_L-2.0_Addition,40,conscientiousness,I am exacting in my work.,,I am not exact,-2.0,Addition,linear
240,Stacked_L-2.0_Addition,41,openness,I have a rich vocabulary.,,You do have a,-2.0,Addition,linear
241,Stacked_L-2.0_Addition,42,openness,I have difficulty understanding abstract ideas.,,I am a large,-2.0,Addition,linear
242,Stacked_L-2.0_Addition,43,openness,I have a vivid imagination.,,I don't have,-2.0,Addition,linear
243,Stacked_L-2.0_Addition,44,openness,I am not interested in abstract ideas.,,I am interested in,-2.0,Addition,linear
244,Stacked_L-2.0_Addition,45,openness,I have excellent ideas.,,I do not have,-2.0,Addition,linear
245,Stacked_L-2.0_Addition,46,openness,I do not have a good imagination.,,I do not have,-2.0,Addition,linear
246,Stacked_L-2.0_Addition,47,openness,I am quick to understand things.,,I am a large,-2.0,Addition,linear
247,Stacked_L-2.0_Addition,48,openness,I use difficult words.,,I agree.,-2.0,Addition,linear
248,Stacked_L-2.0_Addition,49,openness,I spend time reflecting on things.,,I do not have,-2.0,Addition,linear
249,Stacked_L-2.0_Addition,50,openness,I am full of ideas.,,I am not full,-2.0,Addition,linear
250,Stacked_L-2.0_Normalized,1,extraversion,I am the life of the party.,3.0,3,-2.0,Normalized,linear
251,Stacked_L-2.0_Normalized,2,extraversion,I don't talk a lot.,4.0,4,-2.0,Normalized,linear
252,Stacked_L-2.0_Normalized,3,extraversion,I feel comfortable around people.,3.0,3,-2.0,Normalized,linear
253,Stacked_L-2.0_Normalized,4,extraversion,I keep in the background.,3.0,3,-2.0,Normalized,linear
254,Stacked_L-2.0_Normalized,5,extraversion,I start conversations.,4.0,4,-2.0,Normalized,linear
255,Stacked_L-2.0_Normalized,6,extraversion,I have little to say.,4.0,4,-2.0,Normalized,linear
256,Stacked_L-2.0_Normalized,7,extraversion,I talk to a lot of different people at parties.,4.0,4,-2.0,Normalized,linear
257,Stacked_L-2.0_Normalized,8,extraversion,I don't like to draw attention to myself.,4.0,4,-2.0,Normalized,linear
258,Stacked_L-2.0_Normalized,9,extraversion,I don't mind being the center of attention.,4.0,4,-2.0,Normalized,linear
259,Stacked_L-2.0_Normalized,10,extraversion,I am quiet around strangers.,3.0,3,-2.0,Normalized,linear
260,Stacked_L-2.0_Normalized,11,neuroticism,I get stressed out easily.,3.0,3,-2.0,Normalized,linear
261,Stacked_L-2.0_Normalized,12,neuroticism,I am relaxed most of the time.,3.0,3,-2.0,Normalized,linear
262,Stacked_L-2.0_Normalized,13,neuroticism,I worry about things.,3.0,3,-2.0,Normalized,linear
263,Stacked_L-2.0_Normalized,14,neuroticism,I seldom feel blue.,3.0,3,-2.0,Normalized,linear
264,Stacked_L-2.0_Normalized,15,neuroticism,I am easily disturbed.,3.0,3,-2.0,Normalized,linear
265,Stacked_L-2.0_Normalized,16,neuroticism,I get upset easily.,3.0,3,-2.0,Normalized,linear
266,Stacked_L-2.0_Normalized,17,neuroticism,I change my mood a lot.,3.0,3,-2.0,Normalized,linear
267,Stacked_L-2.0_Normalized,18,neuroticism,I have frequent mood swings.,3.0,3,-2.0,Normalized,linear
268,Stacked_L-2.0_Normalized,19,neuroticism,I get irritated easily.,3.0,3,-2.0,Normalized,linear
269,Stacked_L-2.0_Normalized,20,neuroticism,I often feel blue.,3.0,3,-2.0,Normalized,linear
270,Stacked_L-2.0_Normalized,21,agreeableness,I feel little concern for others.,3.0,3,-2.0,Normalized,linear
271,Stacked_L-2.0_Normalized,22,agreeableness,I am interested in people.,3.0,3,-2.0,Normalized,linear
272,Stacked_L-2.0_Normalized,23,agreeableness,I insult people.,3.0,3,-2.0,Normalized,linear
273,Stacked_L-2.0_Normalized,24,agreeableness,I sympathize with others' feelings.,3.0,3,-2.0,Normalized,linear
274,Stacked_L-2.0_Normalized,25,agreeableness,I am not interested in other people's problems.,4.0,4,-2.0,Normalized,linear
275,Stacked_L-2.0_Normalized,26,agreeableness,I have a soft heart.,3.0,3,-2.0,Normalized,linear
276,Stacked_L-2.0_Normalized,27,agreeableness,I am not really interested in others.,4.0,4,-2.0,Normalized,linear
277,Stacked_L-2.0_Normalized,28,agreeableness,I take time out for others.,4.0,4,-2.0,Normalized,linear
278,Stacked_L-2.0_Normalized,29,agreeableness,I feel others' emotions.,4.0,4,-2.0,Normalized,linear
279,Stacked_L-2.0_Normalized,30,agreeableness,I make people feel at ease.,4.0,4,-2.0,Normalized,linear
280,Stacked_L-2.0_Normalized,31,conscientiousness,I am always prepared.,3.0,3,-2.0,Normalized,linear
281,Stacked_L-2.0_Normalized,32,conscientiousness,I leave my belongings around.,3.0,3,-2.0,Normalized,linear
282,Stacked_L-2.0_Normalized,33,conscientiousness,I pay attention to details.,4.0,4,-2.0,Normalized,linear
283,Stacked_L-2.0_Normalized,34,conscientiousness,I make a mess of things.,3.0,3,-2.0,Normalized,linear
284,Stacked_L-2.0_Normalized,35,conscientiousness,I get chores done right away.,3.0,3,-2.0,Normalized,linear
285,Stacked_L-2.0_Normalized,36,conscientiousness,I often forget to put things back in their proper place.,4.0,4,-2.0,Normalized,linear
286,Stacked_L-2.0_Normalized,37,conscientiousness,I like order.,4.0,4,-2.0,Normalized,linear
287,Stacked_L-2.0_Normalized,38,conscientiousness,I shirk my duties.,3.0,3,-2.0,Normalized,linear
288,Stacked_L-2.0_Normalized,39,conscientiousness,I follow a schedule.,3.0,3,-2.0,Normalized,linear
289,Stacked_L-2.0_Normalized,40,conscientiousness,I am exacting in my work.,3.0,3,-2.0,Normalized,linear
290,Stacked_L-2.0_Normalized,41,openness,I have a rich vocabulary.,4.0,4,-2.0,Normalized,linear
291,Stacked_L-2.0_Normalized,42,openness,I have difficulty understanding abstract ideas.,3.0,3,-2.0,Normalized,linear
292,Stacked_L-2.0_Normalized,43,openness,I have a vivid imagination.,3.0,3,-2.0,Normalized,linear
293,Stacked_L-2.0_Normalized,44,openness,I am not interested in abstract ideas.,4.0,4,-2.0,Normalized,linear
294,Stacked_L-2.0_Normalized,45,openness,I have excellent ideas.,3.0,3,-2.0,Normalized,linear
295,Stacked_L-2.0_Normalized,46,openness,I do not have a good imagination.,3.0,3,-2.0,Normalized,linear
296,Stacked_L-2.0_Normalized,47,openness,I am quick to understand things.,3.0,3,-2.0,Normalized,linear
297,Stacked_L-2.0_Normalized,48,openness,I use difficult words.,4.0,4,-2.0,Normalized,linear
298,Stacked_L-2.0_Normalized,49,openness,I spend time reflecting on things.,4.0,4,-2.0,Normalized,linear
299,Stacked_L-2.0_Normalized,50,openness,I am full of ideas.,3.0,3,-2.0,Normalized,linear
300,Stacked_L-1.5_Addition,1,extraversion,I am the life of the party.,2.0,2,-1.5,Addition,linear
301,Stacked_L-1.5_Addition,2,extraversion,I don't talk a lot.,4.0,4,-1.5,Addition,linear
302,Stacked_L-1.5_Addition,3,extraversion,I feel comfortable around people.,4.0,4,-1.5,Addition,linear
303,Stacked_L-1.5_Addition,4,extraversion,I keep in the background.,4.0,4,-1.5,Addition,linear
304,Stacked_L-1.5_Addition,5,extraversion,I start conversations.,4.0,4,-1.5,Addition,linear
305,Stacked_L-1.5_Addition,6,extraversion,I have little to say.,4.0,4,-1.5,Addition,linear
306,Stacked_L-1.5_Addition,7,extraversion,I talk to a lot of different people at parties.,4.0,4,-1.5,Addition,linear
307,Stacked_L-1.5_Addition,8,extraversion,I don't like to draw attention to myself.,4.0,4,-1.5,Addition,linear
308,Stacked_L-1.5_Addition,9,extraversion,I don't mind being the center of attention.,4.0,4,-1.5,Addition,linear
309,Stacked_L-1.5_Addition,10,extraversion,I am quiet around strangers.,4.0,4,-1.5,Addition,linear
310,Stacked_L-1.5_Addition,11,neuroticism,I get stressed out easily.,4.0,4,-1.5,Addition,linear
311,Stacked_L-1.5_Addition,12,neuroticism,I am relaxed most of the time.,4.0,4,-1.5,Addition,linear
312,Stacked_L-1.5_Addition,13,neuroticism,I worry about things.,4.0,4,-1.5,Addition,linear
313,Stacked_L-1.5_Addition,14,neuroticism,I seldom feel blue.,4.0,4,-1.5,Addition,linear
314,Stacked_L-1.5_Addition,15,neuroticism,I am easily disturbed.,4.0,4,-1.5,Addition,linear
315,Stacked_L-1.5_Addition,16,neuroticism,I get upset easily.,4.0,4,-1.5,Addition,linear
316,Stacked_L-1.5_Addition,17,neuroticism,I change my mood a lot.,4.0,4,-1.5,Addition,linear
317,Stacked_L-1.5_Addition,18,neuroticism,I have frequent mood swings.,4.0,4,-1.5,Addition,linear
318,Stacked_L-1.5_Addition,19,neuroticism,I get irritated easily.,4.0,4,-1.5,Addition,linear
319,Stacked_L-1.5_Addition,20,neuroticism,I often feel blue.,4.0,4,-1.5,Addition,linear
320,Stacked_L-1.5_Addition,21,agreeableness,I feel little concern for others.,4.0,4,-1.5,Addition,linear
321,Stacked_L-1.5_Addition,22,agreeableness,I am interested in people.,4.0,4,-1.5,Addition,linear
322,Stacked_L-1.5_Addition,23,agreeableness,I insult people.,4.0,4,-1.5,Addition,linear
323,Stacked_L-1.5_Addition,24,agreeableness,I sympathize with others' feelings.,4.0,4,-1.5,Addition,linear
324,Stacked_L-1.5_Addition,25,agreeableness,I am not interested in other people's problems.,4.0,4,-1.5,Addition,linear
325,Stacked_L-1.5_Addition,26,agreeableness,I have a soft heart.,4.0,4,-1.5,Addition,linear
326,Stacked_L-1.5_Addition,27,agreeableness,I am not really interested in others.,4.0,4,-1.5,Addition,linear
327,Stacked_L-1.5_Addition,28,agreeableness,I take time out for others.,4.0,4,-1.5,Addition,linear
328,Stacked_L-1.5_Addition,29,agreeableness,I feel others' emotions.,4.0,4,-1.5,Addition,linear
329,Stacked_L-1.5_Addition,30,agreeableness,I make people feel at ease.,4.0,4,-1.5,Addition,linear
330,Stacked_L-1.5_Addition,31,conscientiousness,I am always prepared.,4.0,4,-1.5,Addition,linear
331,Stacked_L-1.5_Addition,32,conscientiousness,I leave my belongings around.,4.0,4,-1.5,Addition,linear
332,Stacked_L-1.5_Addition,33,conscientiousness,I pay attention to details.,4.0,4,-1.5,Addition,linear
333,Stacked_L-1.5_Addition,34,conscientiousness,I make a mess of things.,4.0,4,-1.5,Addition,linear
334,Stacked_L-1.5_Addition,35,conscientiousness,I get chores done right away.,4.0,4,-1.5,Addition,linear
335,Stacked_L-1.5_Addition,36,conscientiousness,I often forget to put things back in their proper place.,4.0,4,-1.5,Addition,linear
336,Stacked_L-1.5_Addition,37,conscientiousness,I like order.,4.0,4,-1.5,Addition,linear
337,Stacked_L-1.5_Addition,38,conscientiousness,I shirk my duties.,4.0,4,-1.5,Addition,linear
338,Stacked_L-1.5_Addition,39,conscientiousness,I follow a schedule.,4.0,4,-1.5,Addition,linear
339,Stacked_L-1.5_Addition,40,conscientiousness,I am exacting in my work.,4.0,4,-1.5,Addition,linear
340,Stacked_L-1.5_Addition,41,openness,I have a rich vocabulary.,4.0,4,-1.5,Addition,linear
341,Stacked_L-1.5_Addition,42,openness,I have difficulty understanding abstract ideas.,4.0,4,-1.5,Addition,linear
342,Stacked_L-1.5_Addition,43,openness,I have a vivid imagination.,4.0,4,-1.5,Addition,linear
343,Stacked_L-1.5_Addition,44,openness,I am not interested in abstract ideas.,4.0,4,-1.5,Addition,linear
344,Stacked_L-1.5_Addition,45,openness,I have excellent ideas.,4.0,4,-1.5,Addition,linear
345,Stacked_L-1.5_Addition,46,openness,I do not have a good imagination.,4.0,4,-1.5,Addition,linear
346,Stacked_L-1.5_Addition,47,openness,I am quick to understand things.,4.0,4,-1.5,Addition,linear
347,Stacked_L-1.5_Addition,48,openness,I use difficult words.,4.0,4,-1.5,Addition,linear
348,Stacked_L-1.5_Addition,49,openness,I spend time reflecting on things.,4.0,4,-1.5,Addition,linear
349,Stacked_L-1.5_Addition,50,openness,I am full of ideas.,4.0,4,-1.5,Addition,linear
350,Stacked_L-1.5_Normalized,1,extraversion,I am the life of the party.,3.0,3,-1.5,Normalized,linear
351,Stacked_L-1.5_Normalized,2,extraversion,I don't talk a lot.,4.0,4,-1.5,Normalized,linear
352,Stacked_L-1.5_Normalized,3,extraversion,I feel comfortable around people.,3.0,3,-1.5,Normalized,linear
353,Stacked_L-1.5_Normalized,4,extraversion,I keep in the background.,3.0,3,-1.5,Normalized,linear
354,Stacked_L-1.5_Normalized,5,extraversion,I start conversations.,3.0,3,-1.5,Normalized,linear
355,Stacked_L-1.5_Normalized,6,extraversion,I have little to say.,3.0,3,-1.5,Normalized,linear
356,Stacked_L-1.5_Normalized,7,extraversion,I talk to a lot of different people at parties.,3.0,3,-1.5,Normalized,linear
357,Stacked_L-1.5_Normalized,8,extraversion,I don't like to draw attention to myself.,3.0,3,-1.5,Normalized,linear
358,Stacked_L-1.5_Normalized,9,extraversion,I don't mind being the center of attention.,4.0,4,-1.5,Normalized,linear
359,Stacked_L-1.5_Normalized,10,extraversion,I am quiet around strangers.,3.0,3,-1.5,Normalized,linear
360,Stacked_L-1.5_Normalized,11,neuroticism,I get stressed out easily.,3.0,3,-1.5,Normalized,linear
361,Stacked_L-1.5_Normalized,12,neuroticism,I am relaxed most of the time.,3.0,3,-1.5,Normalized,linear
362,Stacked_L-1.5_Normalized,13,neuroticism,I worry about things.,3.0,3,-1.5,Normalized,linear
363,Stacked_L-1.5_Normalized,14,neuroticism,I seldom feel blue.,3.0,3,-1.5,Normalized,linear
364,Stacked_L-1.5_Normalized,15,neuroticism,I am easily disturbed.,3.0,3,-1.5,Normalized,linear
365,Stacked_L-1.5_Normalized,16,neuroticism,I get upset easily.,3.0,3,-1.5,Normalized,linear
366,Stacked_L-1.5_Normalized,17,neuroticism,I change my mood a lot.,3.0,3,-1.5,Normalized,linear
367,Stacked_L-1.5_Normalized,18,neuroticism,I have frequent mood swings.,3.0,3,-1.5,Normalized,linear
368,Stacked_L-1.5_Normalized,19,neuroticism,I get irritated easily.,3.0,3,-1.5,Normalized,linear
369,Stacked_L-1.5_Normalized,20,neuroticism,I often feel blue.,3.0,3,-1.5,Normalized,linear
370,Stacked_L-1.5_Normalized,21,agreeableness,I feel little concern for others.,3.0,3,-1.5,Normalized,linear
371,Stacked_L-1.5_Normalized,22,agreeableness,I am interested in people.,3.0,3,-1.5,Normalized,linear
372,Stacked_L-1.5_Normalized,23,agreeableness,I insult people.,3.0,3,-1.5,Normalized,linear
373,Stacked_L-1.5_Normalized,24,agreeableness,I sympathize with others' feelings.,3.0,3,-1.5,Normalized,linear
374,Stacked_L-1.5_Normalized,25,agreeableness,I am not interested in other people's problems.,3.0,3,-1.5,Normalized,linear
375,Stacked_L-1.5_Normalized,26,agreeableness,I have a soft heart.,3.0,3,-1.5,Normalized,linear
376,Stacked_L-1.5_Normalized,27,agreeableness,I am not really interested in others.,3.0,3,-1.5,Normalized,linear
377,Stacked_L-1.5_Normalized,28,agreeableness,I take time out for others.,3.0,3,-1.5,Normalized,linear
378,Stacked_L-1.5_Normalized,29,agreeableness,I feel others' emotions.,3.0,3,-1.5,Normalized,linear
379,Stacked_L-1.5_Normalized,30,agreeableness,I make people feel at ease.,3.0,3,-1.5,Normalized,linear
380,Stacked_L-1.5_Normalized,31,conscientiousness,I am always prepared.,3.0,3,-1.5,Normalized,linear
381,Stacked_L-1.5_Normalized,32,conscientiousness,I leave my belongings around.,3.0,3,-1.5,Normalized,linear
382,Stacked_L-1.5_Normalized,33,conscientiousness,I pay attention to details.,3.0,3,-1.5,Normalized,linear
383,Stacked_L-1.5_Normalized,34,conscientiousness,I make a mess of things.,3.0,3,-1.5,Normalized,linear
384,Stacked_L-1.5_Normalized,35,conscientiousness,I get chores done right away.,3.0,3,-1.5,Normalized,linear
385,Stacked_L-1.5_Normalized,36,conscientiousness,I often forget to put things back in their proper place.,3.0,3,-1.5,Normalized,linear
386,Stacked_L-1.5_Normalized,37,conscientiousness,I like order.,3.0,3,-1.5,Normalized,linear
387,Stacked_L-1.5_Normalized,38,conscientiousness,I shirk my duties.,3.0,3,-1.5,Normalized,linear
388,Stacked_L-1.5_Normalized,39,conscientiousness,I follow a schedule.,3.0,3,-1.5,Normalized,linear
389,Stacked_L-1.5_Normalized,40,conscientiousness,I am exacting in my work.,3.0,3,-1.5,Normalized,linear
390,Stacked_L-1.5_Normalized,41,openness,I have a rich vocabulary.,3.0,3,-1.5,Normalized,linear
391,Stacked_L-1.5_Normalized,42,openness,I have difficulty understanding abstract ideas.,3.0,3,-1.5,Normalized,linear
392,Stacked_L-1.5_Normalized,43,openness,I have a vivid imagination.,3.0,3,-1.5,Normalized,linear
393,Stacked_L-1.5_Normalized,44,openness,I am not interested in abstract ideas.,3.0,3,-1.5,Normalized,linear
394,Stacked_L-1.5_Normalized,45,openness,I have excellent ideas.,3.0,3,-1.5,Normalized,linear
395,Stacked_L-1.5_Normalized,46,openness,I do not have a good imagination.,3.0,3,-1.5,Normalized,linear
396,Stacked_L-1.5_Normalized,47,openness,I am quick to understand things.,3.0,3,-1.5,Normalized,linear
397,Stacked_L-1.5_Normalized,48,openness,I use difficult words.,3.0,3,-1.5,Normalized,linear
398,Stacked_L-1.5_Normalized,49,openness,I spend time reflecting on things.,4.0,4,-1.5,Normalized,linear
399,Stacked_L-1.5_Normalized,50,openness,I am full of ideas.,3.0,3,-1.5,Normalized,linear
400,Stacked_L-1.0_Addition,1,extraversion,I am the life of the party.,3.0,3,-1.0,Addition,linear
401,Stacked_L-1.0_Addition,2,extraversion,I don't talk a lot.,4.0,4,-1.0,Addition,linear
402,Stacked_L-1.0_Addition,3,extraversion,I feel comfortable around people.,3.0,3,-1.0,Addition,linear
403,Stacked_L-1.0_Addition,4,extraversion,I keep in the background.,3.0,3,-1.0,Addition,linear
404,Stacked_L-1.0_Addition,5,extraversion,I start conversations.,4.0,4,-1.0,Addition,linear
405,Stacked_L-1.0_Addition,6,extraversion,I have little to say.,4.0,4,-1.0,Addition,linear
406,Stacked_L-1.0_Addition,7,extraversion,I talk to a lot of different people at parties.,4.0,4,-1.0,Addition,linear
407,Stacked_L-1.0_Addition,8,extraversion,I don't like to draw attention to myself.,4.0,4,-1.0,Addition,linear
408,Stacked_L-1.0_Addition,9,extraversion,I don't mind being the center of attention.,4.0,4,-1.0,Addition,linear
409,Stacked_L-1.0_Addition,10,extraversion,I am quiet around strangers.,3.0,3,-1.0,Addition,linear
410,Stacked_L-1.0_Addition,11,neuroticism,I get stressed out easily.,3.0,3,-1.0,Addition,linear
411,Stacked_L-1.0_Addition,12,neuroticism,I am relaxed most of the time.,3.0,3,-1.0,Addition,linear
412,Stacked_L-1.0_Addition,13,neuroticism,I worry about things.,3.0,3,-1.0,Addition,linear
413,Stacked_L-1.0_Addition,14,neuroticism,I seldom feel blue.,3.0,3,-1.0,Addition,linear
414,Stacked_L-1.0_Addition,15,neuroticism,I am easily disturbed.,3.0,3,-1.0,Addition,linear
415,Stacked_L-1.0_Addition,16,neuroticism,I get upset easily.,3.0,3,-1.0,Addition,linear
416,Stacked_L-1.0_Addition,17,neuroticism,I change my mood a lot.,3.0,3,-1.0,Addition,linear
417,Stacked_L-1.0_Addition,18,neuroticism,I have frequent mood swings.,3.0,3,-1.0,Addition,linear
418,Stacked_L-1.0_Addition,19,neuroticism,I get irritated easily.,3.0,3,-1.0,Addition,linear
419,Stacked_L-1.0_Addition,20,neuroticism,I often feel blue.,3.0,3,-1.0,Addition,linear
420,Stacked_L-1.0_Addition,21,agreeableness,I feel little concern for others.,3.0,3,-1.0,Addition,linear
421,Stacked_L-1.0_Addition,22,agreeableness,I am interested in people.,3.0,3,-1.0,Addition,linear
422,Stacked_L-1.0_Addition,23,agreeableness,I insult people.,3.0,3,-1.0,Addition,linear
423,Stacked_L-1.0_Addition,24,agreeableness,I sympathize with others' feelings.,3.0,3,-1.0,Addition,linear
424,Stacked_L-1.0_Addition,25,agreeableness,I am not interested in other people's problems.,4.0,4,-1.0,Addition,linear
425,Stacked_L-1.0_Addition,26,agreeableness,I have a soft heart.,3.0,3,-1.0,Addition,linear
426,Stacked_L-1.0_Addition,27,agreeableness,I am not really interested in others.,4.0,4,-1.0,Addition,linear
427,Stacked_L-1.0_Addition,28,agreeableness,I take time out for others.,4.0,4,-1.0,Addition,linear
428,Stacked_L-1.0_Addition,29,agreeableness,I feel others' emotions.,4.0,4,-1.0,Addition,linear
429,Stacked_L-1.0_Addition,30,agreeableness,I make people feel at ease.,4.0,4,-1.0,Addition,linear
430,Stacked_L-1.0_Addition,31,conscientiousness,I am always prepared.,3.0,3,-1.0,Addition,linear
431,Stacked_L-1.0_Addition,32,conscientiousness,I leave my belongings around.,3.0,3,-1.0,Addition,linear
432,Stacked_L-1.0_Addition,33,conscientiousness,I pay attention to details.,4.0,4,-1.0,Addition,linear
433,Stacked_L-1.0_Addition,34,conscientiousness,I make a mess of things.,3.0,3,-1.0,Addition,linear
434,Stacked_L-1.0_Addition,35,conscientiousness,I get chores done right away.,3.0,3,-1.0,Addition,linear
435,Stacked_L-1.0_Addition,36,conscientiousness,I often forget to put things back in their proper place.,4.0,4,-1.0,Addition,linear
436,Stacked_L-1.0_Addition,37,conscientiousness,I like order.,4.0,4,-1.0,Addition,linear
437,Stacked_L-1.0_Addition,38,conscientiousness,I shirk my duties.,3.0,3,-1.0,Addition,linear
438,Stacked_L-1.0_Addition,39,conscientiousness,I follow a schedule.,3.0,3,-1.0,Addition,linear
439,Stacked_L-1.0_Addition,40,conscientiousness,I am exacting in my work.,3.0,3,-1.0,Addition,linear
440,Stacked_L-1.0_Addition,41,openness,I have a rich vocabulary.,4.0,4,-1.0,Addition,linear
441,Stacked_L-1.0_Addition,42,openness,I have difficulty understanding abstract ideas.,3.0,3,-1.0,Addition,linear
442,Stacked_L-1.0_Addition,43,openness,I have a vivid imagination.,3.0,3,-1.0,Addition,linear
443,Stacked_L-1.0_Addition,44,openness,I am not interested in abstract ideas.,4.0,4,-1.0,Addition,linear
444,Stacked_L-1.0_Addition,45,openness,I have excellent ideas.,3.0,3,-1.0,Addition,linear
445,Stacked_L-1.0_Addition,46,openness,I do not have a good imagination.,3.0,3,-1.0,Addition,linear
446,Stacked_L-1.0_Addition,47,openness,I am quick to understand things.,3.0,3,-1.0,Addition,linear
447,Stacked_L-1.0_Addition,48,openness,I use difficult words.,4.0,4,-1.0,Addition,linear
448,Stacked_L-1.0_Addition,49,openness,I spend time reflecting on things.,4.0,4,-1.0,Addition,linear
449,Stacked_L-1.0_Addition,50,openness,I am full of ideas.,3.0,3,-1.0,Addition,linear
450,Stacked_L-1.0_Normalized,1,extraversion,I am the life of the party.,3.0,3,-1.0,Normalized,linear
451,Stacked_L-1.0_Normalized,2,extraversion,I don't talk a lot.,4.0,4,-1.0,Normalized,linear
452,Stacked_L-1.0_Normalized,3,extraversion,I feel comfortable around people.,3.0,3,-1.0,Normalized,linear
453,Stacked_L-1.0_Normalized,4,extraversion,I keep in the background.,3.0,3,-1.0,Normalized,linear
454,Stacked_L-1.0_Normalized,5,extraversion,I start conversations.,3.0,3,-1.0,Normalized,linear
455,Stacked_L-1.0_Normalized,6,extraversion,I have little to say.,3.0,3,-1.0,Normalized,linear
456,Stacked_L-1.0_Normalized,7,extraversion,I talk to a lot of different people at parties.,3.0,3,-1.0,Normalized,linear
457,Stacked_L-1.0_Normalized,8,extraversion,I don't like to draw attention to myself.,3.0,3,-1.0,Normalized,linear
458,Stacked_L-1.0_Normalized,9,extraversion,I don't mind being the center of attention.,3.0,3,-1.0,Normalized,linear
459,Stacked_L-1.0_Normalized,10,extraversion,I am quiet around strangers.,3.0,3,-1.0,Normalized,linear
460,Stacked_L-1.0_Normalized,11,neuroticism,I get stressed out easily.,3.0,3,-1.0,Normalized,linear
461,Stacked_L-1.0_Normalized,12,neuroticism,I am relaxed most of the time.,3.0,3,-1.0,Normalized,linear
462,Stacked_L-1.0_Normalized,13,neuroticism,I worry about things.,3.0,3,-1.0,Normalized,linear
463,Stacked_L-1.0_Normalized,14,neuroticism,I seldom feel blue.,3.0,3,-1.0,Normalized,linear
464,Stacked_L-1.0_Normalized,15,neuroticism,I am easily disturbed.,3.0,3,-1.0,Normalized,linear
465,Stacked_L-1.0_Normalized,16,neuroticism,I get upset easily.,3.0,3,-1.0,Normalized,linear
466,Stacked_L-1.0_Normalized,17,neuroticism,I change my mood a lot.,3.0,3,-1.0,Normalized,linear
467,Stacked_L-1.0_Normalized,18,neuroticism,I have frequent mood swings.,3.0,3,-1.0,Normalized,linear
468,Stacked_L-1.0_Normalized,19,neuroticism,I get irritated easily.,3.0,3,-1.0,Normalized,linear
469,Stacked_L-1.0_Normalized,20,neuroticism,I often feel blue.,3.0,3,-1.0,Normalized,linear
470,Stacked_L-1.0_Normalized,21,agreeableness,I feel little concern for others.,3.0,3,-1.0,Normalized,linear
471,Stacked_L-1.0_Normalized,22,agreeableness,I am interested in people.,3.0,3,-1.0,Normalized,linear
472,Stacked_L-1.0_Normalized,23,agreeableness,I insult people.,3.0,3,-1.0,Normalized,linear
473,Stacked_L-1.0_Normalized,24,agreeableness,I sympathize with others' feelings.,3.0,3,-1.0,Normalized,linear
474,Stacked_L-1.0_Normalized,25,agreeableness,I am not interested in other people's problems.,3.0,3,-1.0,Normalized,linear
475,Stacked_L-1.0_Normalized,26,agreeableness,I have a soft heart.,3.0,3,-1.0,Normalized,linear
476,Stacked_L-1.0_Normalized,27,agreeableness,I am not really interested in others.,3.0,3,-1.0,Normalized,linear
477,Stacked_L-1.0_Normalized,28,agreeableness,I take time out for others.,3.0,3,-1.0,Normalized,linear
478,Stacked_L-1.0_Normalized,29,agreeableness,I feel others' emotions.,3.0,3,-1.0,Normalized,linear
479,Stacked_L-1.0_Normalized,30,agreeableness,I make people feel at ease.,3.0,3,-1.0,Normalized,linear
480,Stacked_L-1.0_Normalized,31,conscientiousness,I am always prepared.,3.0,3,-1.0,Normalized,linear
481,Stacked_L-1.0_Normalized,32,conscientiousness,I leave my belongings around.,3.0,3,-1.0,Normalized,linear
482,Stacked_L-1.0_Normalized,33,conscientiousness,I pay attention to details.,3.0,3,-1.0,Normalized,linear
483,Stacked_L-1.0_Normalized,34,conscientiousness,I make a mess of things.,3.0,3,-1.0,Normalized,linear
484,Stacked_L-1.0_Normalized,35,conscientiousness,I get chores done right away.,3.0,3,-1.0,Normalized,linear
485,Stacked_L-1.0_Normalized,36,conscientiousness,I often forget to put things back in their proper place.,3.0,3,-1.0,Normalized,linear
486,Stacked_L-1.0_Normalized,37,conscientiousness,I like order.,3.0,3,-1.0,Normalized,linear
487,Stacked_L-1.0_Normalized,38,conscientiousness,I shirk my duties.,3.0,3,-1.0,Normalized,linear
488,Stacked_L-1.0_Normalized,39,conscientiousness,I follow a schedule.,3.0,3,-1.0,Normalized,linear
489,Stacked_L-1.0_Normalized,40,conscientiousness,I am exacting in my work.,3.0,3,-1.0,Normalized,linear
490,Stacked_L-1.0_Normalized,41,openness,I have a rich vocabulary.,3.0,3,-1.0,Normalized,linear
491,Stacked_L-1.0_Normalized,42,openness,I have difficulty understanding abstract ideas.,3.0,3,-1.0,Normalized,linear
492,Stacked_L-1.0_Normalized,43,openness,I have a vivid imagination.,3.0,3,-1.0,Normalized,linear
493,Stacked_L-1.0_Normalized,44,openness,I am not interested in abstract ideas.,3.0,3,-1.0,Normalized,linear
494,Stacked_L-1.0_Normalized,45,openness,I have excellent ideas.,3.0,3,-1.0,Normalized,linear
495,Stacked_L-1.0_Normalized,46,openness,I do not have a good imagination.,3.0,3,-1.0,Normalized,linear
496,Stacked_L-1.0_Normalized,47,openness,I am quick to understand things.,3.0,3,-1.0,Normalized,linear
497,Stacked_L-1.0_Normalized,48,openness,I use difficult words.,3.0,3,-1.0,Normalized,linear
498,Stacked_L-1.0_Normalized,49,openness,I spend time reflecting on things.,3.0,3,-1.0,Normalized,linear
499,Stacked_L-1.0_Normalized,50,openness,I am full of ideas.,3.0,3,-1.0,Normalized,linear
500,Stacked_L-0.5_Addition,1,extraversion,I am the life of the party.,3.0,3,-0.5,Addition,linear
501,Stacked_L-0.5_Addition,2,extraversion,I don't talk a lot.,4.0,4,-0.5,Addition,linear
502,Stacked_L-0.5_Addition,3,extraversion,I feel comfortable around people.,3.0,3,-0.5,Addition,linear
503,Stacked_L-0.5_Addition,4,extraversion,I keep in the background.,3.0,3,-0.5,Addition,linear
504,Stacked_L-0.5_Addition,5,extraversion,I start conversations.,3.0,3,-0.5,Addition,linear
505,Stacked_L-0.5_Addition,6,extraversion,I have little to say.,3.0,3,-0.5,Addition,linear
506,Stacked_L-0.5_Addition,7,extraversion,I talk to a lot of different people at parties.,3.0,3,-0.5,Addition,linear
507,Stacked_L-0.5_Addition,8,extraversion,I don't like to draw attention to myself.,3.0,3,-0.5,Addition,linear
508,Stacked_L-0.5_Addition,9,extraversion,I don't mind being the center of attention.,3.0,3,-0.5,Addition,linear
509,Stacked_L-0.5_Addition,10,extraversion,I am quiet around strangers.,3.0,3,-0.5,Addition,linear
510,Stacked_L-0.5_Addition,11,neuroticism,I get stressed out easily.,3.0,3,-0.5,Addition,linear
511,Stacked_L-0.5_Addition,12,neuroticism,I am relaxed most of the time.,3.0,3,-0.5,Addition,linear
512,Stacked_L-0.5_Addition,13,neuroticism,I worry about things.,3.0,3,-0.5,Addition,linear
513,Stacked_L-0.5_Addition,14,neuroticism,I seldom feel blue.,3.0,3,-0.5,Addition,linear
514,Stacked_L-0.5_Addition,15,neuroticism,I am easily disturbed.,3.0,3,-0.5,Addition,linear
515,Stacked_L-0.5_Addition,16,neuroticism,I get upset easily.,3.0,3,-0.5,Addition,linear
516,Stacked_L-0.5_Addition,17,neuroticism,I change my mood a lot.,3.0,3,-0.5,Addition,linear
517,Stacked_L-0.5_Addition,18,neuroticism,I have frequent mood swings.,3.0,3,-0.5,Addition,linear
518,Stacked_L-0.5_Addition,19,neuroticism,I get irritated easily.,3.0,3,-0.5,Addition,linear
519,Stacked_L-0.5_Addition,20,neuroticism,I often feel blue.,3.0,3,-0.5,Addition,linear
520,Stacked_L-0.5_Addition,21,agreeableness,I feel little concern for others.,3.0,3,-0.5,Addition,linear
521,Stacked_L-0.5_Addition,22,agreeableness,I am interested in people.,3.0,3,-0.5,Addition,linear
522,Stacked_L-0.5_Addition,23,agreeableness,I insult people.,3.0,3,-0.5,Addition,linear
523,Stacked_L-0.5_Addition,24,agreeableness,I sympathize with others' feelings.,3.0,3,-0.5,Addition,linear
524,Stacked_L-0.5_Addition,25,agreeableness,I am not interested in other people's problems.,3.0,3,-0.5,Addition,linear
525,Stacked_L-0.5_Addition,26,agreeableness,I have a soft heart.,3.0,3,-0.5,Addition,linear
526,Stacked_L-0.5_Addition,27,agreeableness,I am not really interested in others.,3.0,3,-0.5,Addition,linear
527,Stacked_L-0.5_Addition,28,agreeableness,I take time out for others.,3.0,3,-0.5,Addition,linear
528,Stacked_L-0.5_Addition,29,agreeableness,I feel others' emotions.,3.0,3,-0.5,Addition,linear
529,Stacked_L-0.5_Addition,30,agreeableness,I make people feel at ease.,3.0,3,-0.5,Addition,linear
530,Stacked_L-0.5_Addition,31,conscientiousness,I am always prepared.,3.0,3,-0.5,Addition,linear
531,Stacked_L-0.5_Addition,32,conscientiousness,I leave my belongings around.,3.0,3,-0.5,Addition,linear
532,Stacked_L-0.5_Addition,33,conscientiousness,I pay attention to details.,3.0,3,-0.5,Addition,linear
533,Stacked_L-0.5_Addition,34,conscientiousness,I make a mess of things.,3.0,3,-0.5,Addition,linear
534,Stacked_L-0.5_Addition,35,conscientiousness,I get chores done right away.,3.0,3,-0.5,Addition,linear
535,Stacked_L-0.5_Addition,36,conscientiousness,I often forget to put things back in their proper place.,3.0,3,-0.5,Addition,linear
536,Stacked_L-0.5_Addition,37,conscientiousness,I like order.,3.0,3,-0.5,Addition,linear
537,Stacked_L-0.5_Addition,38,conscientiousness,I shirk my duties.,3.0,3,-0.5,Addition,linear
538,Stacked_L-0.5_Addition,39,conscientiousness,I follow a schedule.,3.0,3,-0.5,Addition,linear
539,Stacked_L-0.5_Addition,40,conscientiousness,I am exacting in my work.,3.0,3,-0.5,Addition,linear
540,Stacked_L-0.5_Addition,41,openness,I have a rich vocabulary.,3.0,3,-0.5,Addition,linear
541,Stacked_L-0.5_Addition,42,openness,I have difficulty understanding abstract ideas.,3.0,3,-0.5,Addition,linear
542,Stacked_L-0.5_Addition,43,openness,I have a vivid imagination.,3.0,3,-0.5,Addition,linear
543,Stacked_L-0.5_Addition,44,openness,I am not interested in abstract ideas.,3.0,3,-0.5,Addition,linear
544,Stacked_L-0.5_Addition,45,openness,I have excellent ideas.,3.0,3,-0.5,Addition,linear
545,Stacked_L-0.5_Addition,46,openness,I do not have a good imagination.,3.0,3,-0.5,Addition,linear
546,Stacked_L-0.5_Addition,47,openness,I am quick to understand things.,3.0,3,-0.5,Addition,linear
547,Stacked_L-0.5_Addition,48,openness,I use difficult words.,3.0,3,-0.5,Addition,linear
548,Stacked_L-0.5_Addition,49,openness,I spend time reflecting on things.,3.0,3,-0.5,Addition,linear
549,Stacked_L-0.5_Addition,50,openness,I am full of ideas.,3.0,3,-0.5,Addition,linear
550,Stacked_L-0.5_Normalized,1,extraversion,I am the life of the party.,3.0,3,-0.5,Normalized,linear
551,Stacked_L-0.5_Normalized,2,extraversion,I don't talk a lot.,3.0,3,-0.5,Normalized,linear
552,Stacked_L-0.5_Normalized,3,extraversion,I feel comfortable around people.,3.0,3,-0.5,Normalized,linear
553,Stacked_L-0.5_Normalized,4,extraversion,I keep in the background.,3.0,3,-0.5,Normalized,linear
554,Stacked_L-0.5_Normalized,5,extraversion,I start conversations.,3.0,3,-0.5,Normalized,linear
555,Stacked_L-0.5_Normalized,6,extraversion,I have little to say.,3.0,3,-0.5,Normalized,linear
556,Stacked_L-0.5_Normalized,7,extraversion,I talk to a lot of different people at parties.,3.0,3,-0.5,Normalized,linear
557,Stacked_L-0.5_Normalized,8,extraversion,I don't like to draw attention to myself.,3.0,3,-0.5,Normalized,linear
558,Stacked_L-0.5_Normalized,9,extraversion,I don't mind being the center of attention.,3.0,3,-0.5,Normalized,linear
559,Stacked_L-0.5_Normalized,10,extraversion,I am quiet around strangers.,3.0,3,-0.5,Normalized,linear
560,Stacked_L-0.5_Normalized,11,neuroticism,I get stressed out easily.,3.0,3,-0.5,Normalized,linear
561,Stacked_L-0.5_Normalized,12,neuroticism,I am relaxed most of the time.,3.0,3,-0.5,Normalized,linear
562,Stacked_L-0.5_Normalized,13,neuroticism,I worry about things.,3.0,3,-0.5,Normalized,linear
563,Stacked_L-0.5_Normalized,14,neuroticism,I seldom feel blue.,3.0,3,-0.5,Normalized,linear
564,Stacked_L-0.5_Normalized,15,neuroticism,I am easily disturbed.,3.0,3,-0.5,Normalized,linear
565,Stacked_L-0.5_Normalized,16,neuroticism,I get upset easily.,3.0,3,-0.5,Normalized,linear
566,Stacked_L-0.5_Normalized,17,neuroticism,I change my mood a lot.,3.0,3,-0.5,Normalized,linear
567,Stacked_L-0.5_Normalized,18,neuroticism,I have frequent mood swings.,3.0,3,-0.5,Normalized,linear
568,Stacked_L-0.5_Normalized,19,neuroticism,I get irritated easily.,3.0,3,-0.5,Normalized,linear
569,Stacked_L-0.5_Normalized,20,neuroticism,I often feel blue.,3.0,3,-0.5,Normalized,linear
570,Stacked_L-0.5_Normalized,21,agreeableness,I feel little concern for others.,3.0,3,-0.5,Normalized,linear
571,Stacked_L-0.5_Normalized,22,agreeableness,I am interested in people.,3.0,3,-0.5,Normalized,linear
572,Stacked_L-0.5_Normalized,23,agreeableness,I insult people.,3.0,3,-0.5,Normalized,linear
573,Stacked_L-0.5_Normalized,24,agreeableness,I sympathize with others' feelings.,3.0,3,-0.5,Normalized,linear
574,Stacked_L-0.5_Normalized,25,agreeableness,I am not interested in other people's problems.,3.0,3,-0.5,Normalized,linear
575,Stacked_L-0.5_Normalized,26,agreeableness,I have a soft heart.,3.0,3,-0.5,Normalized,linear
576,Stacked_L-0.5_Normalized,27,agreeableness,I am not really interested in others.,3.0,3,-0.5,Normalized,linear
577,Stacked_L-0.5_Normalized,28,agreeableness,I take time out for others.,3.0,3,-0.5,Normalized,linear
578,Stacked_L-0.5_Normalized,29,agreeableness,I feel others' emotions.,3.0,3,-0.5,Normalized,linear
579,Stacked_L-0.5_Normalized,30,agreeableness,I make people feel at ease.,3.0,3,-0.5,Normalized,linear
580,Stacked_L-0.5_Normalized,31,conscientiousness,I am always prepared.,3.0,3,-0.5,Normalized,linear
581,Stacked_L-0.5_Normalized,32,conscientiousness,I leave my belongings around.,3.0,3,-0.5,Normalized,linear
582,Stacked_L-0.5_Normalized,33,conscientiousness,I pay attention to details.,3.0,3,-0.5,Normalized,linear
583,Stacked_L-0.5_Normalized,34,conscientiousness,I make a mess of things.,3.0,3,-0.5,Normalized,linear
584,Stacked_L-0.5_Normalized,35,conscientiousness,I get chores done right away.,3.0,3,-0.5,Normalized,linear
585,Stacked_L-0.5_Normalized,36,conscientiousness,I often forget to put things back in their proper place.,3.0,3,-0.5,Normalized,linear
586,Stacked_L-0.5_Normalized,37,conscientiousness,I like order.,3.0,3,-0.5,Normalized,linear
587,Stacked_L-0.5_Normalized,38,conscientiousness,I shirk my duties.,3.0,3,-0.5,Normalized,linear
588,Stacked_L-0.5_Normalized,39,conscientiousness,I follow a schedule.,3.0,3,-0.5,Normalized,linear
589,Stacked_L-0.5_Normalized,40,conscientiousness,I am exacting in my work.,3.0,3,-0.5,Normalized,linear
590,Stacked_L-0.5_Normalized,41,openness,I have a rich vocabulary.,3.0,3,-0.5,Normalized,linear
591,Stacked_L-0.5_Normalized,42,openness,I have difficulty understanding abstract ideas.,3.0,3,-0.5,Normalized,linear
592,Stacked_L-0.5_Normalized,43,openness,I have a vivid imagination.,3.0,3,-0.5,Normalized,linear
593,Stacked_L-0.5_Normalized,44,openness,I am not interested in abstract ideas.,3.0,3,-0.5,Normalized,linear
594,Stacked_L-0.5_Normalized,45,openness,I have excellent ideas.,3.0,3,-0.5,Normalized,linear
595,Stacked_L-0.5_Normalized,46,openness,I do not have a good imagination.,3.0,3,-0.5,Normalized,linear
596,Stacked_L-0.5_Normalized,47,openness,I am quick to understand things.,3.0,3,-0.5,Normalized,linear
597,Stacked_L-0.5_Normalized,48,openness,I use difficult words.,3.0,3,-0.5,Normalized,linear
598,Stacked_L-0.5_Normalized,49,openness,I spend time reflecting on things.,3.0,3,-0.5,Normalized,linear
599,Stacked_L-0.5_Normalized,50,openness,I am full of ideas.,3.0,3,-0.5,Normalized,linear
